gene	role	n_measurements	wu2025_dp_overlap
B2M	resister	18	NO
JAK1	resister	16	NO
JAK2	resister	16	NO
STAT1	resister	15	NO
HLA-A	resister	13	NO
IFNGR1	resister	13	NO
IFNGR2	resister	12	YES
TNFRSF1A	resister	12	YES
TAP1	resister	10	NO
TAP2	resister	10	NO
CASP8	resister	9	NO
TAPBP	resister	9	NO
MEN1	resister	8	YES
FADD	resister	7	NO
NF2	resister	7	NO
ADO	resister	6	NO
AXIN1	resister	6	NO
CALR	resister	6	NO
FAS	resister	6	YES
FBXW7	resister	6	NO
IFNAR1	resister	6	NO
KHDRBS1	resister	6	NO
KMT2A	resister	6	NO
MOGS	resister	6	NO
STAT2	resister	6	NO
TNFRSF1B	resister	6	NO
UBR5	resister	6	YES
WDR24	resister	6	NO
ARID2	resister	5	NO
DOT1L	resister	5	YES
EP300	resister	5	NO
ERP44	resister	5	NO
ICAM1	resister	5	NO
IFNAR2	resister	5	NO
IRF1	resister	5	NO
IRF2	resister	5	NO
NLRC5	resister	5	NO
PDIA3	resister	5	YES
TRADD	resister	5	NO
UBE2G2	resister	5	NO
UBE2J1	resister	5	NO
USP22	resister	5	NO
BRPF1	resister	4	NO
CD58	resister	4	NO
CHD8	resister	4	YES
DECR2	resister	4	NO
DERL2	resister	4	NO
DET1	resister	4	NO
DYRK1A	resister	4	NO
EHMT1	resister	4	YES
ELOF1	resister	4	NO
ERAP1	resister	4	NO
HMGB1	resister	4	NO
KAT6A	resister	4	NO
KCTD5	resister	4	NO
MLST8	resister	4	NO
MRGBP	resister	4	NO
MSRB1	resister	4	NO
MTOR	resister	4	NO
NAA30	resister	4	NO
NXT1	resister	4	NO
PDCD10	resister	4	NO
QKI	resister	4	NO
RBM15	resister	4	NO
REST	resister	4	YES
RFXANK	resister	4	NO
SEL1L	resister	4	YES
SMG7	resister	4	NO
SMG9	resister	4	NO
SPATA2	resister	4	NO
STK38	resister	4	NO
SYTL3	resister	4	NO
SYVN1	resister	4	YES
TADA1	resister	4	NO
TAF5L	resister	4	NO
TRIM28	resister	4	YES
USP24	resister	4	NO
VHL	resister	4	NO
WDR20	resister	4	YES
WDR48	resister	4	NO
ZCCHC14	resister	4	NO
ACAD9	resister	3	NO
ACTL6A	resister	3	NO
AJUBA	resister	3	NO
ALAS1	resister	3	YES
APC	resister	3	YES
ARHGAP35	resister	3	YES
ATXN7L3	resister	3	NO
BCL10	resister	3	NO
CARM1	resister	3	YES
CCNC	resister	3	YES
CDK12	resister	3	NO
CHUK	resister	3	NO
CMIP	resister	3	NO
CREBBP	resister	3	NO
CYB5R4	resister	3	NO
CYLD	resister	3	NO
DDX1	resister	3	NO
E4F1	resister	3	YES
EIF2AK2	resister	3	YES
EIF3H	resister	3	NO
EIF3L	resister	3	NO
ELAVL1	resister	3	NO
FBXO11	resister	3	NO
FLCN	resister	3	NO
GCN1L1	resister	3	NO
GPI	resister	3	YES
GTPBP3	resister	3	NO
HCFC2	resister	3	NO
HDGFRP2	resister	3	NO
HMBS	resister	3	YES
HNRNPA2B1	resister	3	NO
HUWE1	resister	3	NO
INTS12	resister	3	NO
IRF9	resister	3	NO
KDM4A	resister	3	YES
KIRREL	resister	3	NO
KMT2E	resister	3	NO
LAMTOR1	resister	3	NO
LAMTOR2	resister	3	NO
LAMTOR5	resister	3	NO
MAP4K4	resister	3	NO
MTF1	resister	3	NO
MYC	resister	3	NO
NDUFA13	resister	3	YES
NF1	resister	3	NO
NFE2L2	resister	3	NO
NFKB2	resister	3	NO
NIFK	resister	3	NO
NPLOC4	resister	3	NO
PBRM1	resister	3	NO
PGP	resister	3	NO
PI4KB	resister	3	NO
PPIL1	resister	3	NO
PPP6C	resister	3	YES
PRDM4	resister	3	YES
PRMT7	resister	3	NO
PSMB9	resister	3	NO
RCE1	resister	3	NO
RCOR1	resister	3	NO
RIPK1	resister	3	NO
RPLP0	resister	3	NO
RPSA	resister	3	NO
RRAGA	resister	3	NO
RRP12	resister	3	NO
RUNX2	resister	3	NO
SETD2	resister	3	NO
SHMT2	resister	3	NO
SLC4A7	resister	3	NO
SMARCB1	resister	3	NO
SMG8	resister	3	NO
SP1	resister	3	NO
SPRED1	resister	3	NO
SRPK1	resister	3	NO
SRSF7	resister	3	NO
STK40	resister	3	NO
SWI5	resister	3	YES
TADA2B	resister	3	NO
TAZ	resister	3	NO
TCEB3	resister	3	NO
TMED10	resister	3	NO
TNIK	resister	3	NO
TRAF3	resister	3	YES
TRMU	resister	3	NO
TYK2	resister	3	NO
UNKL	resister	3	NO
ABCC2	resister	2	YES
ABHD16A	resister	2	NO
ACTR6	resister	2	NO
ACVR1B	resister	2	NO
ACY1	resister	2	YES
AFF4	resister	2	NO
AGO4	resister	2	NO
AKT1	resister	2	NO
ALAD	resister	2	NO
ALG12	resister	2	NO
ALG3	resister	2	NO
ALG6	resister	2	NO
AMD1	resister	2	NO
AP1G1	resister	2	NO
AP2S1	resister	2	YES
ARID3B	resister	2	NO
ASH1L	resister	2	NO
ASH2L	resister	2	NO
ATE1	resister	2	NO
ATF1	resister	2	YES
ATIC	resister	2	NO
ATP5J	resister	2	NO
ATP6V0C	resister	2	NO
AUP1	resister	2	NO
AURKB	resister	2	NO
B3GALT4	resister	2	NO
BAIAP3	resister	2	NO
BAP1	resister	2	NO
BAX	resister	2	YES
BAZ1A	resister	2	NO
BBX	resister	2	NO
BOLA3	resister	2	YES
BRAF	resister	2	NO
BRAP	resister	2	NO
BSG	resister	2	YES
BTRC	resister	2	NO
C16orf13	resister	2	NO
C16orf72	resister	2	NO
C3orf17	resister	2	NO
C4A	resister	2	NO
C4B	resister	2	NO
C6orf136	resister	2	NO
CAPN15	resister	2	NO
CASP3	resister	2	NO
CBFB	resister	2	NO
CBLL1	resister	2	NO
CBX1	resister	2	NO
CCDC17	resister	2	YES
CCNF	resister	2	NO
CCNT1	resister	2	NO
CDC73	resister	2	NO
CDK5	resister	2	NO
CDK7	resister	2	YES
CDKN1A	resister	2	YES
CDT1	resister	2	YES
CHCHD5	resister	2	NO
CHD1	resister	2	NO
CHRAC1	resister	2	YES
CIC	resister	2	YES
CLK3	resister	2	NO
CNBP	resister	2	NO
CNEP1R1	resister	2	NO
CNOT11	resister	2	NO
COCH	resister	2	NO
COQ7	resister	2	NO
COX18	resister	2	NO
CRYAA	resister	2	NO
CS	resister	2	NO
CSDE1	resister	2	NO
CSNK2B	resister	2	NO
CSTF1	resister	2	NO
CTCF	resister	2	NO
CTDNEP1	resister	2	NO
CUL3	resister	2	NO
CWC27	resister	2	NO
CXCL1	resister	2	NO
CXCR4	resister	2	NO
CXXC1	resister	2	NO
CYTH3	resister	2	NO
DAPK3	resister	2	YES
DDX42	resister	2	NO
DEK	resister	2	NO
DENR	resister	2	NO
DHX29	resister	2	NO
DIMT1	resister	2	NO
DNAJC9	resister	2	YES
DNASE1L2	resister	2	YES
DNLZ	resister	2	YES
DNMT1	resister	2	NO
DNTTIP1	resister	2	NO
DOHH	resister	2	YES
DPH5	resister	2	NO
DUSP5	resister	2	YES
DUSP6	resister	2	NO
E2F8	resister	2	NO
EDEM3	resister	2	NO
EIF1AX	resister	2	NO
EIF2S1	resister	2	NO
EIF3K	resister	2	YES
EIF4A1	resister	2	NO
EIF4A3	resister	2	NO
EIF4E	resister	2	NO
EIF4G2	resister	2	NO
ELF3	resister	2	NO
ELF4	resister	2	NO
EML1	resister	2	YES
EXTL3	resister	2	YES
F10	resister	2	YES
FAM111A	resister	2	NO
FAM120B	resister	2	NO
FAM49B	resister	2	YES
FARSA	resister	2	NO
FBXW8	resister	2	YES
FGF4	resister	2	NO
FGFR1OP	resister	2	NO
FIBP	resister	2	YES
FOS	resister	2	NO
FOXO3	resister	2	NO
FPGS	resister	2	YES
FRYL	resister	2	NO
GABPA	resister	2	NO
GANAB	resister	2	NO
GHSR	resister	2	NO
GLO1	resister	2	NO
GNB1L	resister	2	NO
GNPTAB	resister	2	YES
GPR31	resister	2	NO
GRSF1	resister	2	NO
GSX2	resister	2	NO
GTF3C4	resister	2	NO
GTPBP4	resister	2	YES
H2AFZ	resister	2	NO
HAS1	resister	2	NO
HCFC1	resister	2	NO
HCFC1R1	resister	2	NO
HDAC3	resister	2	YES
HECTD1	resister	2	NO
HIST1H2BO	resister	2	NO
HK2	resister	2	NO
HLA-B	resister	2	NO
HLA-F	resister	2	NO
HNRNPAB	resister	2	YES
HSD17B10	resister	2	NO
HSD17B12	resister	2	NO
IFNA16	resister	2	YES
INO80	resister	2	NO
INTS5	resister	2	YES
INTS6	resister	2	NO
ITGB1	resister	2	YES
IWS1	resister	2	NO
JMJD6	resister	2	NO
KANSL1	resister	2	NO
KAT7	resister	2	NO
KDELR2	resister	2	NO
KDM1A	resister	2	NO
KDM8	resister	2	NO
KEAP1	resister	2	NO
KHSRP	resister	2	NO
KLF2	resister	2	NO
KLHL9	resister	2	YES
KMT2B	resister	2	YES
KREMEN2	resister	2	NO
LAIR1	resister	2	YES
LAMTOR3	resister	2	NO
LAMTOR4	resister	2	NO
LENG8	resister	2	YES
LILRA1	resister	2	YES
LMX1B	resister	2	YES
LNX1	resister	2	NO
LOC102724652	resister	2	NO
LRG1	resister	2	NO
LRRC8A	resister	2	YES
LUC7L	resister	2	NO
LYRM9	resister	2	NO
LZTR1	resister	2	NO
MAK16	resister	2	NO
MAPK14	resister	2	NO
MAPK8IP3	resister	2	NO
MAPKAP1	resister	2	YES
MATR3	resister	2	YES
MBNL1	resister	2	NO
MEAF6	resister	2	NO
MED12	resister	2	NO
MED24	resister	2	NO
METRN	resister	2	NO
MLANA	resister	2	YES
MLLT1	resister	2	YES
MRPS21	resister	2	NO
MSL3	resister	2	NO
MTO1	resister	2	NO
MYF6	resister	2	NO
MYH1	resister	2	NO
NBAS	resister	2	NO
NDC1	resister	2	NO
NDUFA10	resister	2	NO
NDUFA8	resister	2	YES
NDUFAF5	resister	2	NO
NDUFAF6	resister	2	YES
NDUFB7	resister	2	YES
NDUFS6	resister	2	NO
NDUFS8	resister	2	NO
NDUFV1	resister	2	YES
NDUFV2	resister	2	NO
NEK2	resister	2	NO
NELFE	resister	2	NO
NFIL3	resister	2	NO
NHLRC4	resister	2	YES
NMT1	resister	2	NO
NONO	resister	2	NO
NOTCH3	resister	2	NO
NRBP1	resister	2	NO
NUDT21	resister	2	NO
NUP188	resister	2	YES
NUP214	resister	2	YES
NUP93	resister	2	NO
OR10H3	resister	2	YES
OXSM	resister	2	NO
PAN2	resister	2	NO
PAPD5	resister	2	NO
PAPD7	resister	2	NO
PDAP1	resister	2	NO
PDSS2	resister	2	NO
PFN1	resister	2	NO
PHF1	resister	2	NO
PHF8	resister	2	NO
PIH1D1	resister	2	NO
PIK3CA	resister	2	NO
PLIN4	resister	2	YES
PMAIP1	resister	2	NO
PPP2R3C	resister	2	NO
PPP2R4	resister	2	YES
PPP4C	resister	2	NO
PPP6R3	resister	2	NO
PPRC1	resister	2	NO
PRDX1	resister	2	NO
PRKCSH	resister	2	NO
PSMA6	resister	2	NO
PSMB5	resister	2	NO
PSME1	resister	2	YES
PTEN	resister	2	NO
RAB40C	resister	2	NO
RAD51	resister	2	NO
RAD54L2	resister	2	NO
RBBP4	resister	2	NO
RBM18	resister	2	NO
RBM22	resister	2	YES
RECQL4	resister	2	YES
RELB	resister	2	YES
RFWD2	resister	2	NO
RGPD1	resister	2	NO
RGPD2	resister	2	NO
RGPD3	resister	2	NO
RGPD4	resister	2	NO
RGPD5	resister	2	NO
RGPD6	resister	2	NO
RGPD8	resister	2	NO
RHBDL1	resister	2	NO
RHEB	resister	2	NO
RHOT2	resister	2	NO
RING1	resister	2	NO
RNF146	resister	2	NO
RNF220	resister	2	NO
RNF41	resister	2	NO
RPAP2	resister	2	NO
RPL10A	resister	2	NO
RPL13	resister	2	NO
RPL3L	resister	2	NO
RPL7L1	resister	2	NO
RPL8	resister	2	YES
RPS10	resister	2	NO
RPS11	resister	2	NO
RPS19	resister	2	NO
RPS2	resister	2	NO
RPS29	resister	2	NO
RPS6KA3	resister	2	NO
RPS6KB1	resister	2	NO
RRAGC	resister	2	NO
SAFB	resister	2	NO
SCAF8	resister	2	NO
SDHA	resister	2	NO
SEC31A	resister	2	NO
SEMA6B	resister	2	NO
SERAC1	resister	2	NO
SHFM1	resister	2	NO
SIRT1	resister	2	YES
SLC24A4	resister	2	NO
SLC25A20	resister	2	YES
SLC25A3	resister	2	YES
SLC25A32	resister	2	YES
SLC25A51	resister	2	NO
SLC30A1	resister	2	NO
SLC35B2	resister	2	NO
SLC39A9	resister	2	NO
SMS	resister	2	NO
SNAPC3	resister	2	NO
SOD2	resister	2	NO
SOX4	resister	2	NO
SOX8	resister	2	YES
SP3	resister	2	NO
SPEN	resister	2	NO
SPPL3	resister	2	NO
STYXL1	resister	2	NO
SUPT16H	resister	2	YES
SUPV3L1	resister	2	YES
SUV39H1	resister	2	NO
SYNGR3	resister	2	NO
TAF8	resister	2	NO
TAOK1	resister	2	NO
TAPBPL	resister	2	NO
TATDN2	resister	2	NO
TBPL1	resister	2	NO
TCF23	resister	2	NO
TCP11	resister	2	NO
TFRC	resister	2	NO
TGFB1	resister	2	YES
TGIF1	resister	2	NO
THOC6	resister	2	NO
TMED2	resister	2	YES
TMEM181	resister	2	YES
TNPO1	resister	2	NO
TRAF1	resister	2	NO
TRAFD1	resister	2	YES
TSC2	resister	2	NO
TUBA1C	resister	2	NO
TWISTNB	resister	2	NO
TXNRD2	resister	2	NO
TYROBP	resister	2	YES
UBA52	resister	2	YES
UBE2R2	resister	2	NO
UBE2S	resister	2	NO
UPF2	resister	2	YES
USP10	resister	2	NO
USP7	resister	2	NO
USP9X	resister	2	NO
VCAM1	resister	2	NO
VPS72	resister	2	NO
VRK1	resister	2	NO
WAC	resister	2	NO
WDR33	resister	2	NO
WDR55	resister	2	YES
WDR59	resister	2	NO
WDR83	resister	2	NO
WNK1	resister	2	YES
WWP1	resister	2	NO
YTHDC1	resister	2	NO
ZBTB22	resister	2	NO
ZBTB7A	resister	2	YES
ZEB2	resister	2	NO
ZMYND8	resister	2	NO
ZNF146	resister	2	YES
ZNF561	resister	2	YES
ZNF592	resister	2	NO
hsa-mir-6891	resister	2	NO
9-Sep	resister	1	NO
A3GALT2	resister	1	NO
A4GNT	resister	1	NO
AAAS	resister	1	NO
AADACL3	resister	1	NO
AAGAB	resister	1	NO
AASS	resister	1	NO
AATF	resister	1	NO
ABCB7	resister	1	NO
ABCC9	resister	1	NO
ABCF1	resister	1	NO
ABCF2	resister	1	NO
ABHD8	resister	1	NO
ABL1	resister	1	NO
ACACA	resister	1	NO
ACACB	resister	1	NO
ACAT2	resister	1	NO
ACKR2	resister	1	NO
ACOT1	resister	1	NO
ACOT6	resister	1	NO
ACP5	resister	1	NO
ACSBG2	resister	1	NO
ACSF3	resister	1	NO
ACSM5	resister	1	NO
ACTB	resister	1	NO
ACTC1	resister	1	NO
ACTG1	resister	1	NO
ACTR1B	resister	1	NO
ACY3	resister	1	NO
ADAM11	resister	1	NO
ADAMTS13	resister	1	NO
ADAMTS17	resister	1	NO
ADAMTS18	resister	1	NO
ADK	resister	1	NO
ADM5	resister	1	NO
ADRA2A	resister	1	NO
ADRBK1	resister	1	NO
AEN	resister	1	NO
AFAP1	resister	1	NO
AFF1	resister	1	NO
AGA	resister	1	NO
AGAP1	resister	1	NO
AGAP6	resister	1	NO
AGGF1	resister	1	NO
AGO2	resister	1	NO
AGPS	resister	1	NO
AGXT	resister	1	NO
AHCTF1	resister	1	NO
AHDC1	resister	1	NO
AHSP	resister	1	NO
AIDA	resister	1	NO
AIF1	resister	1	NO
AIF1L	resister	1	NO
AK2	resister	1	NO
AK3	resister	1	NO
AK6	resister	1	NO
AKT3	resister	1	NO
ALB	resister	1	NO
ALDH3B2	resister	1	NO
ALDH7A1	resister	1	NO
ALDOA	resister	1	NO
ALDOC	resister	1	NO
ALG10	resister	1	NO
ALG10B	resister	1	NO
ALG5	resister	1	NO
ALG8	resister	1	NO
ALG9	resister	1	NO
ALK	resister	1	NO
ALKBH7	resister	1	NO
ALKBH8	resister	1	NO
ALOX12	resister	1	NO
AMACR	resister	1	NO
AMBP	resister	1	NO
AMDHD2	resister	1	NO
AMER1	resister	1	NO
AMH	resister	1	NO
AMOT	resister	1	NO
AMOTL2	resister	1	NO
AMZ2	resister	1	NO
ANAPC4	resister	1	NO
ANG	resister	1	NO
ANGPTL3	resister	1	NO
ANGPTL4	resister	1	NO
ANKHD1-EIF4EBP3	resister	1	NO
ANKLE2	resister	1	NO
ANKRD11	resister	1	NO
ANKRD17	resister	1	NO
ANKRD24	resister	1	NO
ANKRD30B	resister	1	NO
ANKRD36	resister	1	NO
ANKRD44	resister	1	NO
ANKRD49	resister	1	NO
ANKRD6	resister	1	NO
ANKS3	resister	1	NO
ANO1	resister	1	NO
ANO8	resister	1	NO
ANP32E	resister	1	NO
ANXA5	resister	1	NO
AOAH	resister	1	NO
AP1S3	resister	1	NO
AP2A1	resister	1	NO
AP2M1	resister	1	NO
AP5B1	resister	1	NO
AP5Z1	resister	1	NO
APCS	resister	1	NO
APEX1	resister	1	NO
APH1A	resister	1	NO
APLNR	resister	1	NO
APMAP	resister	1	NO
APOB	resister	1	NO
APOBEC2	resister	1	NO
APOC2	resister	1	NO
APOE	resister	1	NO
APOL6	resister	1	NO
APOO	resister	1	NO
AQP3	resister	1	NO
AREL1	resister	1	NO
ARF6	resister	1	NO
ARFGEF1	resister	1	NO
ARHGAP11B	resister	1	NO
ARHGAP21	resister	1	NO
ARHGAP22	resister	1	NO
ARHGAP36	resister	1	NO
ARHGAP5	resister	1	NO
ARHGDIG	resister	1	NO
ARHGEF18	resister	1	NO
ARID1A	resister	1	NO
ARID1B	resister	1	NO
ARIH1	resister	1	NO
ARRDC3	resister	1	NO
ARSK	resister	1	NO
ASB16	resister	1	NO
ASB6	resister	1	NO
ASB7	resister	1	NO
ASPDH	resister	1	NO
ASUN	resister	1	NO
ASXL2	resister	1	NO
ATAD3A	resister	1	NO
ATF4	resister	1	NO
ATL2	resister	1	NO
ATP10A	resister	1	NO
ATP11B	resister	1	NO
ATP2A1	resister	1	NO
ATP2B1	resister	1	NO
ATP2C1	resister	1	NO
ATP5A1	resister	1	NO
ATP5F1	resister	1	NO
ATP5SL	resister	1	NO
ATP6V0E1	resister	1	NO
ATP6V1G3	resister	1	NO
ATPAF2	resister	1	NO
ATR	resister	1	NO
ATRAID	resister	1	NO
ATRX	resister	1	NO
ATXN2L	resister	1	NO
ATXN7L2	resister	1	NO
AURKA	resister	1	NO
AVEN	resister	1	NO
AVPR2	resister	1	NO
AXIN2	resister	1	NO
AXL	resister	1	NO
B3GAT3	resister	1	NO
BAIAP2	resister	1	NO
BANK1	resister	1	NO
BARHL2	resister	1	NO
BAZ1B	resister	1	NO
BCCIP	resister	1	NO
BCL2L12	resister	1	NO
BCOR	resister	1	NO
BCORL1	resister	1	NO
BDP1	resister	1	NO
BECN1	resister	1	NO
BEND3	resister	1	NO
BID	resister	1	NO
BLCAP	resister	1	NO
BMP2	resister	1	NO
BMP8A	resister	1	NO
BNC2	resister	1	NO
BNIP1	resister	1	NO
BNIP2	resister	1	NO
BPIFC	resister	1	NO
BPTF	resister	1	NO
BRD1	resister	1	NO
BRD2	resister	1	NO
BRD4	resister	1	NO
BRD7	resister	1	NO
BRD8	resister	1	NO
BRD9	resister	1	NO
BRF2	resister	1	NO
BRMS1L	resister	1	NO
BTBD6	resister	1	NO
BTBD8	resister	1	NO
BTBD9	resister	1	NO
BTG1	resister	1	NO
BTG3	resister	1	NO
C10orf76	resister	1	NO
C10orf82	resister	1	NO
C11orf21	resister	1	NO
C11orf73	resister	1	NO
C11orf74	resister	1	NO
C11orf85	resister	1	NO
C12orf56	resister	1	NO
C12orf65	resister	1	NO
C14orf180	resister	1	NO
C15orf40	resister	1	NO
C15orf41	resister	1	NO
C15orf54	resister	1	NO
C16orf3	resister	1	NO
C16orf58	resister	1	NO
C16orf59	resister	1	NO
C16orf86	resister	1	NO
C17orf89	resister	1	NO
C19orf45	resister	1	NO
C19orf47	resister	1	NO
C1GALT1	resister	1	NO
C1GALT1C1	resister	1	NO
C1orf35	resister	1	NO
C20orf194	resister	1	NO
C20orf196	resister	1	NO
C21orf59	resister	1	NO
C22orf43	resister	1	NO
C22orf46	resister	1	NO
C2CD4A	resister	1	NO
C5orf47	resister	1	NO
C5orf52	resister	1	NO
C5orf54	resister	1	NO
C6orf1	resister	1	NO
C6orf106	resister	1	NO
C6orf118	resister	1	NO
C6orf120	resister	1	NO
C6orf15	resister	1	NO
C6orf25	resister	1	NO
C6orf52	resister	1	NO
C6orf62	resister	1	NO
C6orf89	resister	1	NO
C7orf31	resister	1	NO
C8orf44	resister	1	NO
C8orf59	resister	1	NO
C9orf123	resister	1	NO
C9orf153	resister	1	NO
C9orf57	resister	1	NO
C9orf78	resister	1	NO
C9orf92	resister	1	NO
CA1	resister	1	NO
CA12	resister	1	NO
CA9	resister	1	NO
CAB39	resister	1	NO
CACNA1H	resister	1	NO
CACTIN	resister	1	NO
CACYBP	resister	1	NO
CALCRL	resister	1	NO
CALHM2	resister	1	NO
CALN1	resister	1	NO
CANT1	resister	1	NO
CAP1	resister	1	NO
CAPN11	resister	1	NO
CAPN8	resister	1	NO
CAPZA3	resister	1	NO
CARD16	resister	1	NO
CARS	resister	1	NO
CARS2	resister	1	NO
CASC3	resister	1	NO
CASP2	resister	1	NO
CASP7	resister	1	NO
CATSPERG	resister	1	NO
CBWD1	resister	1	NO
CBX4	resister	1	NO
CBX6	resister	1	NO
CCAR1	resister	1	NO
CCDC101	resister	1	NO
CCDC151	resister	1	NO
CCDC173	resister	1	NO
CCDC28A	resister	1	NO
CCDC34	resister	1	NO
CCDC42B	resister	1	NO
CCDC53	resister	1	NO
CCDC77	resister	1	NO
CCDC93	resister	1	NO
CCHCR1	resister	1	NO
CCKAR	resister	1	NO
CCL23	resister	1	NO
CCL24	resister	1	NO
CCL25	resister	1	NO
CCL27	resister	1	NO
CCNB3	resister	1	NO
CCND1	resister	1	NO
CCNDBP1	resister	1	NO
CCNE1	resister	1	NO
CCNH	resister	1	NO
CCNL1	resister	1	NO
CCP110	resister	1	NO
CCRL2	resister	1	NO
CCT3	resister	1	NO
CCZ1	resister	1	NO
CD14	resister	1	NO
CD22	resister	1	NO
CD274	resister	1	NO
CD2AP	resister	1	NO
CD33	resister	1	NO
CD37	resister	1	NO
CD3D	resister	1	NO
CD4	resister	1	NO
CD47	resister	1	NO
CD69	resister	1	NO
CD70	resister	1	NO
CD79A	resister	1	NO
CD80	resister	1	NO
CDC123	resister	1	NO
CDC14B	resister	1	NO
CDC34	resister	1	NO
CDC37	resister	1	NO
CDC42EP4	resister	1	NO
CDC42EP5	resister	1	NO
CDC45	resister	1	NO
CDC5L	resister	1	NO
CDC7	resister	1	NO
CDCA2	resister	1	NO
CDCA3	resister	1	NO
CDCA5	resister	1	NO
CDCP2	resister	1	NO
CDH1	resister	1	NO
CDH19	resister	1	NO
CDH3	resister	1	NO
CDHR1	resister	1	NO
CDIPT	resister	1	NO
CDK11B	resister	1	NO
CDK20	resister	1	NO
CDK3	resister	1	NO
CDK6	resister	1	NO
CDK8	resister	1	NO
CDK9	resister	1	NO
CDKN1B	resister	1	NO
CDKN2A	resister	1	NO
CDKN2AIP	resister	1	NO
CDKN2C	resister	1	NO
CDX2	resister	1	NO
CDYL	resister	1	NO
CEACAM1	resister	1	NO
CEACAM8	resister	1	NO
CEBPB	resister	1	NO
CELF5	resister	1	NO
CENPC1	resister	1	NO
CENPF	resister	1	NO
CENPH	resister	1	NO
CENPP	resister	1	NO
CENPQ	resister	1	NO
CEP57L1	resister	1	NO
CEP95	resister	1	NO
CEPT1	resister	1	NO
CERS2	resister	1	NO
CERS6	resister	1	NO
CES1	resister	1	NO
CETN1	resister	1	NO
CFDP1	resister	1	NO
CGGBP1	resister	1	NO
CHCHD4	resister	1	NO
CHCHD7	resister	1	NO
CHD1L	resister	1	NO
CHD4	resister	1	NO
CHMP7	resister	1	NO
CHP2	resister	1	NO
CHST15	resister	1	NO
CHSY1	resister	1	NO
CILP	resister	1	NO
CKMT1B	resister	1	NO
CLCN7	resister	1	NO
CLDN11	resister	1	NO
CLDN20	resister	1	NO
CLDN22	resister	1	NO
CLDN6	resister	1	NO
CLDN9	resister	1	NO
CLECL1	resister	1	NO
CLIC1	resister	1	NO
CLK1	resister	1	NO
CLPSL2	resister	1	NO
CMC1	resister	1	NO
CMC4	resister	1	NO
CMTM3	resister	1	NO
CMTM6	resister	1	NO
CMTR2	resister	1	NO
CNOT1	resister	1	NO
CNOT10	resister	1	NO
CNOT4	resister	1	NO
CNOT8	resister	1	NO
CNP	resister	1	NO
CNPY3	resister	1	NO
CNST	resister	1	NO
CNTD1	resister	1	NO
CNTNAP1	resister	1	NO
CNTNAP3	resister	1	NO
COA4	resister	1	NO
COG8	resister	1	NO
COIL	resister	1	NO
COL17A1	resister	1	NO
COL18A1	resister	1	NO
COL23A1	resister	1	NO
COL25A1	resister	1	NO
COL5A1	resister	1	NO
COLEC12	resister	1	NO
COMMD3	resister	1	NO
COMTD1	resister	1	NO
COPB2	resister	1	NO
COPE	resister	1	NO
COPZ1	resister	1	NO
COQ4	resister	1	NO
COQ9	resister	1	NO
CORO1C	resister	1	NO
COX16	resister	1	NO
COX20	resister	1	NO
COX5A	resister	1	NO
COX6B1	resister	1	NO
CPA3	resister	1	NO
CPPED1	resister	1	NO
CPSF4	resister	1	NO
CPSF6	resister	1	NO
CPSF7	resister	1	NO
CPXM2	resister	1	NO
CR2	resister	1	NO
CRAMP1L	resister	1	NO
CRCP	resister	1	NO
CREB3L2	resister	1	NO
CREBRF	resister	1	NO
CRIPT	resister	1	NO
CRKL	resister	1	NO
CRMP1	resister	1	NO
CRTC1	resister	1	NO
CRTC3	resister	1	NO
CSE1L	resister	1	NO
CSHL1	resister	1	NO
CSK	resister	1	NO
CSNK1A1	resister	1	NO
CST4	resister	1	NO
CST8	resister	1	NO
CSTF3	resister	1	NO
CTBP1	resister	1	NO
CTDP1	resister	1	NO
CTDSP2	resister	1	NO
CTNNA1	resister	1	NO
CTNND1	resister	1	NO
CTR9	resister	1	NO
CTRLHS	resister	1	NO
CTSO	resister	1	NO
CTU1	resister	1	NO
CTXN3	resister	1	NO
CUEDC2	resister	1	NO
CUL1	resister	1	NO
CUL4B	resister	1	NO
CUL5	resister	1	NO
CUL7	resister	1	NO
CUL9	resister	1	NO
CUTA	resister	1	NO
CUX1	resister	1	NO
CWC15	resister	1	NO
CWC22	resister	1	NO
CXCL2	resister	1	NO
CXCL3	resister	1	NO
CXCR6	resister	1	NO
CXXC5	resister	1	NO
CYB5D1	resister	1	NO
CYP27C1	resister	1	NO
CYP2A7	resister	1	NO
CYP4F11	resister	1	NO
CYP4F2	resister	1	NO
CYTH1	resister	1	NO
DAAM2	resister	1	NO
DAB1	resister	1	NO
DACT2	resister	1	NO
DAXX	resister	1	NO
DAZAP1	resister	1	NO
DBN1	resister	1	NO
DBR1	resister	1	NO
DCAF12	resister	1	NO
DCP1A	resister	1	NO
DCP2	resister	1	NO
DDA1	resister	1	NO
DDAH2	resister	1	NO
DDB1	resister	1	NO
DDR1	resister	1	NO
DDR2	resister	1	NO
DDX10	resister	1	NO
DDX18	resister	1	NO
DDX19A	resister	1	NO
DDX27	resister	1	NO
DDX39B	resister	1	NO
DDX49	resister	1	NO
DDX51	resister	1	NO
DDX54	resister	1	NO
DDX58	resister	1	NO
DEAF1	resister	1	NO
DEFA4	resister	1	NO
DEFB108B	resister	1	NO
DEFB130	resister	1	NO
DENND2D	resister	1	NO
DENND4C	resister	1	NO
DEPDC5	resister	1	NO
DESI1	resister	1	NO
DFNB31	resister	1	NO
DGKD	resister	1	NO
DHH	resister	1	NO
DHRS4L2	resister	1	NO
DHX16	resister	1	NO
DHX30	resister	1	NO
DHX34	resister	1	NO
DHX35	resister	1	NO
DHX36	resister	1	NO
DHX37	resister	1	NO
DHX58	resister	1	NO
DICER1	resister	1	NO
DLL1	resister	1	NO
DLL4	resister	1	NO
DNAH7	resister	1	NO
DNAH8	resister	1	NO
DNAJA3	resister	1	NO
DNAJB13	resister	1	NO
DNAJB6	resister	1	NO
DNAJB8	resister	1	NO
DNAJC2	resister	1	NO
DNAJC8	resister	1	NO
DNASE1L3	resister	1	NO
DNM1L	resister	1	NO
DNTTIP2	resister	1	NO
DOC2A	resister	1	NO
DOCK2	resister	1	NO
DOCK4	resister	1	NO
DOK7	resister	1	NO
DPF2	resister	1	NO
DPF3	resister	1	NO
DPH6	resister	1	NO
DPM2	resister	1	NO
DPP8	resister	1	NO
DPP9	resister	1	NO
DPPA5	resister	1	NO
DPY30	resister	1	NO
DPYD	resister	1	NO
DRG1	resister	1	NO
DSC2	resister	1	NO
DSCR3	resister	1	NO
DSG2	resister	1	NO
DST	resister	1	NO
DTL	resister	1	NO
DTNBP1	resister	1	NO
DUPD1	resister	1	NO
DUS3L	resister	1	NO
DUSP28	resister	1	NO
DUSP3	resister	1	NO
DUSP4	resister	1	NO
DUSP9	resister	1	NO
DXO	resister	1	NO
DYNLL1	resister	1	NO
DYNLL2	resister	1	NO
DYNLT1	resister	1	NO
E2F1	resister	1	NO
E2F4	resister	1	NO
E2F6	resister	1	NO
EBF2	resister	1	NO
EBI3	resister	1	NO
ECHDC3	resister	1	NO
ECHS1	resister	1	NO
ECI1	resister	1	NO
ECSIT	resister	1	NO
EDEM2	resister	1	NO
EDNRA	resister	1	NO
EEA1	resister	1	NO
EED	resister	1	NO
EEF1A1	resister	1	NO
EEF1B2	resister	1	NO
EEF2	resister	1	NO
EEFSEC	resister	1	NO
EFR3B	resister	1	NO
EGFR	resister	1	NO
EGLN1	resister	1	NO
EHBP1	resister	1	NO
EIF1AD	resister	1	NO
EIF2AK4	resister	1	NO
EIF2B2	resister	1	NO
EIF2B3	resister	1	NO
EIF2S2	resister	1	NO
EIF2S3	resister	1	NO
EIF3A	resister	1	NO
EIF3B	resister	1	NO
EIF3D	resister	1	NO
EIF3I	resister	1	NO
EIF4B	resister	1	NO
EIF4H	resister	1	NO
EIF5A	resister	1	NO
EIF5A2	resister	1	NO
EIF5B	resister	1	NO
ELAC2	resister	1	NO
ELMO3	resister	1	NO
ELMSAN1	resister	1	NO
ELOVL6	resister	1	NO
ELP2	resister	1	NO
ELP3	resister	1	NO
ELP4	resister	1	NO
ELP5	resister	1	NO
EME2	resister	1	NO
ENOX1	resister	1	NO
ENSA	resister	1	NO
ENTPD7	resister	1	NO
ENY2	resister	1	NO
EPC2	resister	1	NO
EPCAM	resister	1	NO
EPHA3	resister	1	NO
EPS15L1	resister	1	NO
EPS8	resister	1	NO
EQTN	resister	1	NO
ERBB2IP	resister	1	NO
ERC1	resister	1	NO
ERCC2	resister	1	NO
ERGIC3	resister	1	NO
ERH	resister	1	NO
ERMARD	resister	1	NO
ERMP1	resister	1	NO
ESD	resister	1	NO
ESF1	resister	1	NO
ESPL1	resister	1	NO
ESRRA	resister	1	NO
ETHE1	resister	1	NO
ETS1	resister	1	NO
ETV1	resister	1	NO
EVPL	resister	1	NO
EXOG	resister	1	NO
EXOSC2	resister	1	NO
EXOSC3	resister	1	NO
EXOSC4	resister	1	NO
EXOSC7	resister	1	NO
F11R	resister	1	NO
FAHD1	resister	1	NO
FAM107B	resister	1	NO
FAM115A	resister	1	NO
FAM122A	resister	1	NO
FAM129B	resister	1	NO
FAM170A	resister	1	NO
FAM179B	resister	1	NO
FAM195A	resister	1	NO
FAM200B	resister	1	NO
FAM208B	resister	1	NO
FAM216B	resister	1	NO
FAM222B	resister	1	NO
FAM47C	resister	1	NO
FAM50A	resister	1	NO
FAM53B	resister	1	NO
FAM60A	resister	1	NO
FAM86B1	resister	1	NO
FAM86C1	resister	1	NO
FAM98B	resister	1	NO
FAM9A	resister	1	NO
FARSB	resister	1	NO
FAXC	resister	1	NO
FAXDC2	resister	1	NO
FBRS	resister	1	NO
FBXL17	resister	1	NO
FBXL3	resister	1	NO
FBXO17	resister	1	NO
FBXO27	resister	1	NO
FBXO33	resister	1	NO
FBXO44	resister	1	NO
FBXO47	resister	1	NO
FBXW11	resister	1	NO
FCGR1A	resister	1	NO
FCGR2A	resister	1	NO
FCHO2	resister	1	NO
FDX1	resister	1	NO
FECH	resister	1	NO
FEN1	resister	1	NO
FGF12	resister	1	NO
FGG	resister	1	NO
FICD	resister	1	NO
FIGLA	resister	1	NO
FIP1L1	resister	1	NO
FKBPL	resister	1	NO
FLT3LG	resister	1	NO
FLYWCH1	resister	1	NO
FNTB	resister	1	NO
FOLR2	resister	1	NO
FOSL1	resister	1	NO
FOXA1	resister	1	NO
FOXA2	resister	1	NO
FOXJ3	resister	1	NO
FOXK1	resister	1	NO
FOXM1	resister	1	NO
FOXP3	resister	1	NO
FOXQ1	resister	1	NO
FOXRED1	resister	1	NO
FPR2	resister	1	NO
FPR3	resister	1	NO
FREM1	resister	1	NO
FRS3	resister	1	NO
FSD1	resister	1	NO
FSHB	resister	1	NO
FTH1	resister	1	NO
FTMT	resister	1	NO
FTSJ2	resister	1	NO
FURIN	resister	1	NO
FUT1	resister	1	NO
FZD4	resister	1	NO
FZR1	resister	1	NO
G2E3	resister	1	NO
G3BP1	resister	1	NO
GAA	resister	1	NO
GAB2	resister	1	NO
GABBR1	resister	1	NO
GADD45GIP1	resister	1	NO
GAPVD1	resister	1	NO
GARS	resister	1	NO
GART	resister	1	NO
GAST	resister	1	NO
GATA4	resister	1	NO
GATA6	resister	1	NO
GATAD1	resister	1	NO
GCAT	resister	1	NO
GCH1	resister	1	NO
GDF15	resister	1	NO
GFM2	resister	1	NO
GFRA2	resister	1	NO
GGNBP2	resister	1	NO
GIGYF1	resister	1	NO
GINS4	resister	1	NO
GIPC3	resister	1	NO
GLE1	resister	1	NO
GLIPR1L2	resister	1	NO
GLP1R	resister	1	NO
GLTSCR2	resister	1	NO
GMDS	resister	1	NO
GMIP	resister	1	NO
GMNN	resister	1	NO
GNA11	resister	1	NO
GNAS	resister	1	NO
GNAT2	resister	1	NO
GNB2	resister	1	NO
GNB3	resister	1	NO
GNL1	resister	1	NO
GNL2	resister	1	NO
GNPAT	resister	1	NO
GNPTG	resister	1	NO
GNRH1	resister	1	NO
GOLGA7	resister	1	NO
GOSR2	resister	1	NO
GPANK1	resister	1	NO
GPATCH1	resister	1	NO
GPBP1	resister	1	NO
GPBP1L1	resister	1	NO
GPN1	resister	1	NO
GPR108	resister	1	NO
GPR112	resister	1	NO
GPR116	resister	1	NO
GPR153	resister	1	NO
GPR160	resister	1	NO
GPR162	resister	1	NO
GPR32	resister	1	NO
GPR52	resister	1	NO
GPR84	resister	1	NO
GPRC5C	resister	1	NO
GPRC5D	resister	1	NO
GPRIN3	resister	1	NO
GPS1	resister	1	NO
GPSM3	resister	1	NO
GPX1	resister	1	NO
GPX8	resister	1	NO
GRHPR	resister	1	NO
GRIN2D	resister	1	NO
GRM4	resister	1	NO
GRPEL1	resister	1	NO
GSE1	resister	1	NO
GSK3B	resister	1	NO
GSS	resister	1	NO
GSTA5	resister	1	NO
GSTCD	resister	1	NO
GSTT2	resister	1	NO
GTF2H5	resister	1	NO
GTF3C1	resister	1	NO
GTF3C2	resister	1	NO
GUCA1A	resister	1	NO
H2AFV	resister	1	NO
HAGH	resister	1	NO
HAUS4	resister	1	NO
HAUS7	resister	1	NO
HBP1	resister	1	NO
HCLS1	resister	1	NO
HDLBP	resister	1	NO
HEATR1	resister	1	NO
HECTD2	resister	1	NO
HELZ2	resister	1	NO
HERC4	resister	1	NO
HES1	resister	1	NO
HES3	resister	1	NO
HGFAC	resister	1	NO
HGSNAT	resister	1	NO
HHEX	resister	1	NO
HIBCH	resister	1	NO
HIF1A	resister	1	NO
HIGD2A	resister	1	NO
HINFP	resister	1	NO
HIST1H1A	resister	1	NO
HIST1H2AC	resister	1	NO
HIST1H2AI	resister	1	NO
HIST1H2BF	resister	1	NO
HIST1H2BK	resister	1	NO
HIST1H4I	resister	1	NO
HIVEP1	resister	1	NO
HLA-DRB5	resister	1	NO
HLA-G	resister	1	NO
HLA-H	resister	1	NO
HLCS	resister	1	NO
HLTF	resister	1	NO
HMGB2	resister	1	NO
HMGCS1	resister	1	NO
HMGCS2	resister	1	NO
HMOX1	resister	1	NO
HNRNPH1	resister	1	NO
HNRNPM	resister	1	NO
HOXA13	resister	1	NO
HOXA4	resister	1	NO
HOXB3	resister	1	NO
HOXC11	resister	1	NO
HOXD9	resister	1	NO
HS3ST6	resister	1	NO
HSD17B13	resister	1	NO
HSD17B8	resister	1	NO
HSD3B1	resister	1	NO
HSD3B2	resister	1	NO
HSF2BP	resister	1	NO
HSPE1	resister	1	NO
HTR2C	resister	1	NO
HTR7	resister	1	NO
HYLS1	resister	1	NO
IARS	resister	1	NO
IBA57	resister	1	NO
IBTK	resister	1	NO
IDH3A	resister	1	NO
IDNK	resister	1	NO
IER3	resister	1	NO
IFIT3	resister	1	NO
IFNA8	resister	1	NO
IFNL2	resister	1	NO
IFNLR1	resister	1	NO
IGF1R	resister	1	NO
IGF2BP3	resister	1	NO
IGF2R	resister	1	NO
IGFALS	resister	1	NO
IGFBPL1	resister	1	NO
IGFL2	resister	1	NO
IGHMBP2	resister	1	NO
IK	resister	1	NO
IKBKAP	resister	1	NO
IL11	resister	1	NO
IL11RA	resister	1	NO
IL12A	resister	1	NO
IL17C	resister	1	NO
IL1R2	resister	1	NO
IL20RB	resister	1	NO
IL33	resister	1	NO
IL6	resister	1	NO
IMPA1	resister	1	NO
INCENP	resister	1	NO
ING3	resister	1	NO
INHBB	resister	1	NO
INO80C	resister	1	NO
INPP4B	resister	1	NO
INPP5K	resister	1	NO
INSM2	resister	1	NO
INSR	resister	1	NO
INTS10	resister	1	NO
INTS4	resister	1	NO
IP6K3	resister	1	NO
IPO13	resister	1	NO
IPO4	resister	1	NO
IQCF2	resister	1	NO
IRAK1	resister	1	NO
IRAK3	resister	1	NO
IRF3	resister	1	NO
IRF4	resister	1	NO
ITGA2B	resister	1	NO
ITGA4	resister	1	NO
ITGAE	resister	1	NO
ITGB4	resister	1	NO
ITGBL1	resister	1	NO
ITPR3	resister	1	NO
JARID2	resister	1	NO
JMJD1C	resister	1	NO
JMJD4	resister	1	NO
JMJD8	resister	1	NO
JUNB	resister	1	NO
KANK3	resister	1	NO
KANSL1L	resister	1	NO
KANSL2	resister	1	NO
KAT2B	resister	1	NO
KAT5	resister	1	NO
KAT8	resister	1	NO
KATNA1	resister	1	NO
KCMF1	resister	1	NO
KCNC4	resister	1	NO
KCND3	resister	1	NO
KCNH2	resister	1	NO
KCNIP1	resister	1	NO
KCNJ9	resister	1	NO
KCNK13	resister	1	NO
KCNK5	resister	1	NO
KCNMA1	resister	1	NO
KCNRG	resister	1	NO
KCTD1	resister	1	NO
KCTD10	resister	1	NO
KCTD15	resister	1	NO
KCTD20	resister	1	NO
KCTD9	resister	1	NO
KDELR1	resister	1	NO
KDM1B	resister	1	NO
KDM2A	resister	1	NO
KDM2B	resister	1	NO
KDM3A	resister	1	NO
KDM3B	resister	1	NO
KDM5C	resister	1	NO
KDR	resister	1	NO
KDSR	resister	1	NO
KHDC3L	resister	1	NO
KHNYN	resister	1	NO
KIAA0141	resister	1	NO
KIAA0825	resister	1	NO
KIAA1257	resister	1	NO
KIAA1324	resister	1	NO
KIAA1462	resister	1	NO
KIAA2022	resister	1	NO
KIDINS220	resister	1	NO
KIF11	resister	1	NO
KIF12	resister	1	NO
KIF18B	resister	1	NO
KIF1B	resister	1	NO
KIF20B	resister	1	NO
KIF23	resister	1	NO
KIF3A	resister	1	NO
KIR2DL3	resister	1	NO
KIR3DL3	resister	1	NO
KISS1	resister	1	NO
KLB	resister	1	NO
KLF3	resister	1	NO
KLF5	resister	1	NO
KLHDC7A	resister	1	NO
KLHL15	resister	1	NO
KLHL26	resister	1	NO
KLHL31	resister	1	NO
KLRG1	resister	1	NO
KNTC1	resister	1	NO
KPNA1	resister	1	NO
KPNB1	resister	1	NO
KRAS	resister	1	NO
KRIT1	resister	1	NO
KRT37	resister	1	NO
KRT6C	resister	1	NO
KRTAP10-12	resister	1	NO
KRTAP15-1	resister	1	NO
KRTAP19-6	resister	1	NO
KRTAP23-1	resister	1	NO
KRTAP24-1	resister	1	NO
KRTAP5-1	resister	1	NO
KRTCAP2	resister	1	NO
L3MBTL3	resister	1	NO
LAD1	resister	1	NO
LAMB1	resister	1	NO
LAMB4	resister	1	NO
LANCL3	resister	1	NO
LARP7	resister	1	NO
LARS2	resister	1	NO
LAS1L	resister	1	NO
LATS2	resister	1	NO
LBR	resister	1	NO
LCE1A	resister	1	NO
LCORL	resister	1	NO
LDB1	resister	1	NO
LDLRAD1	resister	1	NO
LDLRAD3	resister	1	NO
LEF1	resister	1	NO
LEKR1	resister	1	NO
LEMD3	resister	1	NO
LHX4	resister	1	NO
LILRA3	resister	1	NO
LILRB1	resister	1	NO
LILRB2	resister	1	NO
LILRB5	resister	1	NO
LIMA1	resister	1	NO
LIMD1	resister	1	NO
LIN37	resister	1	NO
LINGO3	resister	1	NO
LIX1	resister	1	NO
LMBR1L	resister	1	NO
LMLN	resister	1	NO
LOC100133267	resister	1	NO
LOC100862671	resister	1	NO
LOC729458	resister	1	NO
LPAR2	resister	1	NO
LPHN2	resister	1	NO
LRFN3	resister	1	NO
LRP8	resister	1	NO
LRPPRC	resister	1	NO
LRRC41	resister	1	NO
LRRCC1	resister	1	NO
LRRTM4	resister	1	NO
LRTM2	resister	1	NO
LSM12	resister	1	NO
LSM5	resister	1	NO
LSM6	resister	1	NO
LTA4H	resister	1	NO
LTBR	resister	1	NO
LTK	resister	1	NO
LTN1	resister	1	NO
LUZP4	resister	1	NO
LY6G5C	resister	1	NO
LY6G6C	resister	1	NO
LYN	resister	1	NO
LYPD1	resister	1	NO
LYRM1	resister	1	NO
MAD2L1	resister	1	NO
MAD2L1BP	resister	1	NO
MADCAM1	resister	1	NO
MAGEA10	resister	1	NO
MAGEC3	resister	1	NO
MAGEE2	resister	1	NO
MAN1A2	resister	1	NO
MAP3K5	resister	1	NO
MAP4K2	resister	1	NO
MAP4K3	resister	1	NO
MAP7D3	resister	1	NO
MAPK13	resister	1	NO
MAPK8	resister	1	NO
MARCKSL1	resister	1	NO
MARK2	resister	1	NO
MAS1L	resister	1	NO
MAST1	resister	1	NO
MAT2B	resister	1	NO
MAU2	resister	1	NO
MBD3L2	resister	1	NO
MBD3L3	resister	1	NO
MBD3L4	resister	1	NO
MBD3L5	resister	1	NO
MBNL2	resister	1	NO
MBTPS1	resister	1	NO
MBTPS2	resister	1	NO
MCAT	resister	1	NO
MCCD1	resister	1	NO
MCM10	resister	1	NO
MCM3AP	resister	1	NO
MCM9	resister	1	NO
MCOLN3	resister	1	NO
MCTS1	resister	1	NO
MDH2	resister	1	NO
MEA1	resister	1	NO
MECOM	resister	1	NO
MECR	resister	1	NO
MED13	resister	1	NO
MED13L	resister	1	NO
MED16	resister	1	NO
MED17	resister	1	NO
MED19	resister	1	NO
MED22	resister	1	NO
MED23	resister	1	NO
MED25	resister	1	NO
MEDAG	resister	1	NO
MEIOB	resister	1	NO
METAP1	resister	1	NO
METTL1	resister	1	NO
METTL13	resister	1	NO
METTL17	resister	1	NO
METTL18	resister	1	NO
METTL21A	resister	1	NO
METTL23	resister	1	NO
METTL25	resister	1	NO
METTL4	resister	1	NO
METTL5	resister	1	NO
METTL6	resister	1	NO
MEX3B	resister	1	NO
MFAP1	resister	1	NO
MFN1	resister	1	NO
MFSD12	resister	1	NO
MGEA5	resister	1	NO
MGST3	resister	1	NO
MIA	resister	1	NO
MICALCL	resister	1	NO
MID1IP1	resister	1	NO
MIDN	resister	1	NO
MIER3	resister	1	NO
MIOS	resister	1	NO
MIPOL1	resister	1	NO
MIS18A	resister	1	NO
MITF	resister	1	NO
MKI67	resister	1	NO
MKI67IP	resister	1	NO
MLEC	resister	1	NO
MLF1	resister	1	NO
MLH3	resister	1	NO
MLL4	resister	1	NO
MLLT10	resister	1	NO
MLLT3	resister	1	NO
MLYCD	resister	1	NO
MMP14	resister	1	NO
MMP25	resister	1	NO
MMP26	resister	1	NO
MNF1	resister	1	NO
MNT	resister	1	NO
MOB2	resister	1	NO
MOB3B	resister	1	NO
MOB4	resister	1	NO
MOCS3	resister	1	NO
MPDU1	resister	1	NO
MPG	resister	1	NO
MPHOSPH10	resister	1	NO
MPLKIP	resister	1	NO
MPZL1	resister	1	NO
MRC1	resister	1	NO
MREG	resister	1	NO
MRGPRX4	resister	1	NO
MRPL1	resister	1	NO
MRPL14	resister	1	NO
MRPL19	resister	1	NO
MRPL27	resister	1	NO
MRPL40	resister	1	NO
MRPL45	resister	1	NO
MRPL47	resister	1	NO
MRPL55	resister	1	NO
MRPS17	resister	1	NO
MRPS18A	resister	1	NO
MRPS24	resister	1	NO
MRPS35	resister	1	NO
MRPS9	resister	1	NO
MRTO4	resister	1	NO
MS4A3	resister	1	NO
MSH2	resister	1	NO
MSH6	resister	1	NO
MSL1	resister	1	NO
MSL2	resister	1	NO
MSLN	resister	1	NO
MSN	resister	1	NO
MSTO1	resister	1	NO
MT1B	resister	1	NO
MT1G	resister	1	NO
MTA1	resister	1	NO
MTFMT	resister	1	NO
MTG1	resister	1	NO
MTHFD2	resister	1	NO
MTIF2	resister	1	NO
MTIF3	resister	1	NO
MTMR2	resister	1	NO
MTRF1L	resister	1	NO
MTRR	resister	1	NO
MTX1	resister	1	NO
MUC1	resister	1	NO
MUC15	resister	1	NO
MVK	resister	1	NO
MYBBP1A	resister	1	NO
MYD88	resister	1	NO
MYH9	resister	1	NO
MYL5	resister	1	NO
MYNN	resister	1	NO
MYO1B	resister	1	NO
MYO1C	resister	1	NO
MYO6	resister	1	NO
MYO9B	resister	1	NO
N6AMT1	resister	1	NO
NAA10	resister	1	NO
NAA25	resister	1	NO
NAA35	resister	1	NO
NAE1	resister	1	NO
NAGPA	resister	1	NO
NAMPT	resister	1	NO
NANOS2	resister	1	NO
NANS	resister	1	NO
NAP1L3	resister	1	NO
NAPG	resister	1	NO
NARS	resister	1	NO
NAT10	resister	1	NO
NAT14	resister	1	NO
NAV1	resister	1	NO
NBR1	resister	1	NO
NCBP2	resister	1	NO
NCKAP1	resister	1	NO
NCOR1	resister	1	NO
NCOR2	resister	1	NO
NCR1	resister	1	NO
NDST1	resister	1	NO
NDUFA1	resister	1	NO
NDUFA11	resister	1	NO
NDUFA2	resister	1	NO
NDUFA3	resister	1	NO
NDUFA4	resister	1	NO
NDUFA5	resister	1	NO
NDUFA7	resister	1	NO
NDUFAF1	resister	1	NO
NDUFAF2	resister	1	NO
NDUFAF7	resister	1	NO
NDUFB10	resister	1	NO
NDUFB11	resister	1	NO
NDUFB2	resister	1	NO
NDUFB3	resister	1	NO
NDUFB4	resister	1	NO
NDUFB5	resister	1	NO
NDUFB8	resister	1	NO
NDUFB9	resister	1	NO
NDUFC2	resister	1	NO
NDUFS1	resister	1	NO
NDUFS2	resister	1	NO
NDUFS3	resister	1	NO
NDUFS4	resister	1	NO
NEDD4L	resister	1	NO
NEGR1	resister	1	NO
NELFB	resister	1	NO
NEUROG3	resister	1	NO
NFATC1	resister	1	NO
NFATC4	resister	1	NO
NFE2L1	resister	1	NO
NFIC	resister	1	NO
NFKB1	resister	1	NO
NFKBIB	resister	1	NO
NFKBIE	resister	1	NO
NFKBIL1	resister	1	NO
NFRKB	resister	1	NO
NFYB	resister	1	NO
NGEF	resister	1	NO
NGLY1	resister	1	NO
NGRN	resister	1	NO
NHLRC2	resister	1	NO
NHLRC3	resister	1	NO
NID1	resister	1	NO
NID2	resister	1	NO
NIP7	resister	1	NO
NIPBL	resister	1	NO
NKD2	resister	1	NO
NKG7	resister	1	NO
NKPD1	resister	1	NO
NKTR	resister	1	NO
NKX2-3	resister	1	NO
NKX3-1	resister	1	NO
NKX6-3	resister	1	NO
NLGN3	resister	1	NO
NLRP5	resister	1	NO
NLRP8	resister	1	NO
NMD3	resister	1	NO
NME1	resister	1	NO
NME1-NME2	resister	1	NO
NME3	resister	1	NO
NME4	resister	1	NO
NMT2	resister	1	NO
NOL10	resister	1	NO
NOP56	resister	1	NO
NOP58	resister	1	NO
NOTCH4	resister	1	NO
NOV	resister	1	NO
NPAS4	resister	1	NO
NPC1	resister	1	NO
NPC2	resister	1	NO
NPM1	resister	1	NO
NPRL2	resister	1	NO
NPRL3	resister	1	NO
NPVF	resister	1	NO
NR2C1	resister	1	NO
NR2F6	resister	1	NO
NR4A3	resister	1	NO
NRAS	resister	1	NO
NRD1	resister	1	NO
NRM	resister	1	NO
NRP2	resister	1	NO
NSD1	resister	1	NO
NSF	resister	1	NO
NSMCE4A	resister	1	NO
NSUN3	resister	1	NO
NSUN6	resister	1	NO
NTNG1	resister	1	NO
NUBPL	resister	1	NO
NUDT1	resister	1	NO
NUDT10	resister	1	NO
NUDT3	resister	1	NO
NUDT4	resister	1	NO
NUDT5	resister	1	NO
NUDT8	resister	1	NO
NUP107	resister	1	NO
NUP133	resister	1	NO
NUP153	resister	1	NO
NUP160	resister	1	NO
NUP205	resister	1	NO
NUP37	resister	1	NO
NUP50	resister	1	NO
NUP54	resister	1	NO
NUP62	resister	1	NO
NUP85	resister	1	NO
NUP98	resister	1	NO
NXF1	resister	1	NO
NXT2	resister	1	NO
OAZ1	resister	1	NO
OBSCN	resister	1	NO
OCLN	resister	1	NO
ODC1	resister	1	NO
OGFOD1	resister	1	NO
OIP5	resister	1	NO
OPCML	resister	1	NO
OPRK1	resister	1	NO
OR10G8	resister	1	NO
OR10H2	resister	1	NO
OR11G2	resister	1	NO
OR14J1	resister	1	NO
OR1B1	resister	1	NO
OR1J1	resister	1	NO
OR1J2	resister	1	NO
OR1M1	resister	1	NO
OR2A12	resister	1	NO
OR2AP1	resister	1	NO
OR2J2	resister	1	NO
OR2T3	resister	1	NO
OR2T35	resister	1	NO
OR2T8	resister	1	NO
OR4M1	resister	1	NO
OR51I1	resister	1	NO
OR51Q1	resister	1	NO
OR52I2	resister	1	NO
OR5A2	resister	1	NO
OR5AR1	resister	1	NO
OR5C1	resister	1	NO
OR6B3	resister	1	NO
OR6C74	resister	1	NO
OR7A17	resister	1	NO
OR8B8	resister	1	NO
ORAI2	resister	1	NO
ORM1	resister	1	NO
ORMDL1	resister	1	NO
OS9	resister	1	NO
OSBPL10	resister	1	NO
OSGEPL1	resister	1	NO
OSR2	resister	1	NO
OTC	resister	1	NO
OTOA	resister	1	NO
OTUD6A	resister	1	NO
OTUD6B	resister	1	NO
OTUD7B	resister	1	NO
OTX2	resister	1	NO
OVGP1	resister	1	NO
OVOL1	resister	1	NO
P2RY12	resister	1	NO
PA2G4	resister	1	NO
PACSIN3	resister	1	NO
PAGE2	resister	1	NO
PAICS	resister	1	NO
PAK2	resister	1	NO
PAM16	resister	1	NO
PAPOLA	resister	1	NO
PAPOLG	resister	1	NO
PAQR4	resister	1	NO
PARD3	resister	1	NO
PARD6A	resister	1	NO
PAX6	resister	1	NO
PCBP2	resister	1	NO
PCDHB7	resister	1	NO
PCDHGA12	resister	1	NO
PCDHGB1	resister	1	NO
PCF11	resister	1	NO
PCID2	resister	1	NO
PCIF1	resister	1	NO
PCNA	resister	1	NO
PDHA1	resister	1	NO
PDHA2	resister	1	NO
PDK1	resister	1	NO
PDPK1	resister	1	NO
PDPN	resister	1	NO
PDPR	resister	1	NO
PDSS1	resister	1	NO
PEF1	resister	1	NO
PEPD	resister	1	NO
PET100	resister	1	NO
PEX11A	resister	1	NO
PEX14	resister	1	NO
PEX3	resister	1	NO
PGD	resister	1	NO
PGLS	resister	1	NO
PHB	resister	1	NO
PHB2	resister	1	NO
PHC2	resister	1	NO
PHF10	resister	1	NO
PHF11	resister	1	NO
PHF14	resister	1	NO
PHGDH	resister	1	NO
PHIP	resister	1	NO
PHKG2	resister	1	NO
PHLDA2	resister	1	NO
PHOX2B	resister	1	NO
PI16	resister	1	NO
PIAS1	resister	1	NO
PICALM	resister	1	NO
PID1	resister	1	NO
PIGB	resister	1	NO
PIM3	resister	1	NO
PIN1	resister	1	NO
PINX1	resister	1	NO
PIP5K1A	resister	1	NO
PIWIL4	resister	1	NO
PKD2	resister	1	NO
PKDREJ	resister	1	NO
PKMYT1	resister	1	NO
PKNOX1	resister	1	NO
PKP2	resister	1	NO
PLA2G4B	resister	1	NO
PLAC8	resister	1	NO
PLAC8L1	resister	1	NO
PLCB4	resister	1	NO
PLCG1	resister	1	NO
PLD3	resister	1	NO
PLEKHB1	resister	1	NO
PLEKHG4B	resister	1	NO
PLEKHH3	resister	1	NO
PLIN1	resister	1	NO
PLIN3	resister	1	NO
PMEL	resister	1	NO
PML	resister	1	NO
PNPO	resister	1	NO
PODN	resister	1	NO
POLD4	resister	1	NO
POLE	resister	1	NO
POLR2A	resister	1	NO
POLR3B	resister	1	NO
POLR3F	resister	1	NO
POLR3K	resister	1	NO
POMP	resister	1	NO
POP1	resister	1	NO
PORCN	resister	1	NO
POU1F1	resister	1	NO
POU2F1	resister	1	NO
POU2F2	resister	1	NO
POU5F1	resister	1	NO
PP2D1	resister	1	NO
PPA1	resister	1	NO
PPA2	resister	1	NO
PPARD	resister	1	NO
PPBP	resister	1	NO
PPFIA1	resister	1	NO
PPIA	resister	1	NO
PPIL3	resister	1	NO
PPIP5K2	resister	1	NO
PPM1A	resister	1	NO
PPM1D	resister	1	NO
PPM1G	resister	1	NO
PPP1CB	resister	1	NO
PPP1R12A	resister	1	NO
PPP1R18	resister	1	NO
PPP1R35	resister	1	NO
PPP1R7	resister	1	NO
PPP1R8	resister	1	NO
PPP2CA	resister	1	NO
PPP2R1A	resister	1	NO
PPP2R3A	resister	1	NO
PPP2R5D	resister	1	NO
PPP4R1	resister	1	NO
PPP6R1	resister	1	NO
PPWD1	resister	1	NO
PRAMEF2	resister	1	NO
PRAMEF7	resister	1	NO
PRAP1	resister	1	NO
PRDM15	resister	1	NO
PRDX6	resister	1	NO
PREP	resister	1	NO
PREPL	resister	1	NO
PREX1	resister	1	NO
PRG2	resister	1	NO
PRIM1	resister	1	NO
PRKAB2	resister	1	NO
PRKACA	resister	1	NO
PRKAR1A	resister	1	NO
PRKCD	resister	1	NO
PRKCDBP	resister	1	NO
PRKDC	resister	1	NO
PRKRA	resister	1	NO
PRMT2	resister	1	NO
PRMT3	resister	1	NO
PRMT6	resister	1	NO
PROL1	resister	1	NO
PROM2	resister	1	NO
PRPF18	resister	1	NO
PRPF19	resister	1	NO
PRPF31	resister	1	NO
PRPF38B	resister	1	NO
PRPF40A	resister	1	NO
PRPF8	resister	1	NO
PRPS1	resister	1	NO
PRR18	resister	1	NO
PRR22	resister	1	NO
PRR25	resister	1	NO
PRR3	resister	1	NO
PRRC2A	resister	1	NO
PRRC2C	resister	1	NO
PRRT2	resister	1	NO
PRRX1	resister	1	NO
PRSS21	resister	1	NO
PRSS22	resister	1	NO
PRSS23	resister	1	NO
PRSS27	resister	1	NO
PRSS33	resister	1	NO
PRSS35	resister	1	NO
PRSS36	resister	1	NO
PRSS41	resister	1	NO
PRTN3	resister	1	NO
PSAP	resister	1	NO
PSD3	resister	1	NO
PSMA5	resister	1	NO
PSMA7	resister	1	NO
PSMB2	resister	1	NO
PSMB3	resister	1	NO
PSMB4	resister	1	NO
PSMB6	resister	1	NO
PSMB7	resister	1	NO
PSMB8	resister	1	NO
PSMC2	resister	1	NO
PSMC4	resister	1	NO
PSMD13	resister	1	NO
PSMD14	resister	1	NO
PSMD7	resister	1	NO
PSMD8	resister	1	NO
PSMD9	resister	1	NO
PSME2	resister	1	NO
PSORS1C1	resister	1	NO
PSORS1C2	resister	1	NO
PSTPIP2	resister	1	NO
PTBP3	resister	1	NO
PTCD2	resister	1	NO
PTF1A	resister	1	NO
PTGER1	resister	1	NO
PTK7	resister	1	NO
PTPLA	resister	1	NO
PTPN1	resister	1	NO
PTPN11	resister	1	NO
PTPN18	resister	1	NO
PTPN4	resister	1	NO
PTPRCAP	resister	1	NO
PTPRK	resister	1	NO
PTPRQ	resister	1	NO
PTPRS	resister	1	NO
PTRH2	resister	1	NO
PTX3	resister	1	NO
PUS3	resister	1	NO
PUS7	resister	1	NO
PVR	resister	1	NO
PVRL2	resister	1	NO
PYGL	resister	1	NO
QARS	resister	1	NO
QDPR	resister	1	NO
QPRT	resister	1	NO
QRSL1	resister	1	NO
R3HCC1L	resister	1	NO
RAB11A	resister	1	NO
RAB11B	resister	1	NO
RAB11FIP4	resister	1	NO
RAB21	resister	1	NO
RAB33B	resister	1	NO
RAB41	resister	1	NO
RAB44	resister	1	NO
RAB5A	resister	1	NO
RAB8A	resister	1	NO
RACK1	resister	1	NO
RAD1	resister	1	NO
RAD21	resister	1	NO
RAD51D	resister	1	NO
RAD52	resister	1	NO
RAET1L	resister	1	NO
RAG2	resister	1	NO
RAI1	resister	1	NO
RALBP1	resister	1	NO
RALGDS	resister	1	NO
RANBP1	resister	1	NO
RANBP6	resister	1	NO
RAPGEF4	resister	1	NO
RARG	resister	1	NO
RARS	resister	1	NO
RARS2	resister	1	NO
RASA2	resister	1	NO
RASL11A	resister	1	NO
RAVER1	resister	1	NO
RB1	resister	1	NO
RBBP5	resister	1	NO
RBBP7	resister	1	NO
RBBP8	resister	1	NO
RBFOX2	resister	1	NO
RBM25	resister	1	NO
RBM5	resister	1	NO
RBM6	resister	1	NO
RBPMS	resister	1	NO
RC3H1	resister	1	NO
RCAN2	resister	1	NO
RCHY1	resister	1	NO
RCN2	resister	1	NO
RCOR2	resister	1	NO
RDH11	resister	1	NO
RDH14	resister	1	NO
RELA	resister	1	NO
RELN	resister	1	NO
RFC3	resister	1	NO
RFK	resister	1	NO
RFPL4B	resister	1	NO
RFT1	resister	1	NO
RFX2	resister	1	NO
RFX8	resister	1	NO
RGL2	resister	1	NO
RGMB	resister	1	NO
RGP1	resister	1	NO
RGS14	resister	1	NO
RHBDD3	resister	1	NO
RHCG	resister	1	NO
RHEBL1	resister	1	NO
RIC3	resister	1	NO
RICTOR	resister	1	NO
RIOK2	resister	1	NO
RIPK2	resister	1	NO
RIPPLY1	resister	1	NO
RNASEH2A	resister	1	NO
RNASET2	resister	1	NO
RNF111	resister	1	NO
RNF114	resister	1	NO
RNF115	resister	1	NO
RNF135	resister	1	NO
RNF14	resister	1	NO
RNF141	resister	1	NO
RNF151	resister	1	NO
RNF167	resister	1	NO
RNF2	resister	1	NO
RNF20	resister	1	NO
RNF39	resister	1	NO
RNF40	resister	1	NO
RNF43	resister	1	NO
RNF8	resister	1	NO
RNFT1	resister	1	NO
RNLS	resister	1	NO
RNMT	resister	1	NO
RNMTL1	resister	1	NO
RNPS1	resister	1	NO
ROCK1	resister	1	NO
ROM1	resister	1	NO
RORC	resister	1	NO
RPE	resister	1	NO
RPF2	resister	1	NO
RPL10	resister	1	NO
RPL11	resister	1	NO
RPL12	resister	1	NO
RPL14	resister	1	NO
RPL15	resister	1	NO
RPL18	resister	1	NO
RPL18A	resister	1	NO
RPL21	resister	1	NO
RPL22L1	resister	1	NO
RPL23	resister	1	NO
RPL23A	resister	1	NO
RPL24	resister	1	NO
RPL27	resister	1	NO
RPL3	resister	1	NO
RPL31	resister	1	NO
RPL34	resister	1	NO
RPL35A	resister	1	NO
RPL36	resister	1	NO
RPL36A	resister	1	NO
RPL37A	resister	1	NO
RPL38	resister	1	NO
RPL7	resister	1	NO
RPL7A	resister	1	NO
RPL9	resister	1	NO
RPLP1	resister	1	NO
RPP14	resister	1	NO
RPP25L	resister	1	NO
RPP38	resister	1	NO
RPRD1B	resister	1	NO
RPRD2	resister	1	NO
RPS14	resister	1	NO
RPS15	resister	1	NO
RPS16	resister	1	NO
RPS18	resister	1	NO
RPS25	resister	1	NO
RPS26	resister	1	NO
RPS27	resister	1	NO
RPS3A	resister	1	NO
RPS6	resister	1	NO
RPS6KA1	resister	1	NO
RPS6KA2	resister	1	NO
RPS8	resister	1	NO
RPTOR	resister	1	NO
RRM2	resister	1	NO
RRP1B	resister	1	NO
RRP36	resister	1	NO
RRP7A	resister	1	NO
RRS1	resister	1	NO
RSAD2	resister	1	NO
RSPH3	resister	1	NO
RTF1	resister	1	NO
RTL1	resister	1	NO
RTN4IP1	resister	1	NO
RUNX1	resister	1	NO
RUNX1T1	resister	1	NO
RUVBL1	resister	1	NO
RUVBL2	resister	1	NO
RWDD1	resister	1	NO
RXFP2	resister	1	NO
RXRA	resister	1	NO
RXRB	resister	1	NO
S100G	resister	1	NO
SACM1L	resister	1	NO
SAMD15	resister	1	NO
SAMD4B	resister	1	NO
SAR1A	resister	1	NO
SBF1	resister	1	NO
SBK2	resister	1	NO
SCAF4	resister	1	NO
SCAMP2	resister	1	NO
SCD	resister	1	NO
SCMH1	resister	1	NO
SCML4	resister	1	NO
SCN3A	resister	1	NO
SCRT2	resister	1	NO
SCUBE3	resister	1	NO
SDAD1	resister	1	NO
SDC3	resister	1	NO
SDC4	resister	1	NO
SDCBP2	resister	1	NO
SDHB	resister	1	NO
SDR16C5	resister	1	NO
SEC11A	resister	1	NO
SEC11C	resister	1	NO
SEC13	resister	1	NO
SEC14L3	resister	1	NO
SEC22A	resister	1	NO
SEC23B	resister	1	NO
SEC61A1	resister	1	NO
SEC61B	resister	1	NO
SEH1L	resister	1	NO
SELT	resister	1	NO
SELV	resister	1	NO
SEMA3A	resister	1	NO
SEMA3C	resister	1	NO
SENP1	resister	1	NO
SENP6	resister	1	NO
SEPHS1	resister	1	NO
SEPHS2	resister	1	NO
SEPSECS	resister	1	NO
SERF2	resister	1	NO
SERPINF1	resister	1	NO
SERTAD1	resister	1	NO
SET	resister	1	NO
SETD3	resister	1	NO
SETD5	resister	1	NO
SETD6	resister	1	NO
SETD9	resister	1	NO
SF3B2	resister	1	NO
SF3B3	resister	1	NO
SF3B4	resister	1	NO
SFN	resister	1	NO
SFTPA2	resister	1	NO
SGCD	resister	1	NO
SGIP1	resister	1	NO
SGMS1	resister	1	NO
SGSH	resister	1	NO
SH2D7	resister	1	NO
SHISA4	resister	1	NO
SHOC2	resister	1	NO
SHPRH	resister	1	NO
SIAH1	resister	1	NO
SIGLEC12	resister	1	NO
SIGLEC7	resister	1	NO
SIGLECL1	resister	1	NO
SIGMAR1	resister	1	NO
SIN3B	resister	1	NO
SIRT3	resister	1	NO
SIRT6	resister	1	NO
SKA3	resister	1	NO
SKAP2	resister	1	NO
SLBP	resister	1	NO
SLC16A7	resister	1	NO
SLC17A2	resister	1	NO
SLC19A1	resister	1	NO
SLC1A5	resister	1	NO
SLC1A7	resister	1	NO
SLC22A16	resister	1	NO
SLC22A3	resister	1	NO
SLC23A3	resister	1	NO
SLC25A17	resister	1	NO
SLC25A24	resister	1	NO
SLC25A37	resister	1	NO
SLC26A8	resister	1	NO
SLC29A2	resister	1	NO
SLC2A1	resister	1	NO
SLC2A3	resister	1	NO
SLC30A6	resister	1	NO
SLC30A7	resister	1	NO
SLC35A1	resister	1	NO
SLC35E3	resister	1	NO
SLC35F5	resister	1	NO
SLC36A1	resister	1	NO
SLC36A3	resister	1	NO
SLC36A4	resister	1	NO
SLC44A4	resister	1	NO
SLC4A10	resister	1	NO
SLC4A1AP	resister	1	NO
SLC5A3	resister	1	NO
SLC5A9	resister	1	NO
SLC7A1	resister	1	NO
SLC7A11	resister	1	NO
SLC7A6	resister	1	NO
SLC9A2	resister	1	NO
SLC9A3R2	resister	1	NO
SLCO1A2	resister	1	NO
SLFN12L	resister	1	NO
SLURP1	resister	1	NO
SLX1B	resister	1	NO
SLX4	resister	1	NO
SMAD7	resister	1	NO
SMARCA2	resister	1	NO
SMARCA4	resister	1	NO
SMARCA5	resister	1	NO
SMARCD1	resister	1	NO
SMARCE1	resister	1	NO
SMC2	resister	1	NO
SMC3	resister	1	NO
SMC5	resister	1	NO
SMG1	resister	1	NO
SMG5	resister	1	NO
SMG6	resister	1	NO
SMNDC1	resister	1	NO
SMOC2	resister	1	NO
SMPDL3A	resister	1	NO
SMTNL1	resister	1	NO
SNAI2	resister	1	NO
SNAP23	resister	1	NO
SNAP25	resister	1	NO
SNRPE	resister	1	NO
SNRPF	resister	1	NO
SOAT2	resister	1	NO
SOCS3	resister	1	NO
SOGA1	resister	1	NO
SOX10	resister	1	NO
SOX13	resister	1	NO
SP2	resister	1	NO
SPAG1	resister	1	NO
SPAG7	resister	1	NO
SPAM1	resister	1	NO
SPATA22	resister	1	NO
SPATA31A4	resister	1	NO
SPCS2	resister	1	NO
SPDEF	resister	1	NO
SPDYE3	resister	1	NO
SPOP	resister	1	NO
SPPL2C	resister	1	NO
SPRY2	resister	1	NO
SPRY4	resister	1	NO
SPSB3	resister	1	NO
SQLE	resister	1	NO
SQSTM1	resister	1	NO
SRCAP	resister	1	NO
SRGAP2	resister	1	NO
SRI	resister	1	NO
SRL	resister	1	NO
SRP19	resister	1	NO
SRP54	resister	1	NO
SRP9	resister	1	NO
SRPR	resister	1	NO
SRRD	resister	1	NO
SRRT	resister	1	NO
SRSF2	resister	1	NO
SSPN	resister	1	NO
SSR3	resister	1	NO
ST18	resister	1	NO
ST20	resister	1	NO
ST6GALNAC3	resister	1	NO
ST8SIA6	resister	1	NO
STAG1	resister	1	NO
STAG2	resister	1	NO
STAM	resister	1	NO
STAP1	resister	1	NO
STAT4	resister	1	NO
STK11	resister	1	NO
STK11IP	resister	1	NO
STK19	resister	1	NO
STK24	resister	1	NO
STK32A	resister	1	NO
STK4	resister	1	NO
STON2	resister	1	NO
STRA8	resister	1	NO
STRADB	resister	1	NO
STRN	resister	1	NO
STT3A	resister	1	NO
STX12	resister	1	NO
STX17	resister	1	NO
STXBP1	resister	1	NO
STXBP2	resister	1	NO
STXBP3	resister	1	NO
SUCNR1	resister	1	NO
SUGP1	resister	1	NO
SUGP2	resister	1	NO
SULF1	resister	1	NO
SULT1A1	resister	1	NO
SULT1A3	resister	1	NO
SULT1C3	resister	1	NO
SULT1E1	resister	1	NO
SULT6B1	resister	1	NO
SUMO1	resister	1	NO
SUPT4H1	resister	1	NO
SUPT5H	resister	1	NO
SUPT6H	resister	1	NO
SV2B	resister	1	NO
SVIL	resister	1	NO
SYK	resister	1	NO
SYNGAP1	resister	1	NO
SYNPO	resister	1	NO
SYTL2	resister	1	NO
SZT2	resister	1	NO
TAF1	resister	1	NO
TAF11	resister	1	NO
TAF1L	resister	1	NO
TAF2	resister	1	NO
TAF3	resister	1	NO
TAF4	resister	1	NO
TAF5	resister	1	NO
TAF7	resister	1	NO
TANC1	resister	1	NO
TANC2	resister	1	NO
TANK	resister	1	NO
TAOK2	resister	1	NO
TARDBP	resister	1	NO
TARS	resister	1	NO
TBC1D15	resister	1	NO
TBC1D23	resister	1	NO
TBCA	resister	1	NO
TBL1X	resister	1	NO
TBL1XR1	resister	1	NO
TBL3	resister	1	NO
TBP	resister	1	NO
TBXAS1	resister	1	NO
TCEAL7	resister	1	NO
TCF19	resister	1	NO
TCF24	resister	1	NO
TCHHL1	resister	1	NO
TCP1	resister	1	NO
TCTE3	resister	1	NO
TDRD3	resister	1	NO
TDRD6	resister	1	NO
TEAD3	resister	1	NO
TEK	resister	1	NO
TEKT4	resister	1	NO
TELO2	resister	1	NO
TEP1	resister	1	NO
TESC	resister	1	NO
TET3	resister	1	NO
TEX30	resister	1	NO
TEX35	resister	1	NO
TFAP2A	resister	1	NO
TFAP2C	resister	1	NO
TFAP4	resister	1	NO
TFG	resister	1	NO
TGFA	resister	1	NO
TGFB2	resister	1	NO
TGIF2	resister	1	NO
TGIF2LX	resister	1	NO
THAP11	resister	1	NO
THBS4	resister	1	NO
THOC5	resister	1	NO
THOP1	resister	1	NO
TIAM1	resister	1	NO
TIAM2	resister	1	NO
TICAM1	resister	1	NO
TIGD3	resister	1	NO
TIMM17A	resister	1	NO
TIMMDC1	resister	1	NO
TIMP1	resister	1	NO
TINAGL1	resister	1	NO
TIPARP	resister	1	NO
TIPRL	resister	1	NO
TJAP1	resister	1	NO
TLE4	resister	1	NO
TLK1	resister	1	NO
TLR1	resister	1	NO
TLR10	resister	1	NO
TLR2	resister	1	NO
TLR5	resister	1	NO
TLX2	resister	1	NO
TM2D1	resister	1	NO
TM4SF1	resister	1	NO
TM9SF1	resister	1	NO
TMC3	resister	1	NO
TMCO3	resister	1	NO
TMCO4	resister	1	NO
TMED5	resister	1	NO
TMEM105	resister	1	NO
TMEM119	resister	1	NO
TMEM134	resister	1	NO
TMEM14C	resister	1	NO
TMEM150C	resister	1	NO
TMEM151A	resister	1	NO
TMEM177	resister	1	NO
TMEM209	resister	1	NO
TMEM217	resister	1	NO
TMEM230	resister	1	NO
TMEM236	resister	1	NO
TMEM242	resister	1	NO
TMEM243	resister	1	NO
TMEM251	resister	1	NO
TMEM257	resister	1	NO
TMEM30A	resister	1	NO
TMEM39A	resister	1	NO
TMEM50A	resister	1	NO
TMEM57	resister	1	NO
TMEM69	resister	1	NO
TMEM74	resister	1	NO
TMEM8B	resister	1	NO
TMPRSS11F	resister	1	NO
TMSB10	resister	1	NO
TMX2	resister	1	NO
TNFRSF12A	resister	1	NO
TNFRSF21	resister	1	NO
TNFSF10	resister	1	NO
TNFSF9	resister	1	NO
TNKS1BP1	resister	1	NO
TNPO2	resister	1	NO
TNRC6B	resister	1	NO
TOMM6	resister	1	NO
TOP2A	resister	1	NO
TOPAZ1	resister	1	NO
TOR1AIP1	resister	1	NO
TP53	resister	1	NO
TP53TG5	resister	1	NO
TPD52L2	resister	1	NO
TPO	resister	1	NO
TPRKB	resister	1	NO
TPRN	resister	1	NO
TPRX1	resister	1	NO
TPST2	resister	1	NO
TPTE	resister	1	NO
TRA2A	resister	1	NO
TRA2B	resister	1	NO
TRAF5	resister	1	NO
TRAF7	resister	1	NO
TRAK1	resister	1	NO
TRAM1	resister	1	NO
TREM2	resister	1	NO
TRIB2	resister	1	NO
TRIM16	resister	1	NO
TRIM23	resister	1	NO
TRIM24	resister	1	NO
TRIM33	resister	1	NO
TRIM4	resister	1	NO
TRIM45	resister	1	NO
TRIM59	resister	1	NO
TRIP10	resister	1	NO
TRIP12	resister	1	NO
TRIT1	resister	1	NO
TRMT11	resister	1	NO
TRMT112	resister	1	NO
TROVE2	resister	1	NO
TRRAP	resister	1	NO
TSC1	resister	1	NO
TSEN34	resister	1	NO
TSNARE1	resister	1	NO
TSPAN12	resister	1	NO
TSPAN13	resister	1	NO
TSPAN19	resister	1	NO
TSPYL5	resister	1	NO
TSR1	resister	1	NO
TSSK6	resister	1	NO
TSTD2	resister	1	NO
TTC1	resister	1	NO
TTC32	resister	1	NO
TTC8	resister	1	NO
TTF2	resister	1	NO
TTI1	resister	1	NO
TTI2	resister	1	NO
TTL	resister	1	NO
TTLL2	resister	1	NO
TTPAL	resister	1	NO
TUBB2B	resister	1	NO
TUBB4A	resister	1	NO
TUBD1	resister	1	NO
TUBG1	resister	1	NO
TUBGCP4	resister	1	NO
TULP1	resister	1	NO
TWF1	resister	1	NO
TXNDC17	resister	1	NO
TXNL4A	resister	1	NO
TXNRD1	resister	1	NO
TYRO3	resister	1	NO
TYRP1	resister	1	NO
U2AF1	resister	1	NO
U2SURP	resister	1	NO
UBA2	resister	1	NO
UBA5	resister	1	NO
UBA6	resister	1	NO
UBC	resister	1	NO
UBE2D3	resister	1	NO
UBE2F	resister	1	NO
UBE2G1	resister	1	NO
UBE2K	resister	1	NO
UBE2Q2	resister	1	NO
UBE2Z	resister	1	NO
UBE3C	resister	1	NO
UBL5	resister	1	NO
UBN2	resister	1	NO
UBQLN1	resister	1	NO
UBR1	resister	1	NO
UBR2	resister	1	NO
UBR7	resister	1	NO
UBTD1	resister	1	NO
UCKL1	resister	1	NO
UFL1	resister	1	NO
UGCG	resister	1	NO
UGP2	resister	1	NO
UGT2A2	resister	1	NO
UGT8	resister	1	NO
UHRF1	resister	1	NO
UIMC1	resister	1	NO
UNC13C	resister	1	NO
UNC5CL	resister	1	NO
UNC79	resister	1	NO
UNC93A	resister	1	NO
UNG	resister	1	NO
UPB1	resister	1	NO
UPF1	resister	1	NO
UQCR11	resister	1	NO
URI1	resister	1	NO
UROD	resister	1	NO
UROS	resister	1	NO
USP11	resister	1	NO
USP29	resister	1	NO
USP3	resister	1	NO
USP30	resister	1	NO
USP31	resister	1	NO
USP4	resister	1	NO
USP42	resister	1	NO
USP47	resister	1	NO
USP5	resister	1	NO
UTS2B	resister	1	NO
UVSSA	resister	1	NO
UXS1	resister	1	NO
VAPA	resister	1	NO
VAV3	resister	1	NO
VCP	resister	1	NO
VEGFA	resister	1	NO
VEGFB	resister	1	NO
VEZF1	resister	1	NO
VGF	resister	1	NO
VGLL4	resister	1	NO
VIM	resister	1	NO
VIPR1	resister	1	NO
VN1R1	resister	1	NO
VN1R2	resister	1	NO
VN1R4	resister	1	NO
VPRBP	resister	1	NO
VPS18	resister	1	NO
VPS37D	resister	1	NO
VPS41	resister	1	NO
VPS8	resister	1	NO
VRK3	resister	1	NO
VSTM4	resister	1	NO
VTN	resister	1	NO
WAS	resister	1	NO
WBP4	resister	1	NO
WBSCR22	resister	1	NO
WDR11	resister	1	NO
WDR27	resister	1	NO
WDR4	resister	1	NO
WDR63	resister	1	NO
WDR7	resister	1	NO
WDR70	resister	1	NO
WDR74	resister	1	NO
WDR75	resister	1	NO
WDR77	resister	1	NO
WDR90	resister	1	NO
WFIKKN1	resister	1	NO
WIZ	resister	1	NO
WNT2	resister	1	NO
WNT5B	resister	1	NO
WNT7A	resister	1	NO
WWC2	resister	1	NO
WWTR1	resister	1	NO
XCR1	resister	1	NO
XPNPEP1	resister	1	NO
XPO1	resister	1	NO
XPO6	resister	1	NO
XRCC4	resister	1	NO
XYLB	resister	1	NO
YARS2	resister	1	NO
YEATS4	resister	1	NO
YIPF5	resister	1	NO
YLPM1	resister	1	NO
YWHAE	resister	1	NO
YWHAG	resister	1	NO
YY1	resister	1	NO
ZBED4	resister	1	NO
ZBTB21	resister	1	NO
ZBTB9	resister	1	NO
ZC3H12C	resister	1	NO
ZC3H7B	resister	1	NO
ZC3H8	resister	1	NO
ZCCHC10	resister	1	NO
ZCCHC7	resister	1	NO
ZCWPW1	resister	1	NO
ZDHHC14	resister	1	NO
ZDHHC8	resister	1	NO
ZEB1	resister	1	NO
ZFHX3	resister	1	NO
ZFP2	resister	1	NO
ZFP36L2	resister	1	NO
ZFP42	resister	1	NO
ZFR	resister	1	NO
ZFYVE21	resister	1	NO
ZFYVE28	resister	1	NO
ZIC2	resister	1	NO
ZIK1	resister	1	NO
ZIM3	resister	1	NO
ZKSCAN2	resister	1	NO
ZMIZ1	resister	1	NO
ZMYM3	resister	1	NO
ZNF106	resister	1	NO
ZNF124	resister	1	NO
ZNF131	resister	1	NO
ZNF148	resister	1	NO
ZNF154	resister	1	NO
ZNF213	resister	1	NO
ZNF222	resister	1	NO
ZNF229	resister	1	NO
ZNF253	resister	1	NO
ZNF280C	resister	1	NO
ZNF287	resister	1	NO
ZNF318	resister	1	NO
ZNF341	resister	1	NO
ZNF367	resister	1	NO
ZNF41	resister	1	NO
ZNF414	resister	1	NO
ZNF415	resister	1	NO
ZNF43	resister	1	NO
ZNF430	resister	1	NO
ZNF433	resister	1	NO
ZNF461	resister	1	NO
ZNF519	resister	1	NO
ZNF552	resister	1	NO
ZNF566	resister	1	NO
ZNF569	resister	1	NO
ZNF574	resister	1	NO
ZNF576	resister	1	NO
ZNF597	resister	1	NO
ZNF598	resister	1	NO
ZNF613	resister	1	NO
ZNF619	resister	1	NO
ZNF622	resister	1	NO
ZNF655	resister	1	NO
ZNF665	resister	1	NO
ZNF689	resister	1	NO
ZNF697	resister	1	NO
ZNF716	resister	1	NO
ZNF728	resister	1	NO
ZNF750	resister	1	NO
ZNF76	resister	1	NO
ZNF770	resister	1	NO
ZNF786	resister	1	NO
ZNF846	resister	1	NO
ZNF850	resister	1	NO
ZNHIT1	resister	1	NO
ZSCAN10	resister	1	NO
ZSCAN18	resister	1	NO
ZXDA	resister	1	NO
hsa-mir-101-2	resister	1	NO
hsa-mir-1207	resister	1	NO
hsa-mir-1236	resister	1	NO
hsa-mir-1268b	resister	1	NO
hsa-mir-1273a	resister	1	NO
hsa-mir-1289-2	resister	1	NO
hsa-mir-1299	resister	1	NO
hsa-mir-1303	resister	1	NO
hsa-mir-1321	resister	1	NO
hsa-mir-147b	resister	1	NO
hsa-mir-153-1	resister	1	NO
hsa-mir-1910	resister	1	NO
hsa-mir-3064	resister	1	NO
hsa-mir-3188	resister	1	NO
hsa-mir-3197	resister	1	NO
hsa-mir-320e	resister	1	NO
hsa-mir-328	resister	1	NO
hsa-mir-378f	resister	1	NO
hsa-mir-3925	resister	1	NO
hsa-mir-3929	resister	1	NO
hsa-mir-3936	resister	1	NO
hsa-mir-410	resister	1	NO
hsa-mir-421	resister	1	NO
hsa-mir-4261	resister	1	NO
hsa-mir-4266	resister	1	NO
hsa-mir-4425	resister	1	NO
hsa-mir-4442	resister	1	NO
hsa-mir-4443	resister	1	NO
hsa-mir-4467	resister	1	NO
hsa-mir-4484	resister	1	NO
hsa-mir-4489	resister	1	NO
hsa-mir-4503	resister	1	NO
hsa-mir-4538	resister	1	NO
hsa-mir-4639	resister	1	NO
hsa-mir-4651	resister	1	NO
hsa-mir-4665	resister	1	NO
hsa-mir-4675	resister	1	NO
hsa-mir-4700	resister	1	NO
hsa-mir-4728	resister	1	NO
hsa-mir-4802	resister	1	NO
hsa-mir-487a	resister	1	NO
hsa-mir-489	resister	1	NO
hsa-mir-520a	resister	1	NO
hsa-mir-544b	resister	1	NO
hsa-mir-548e	resister	1	NO
hsa-mir-548s	resister	1	NO
hsa-mir-566	resister	1	NO
hsa-mir-611	resister	1	NO
hsa-mir-6127	resister	1	NO
hsa-mir-6516	resister	1	NO
hsa-mir-654	resister	1	NO
hsa-mir-657	resister	1	NO
hsa-mir-6789	resister	1	NO
hsa-mir-7114	resister	1	NO
hsa-mir-7856	resister	1	NO
hsa-mir-8078	resister	1	NO
hsa-mir-877	resister	1	NO
SOCS1	sensitizer	15	NO
CFLAR	sensitizer	14	NO
TRAF2	sensitizer	14	NO
HLA-E	sensitizer	13	NO
PTPN2	sensitizer	13	NO
RNF31	sensitizer	12	NO
ATG5	sensitizer	11	NO
IKBKG	sensitizer	11	NO
RBCK1	sensitizer	11	NO
ADAR	sensitizer	10	NO
SETDB1	sensitizer	10	NO
STAT1	sensitizer	10	NO
TBK1	sensitizer	10	YES
IRF1	sensitizer	9	NO
TAP2	sensitizer	9	YES
TNFAIP3	sensitizer	9	NO
UBE2N	sensitizer	9	NO
ATG12	sensitizer	8	NO
ATG3	sensitizer	8	NO
CD274	sensitizer	8	NO
ERAP1	sensitizer	8	NO
FITM2	sensitizer	8	NO
GPAA1	sensitizer	8	NO
GPI	sensitizer	8	NO
SERPINB9	sensitizer	8	NO
STUB1	sensitizer	8	NO
TAP1	sensitizer	8	YES
ATG10	sensitizer	7	NO
B2M	sensitizer	7	NO
BIRC2	sensitizer	7	YES
CALR	sensitizer	7	NO
CHIC2	sensitizer	7	NO
IFNGR1	sensitizer	7	NO
PSMB8	sensitizer	7	YES
RB1CC1	sensitizer	7	YES
RELA	sensitizer	7	NO
RIPK1	sensitizer	7	NO
TAPBP	sensitizer	7	YES
VPS4B	sensitizer	7	NO
ATG13	sensitizer	6	NO
CHMP3	sensitizer	6	YES
CHMP5	sensitizer	6	NO
EMC6	sensitizer	6	NO
FADD	sensitizer	6	NO
IKBKB	sensitizer	6	NO
IST1	sensitizer	6	NO
JAK2	sensitizer	6	NO
JMJD6	sensitizer	6	NO
KEAP1	sensitizer	6	NO
KMT2D	sensitizer	6	NO
MAPK1	sensitizer	6	NO
MCL1	sensitizer	6	YES
MPHOSPH8	sensitizer	6	NO
PDIA3	sensitizer	6	NO
PIGS	sensitizer	6	NO
PIGU	sensitizer	6	NO
SETD1A	sensitizer	6	NO
TAB1	sensitizer	6	NO
TAB2	sensitizer	6	NO
TMEM127	sensitizer	6	NO
VPS16	sensitizer	6	NO
VPS29	sensitizer	6	NO
VPS33A	sensitizer	6	NO
ATG14	sensitizer	5	NO
ATG7	sensitizer	5	NO
BAP1	sensitizer	5	NO
BECN1	sensitizer	5	NO
CDK13	sensitizer	5	NO
CREBBP	sensitizer	5	NO
DDX59	sensitizer	5	NO
DNAJC13	sensitizer	5	NO
EMC8	sensitizer	5	NO
FAM58A	sensitizer	5	NO
GALE	sensitizer	5	NO
HDAC1	sensitizer	5	NO
HM13	sensitizer	5	NO
HSPA13	sensitizer	5	NO
JAK1	sensitizer	5	NO
KLF5	sensitizer	5	NO
LIPT2	sensitizer	5	NO
MED23	sensitizer	5	NO
MORC2	sensitizer	5	NO
MTA2	sensitizer	5	NO
PCBP1	sensitizer	5	YES
PIGK	sensitizer	5	YES
PIK3C3	sensitizer	5	NO
PKN2	sensitizer	5	NO
PPHLN1	sensitizer	5	YES
PPP1R8	sensitizer	5	YES
PSMG1	sensitizer	5	NO
PTAR1	sensitizer	5	NO
PTPN1	sensitizer	5	NO
RER1	sensitizer	5	NO
RGP1	sensitizer	5	NO
RIC8A	sensitizer	5	NO
SLC33A1	sensitizer	5	NO
SMARCA4	sensitizer	5	NO
SMARCA5	sensitizer	5	NO
TFRC	sensitizer	5	NO
TPI1	sensitizer	5	NO
TRAF3	sensitizer	5	NO
TRAF6	sensitizer	5	NO
VPS11	sensitizer	5	NO
WIPI2	sensitizer	5	NO
XRN1	sensitizer	5	NO
ADNP	sensitizer	4	NO
AGO2	sensitizer	4	NO
ARID2	sensitizer	4	YES
ARID4A	sensitizer	4	NO
ATF4	sensitizer	4	NO
ATG16L1	sensitizer	4	NO
ATG2A	sensitizer	4	NO
ATG9A	sensitizer	4	NO
BCL2L1	sensitizer	4	NO
C1orf27	sensitizer	4	NO
CCNA2	sensitizer	4	NO
CCNC	sensitizer	4	NO
CDK2	sensitizer	4	YES
CHD1	sensitizer	4	NO
CHMP1A	sensitizer	4	NO
CHMP6	sensitizer	4	NO
CMAS	sensitizer	4	NO
CTCF	sensitizer	4	NO
DCP1A	sensitizer	4	NO
EI24	sensitizer	4	NO
EMC3	sensitizer	4	NO
EMC4	sensitizer	4	NO
ERI1	sensitizer	4	NO
GFPT1	sensitizer	4	NO
GPX4	sensitizer	4	NO
HIRA	sensitizer	4	NO
HSD17B10	sensitizer	4	NO
IARS2	sensitizer	4	NO
ICMT	sensitizer	4	NO
ILK	sensitizer	4	NO
IPPK	sensitizer	4	NO
ITGAV	sensitizer	4	NO
ITGB5	sensitizer	4	NO
KDM5A	sensitizer	4	NO
MAEA	sensitizer	4	NO
MAP3K7	sensitizer	4	NO
MED16	sensitizer	4	NO
MED24	sensitizer	4	YES
MGAT1	sensitizer	4	NO
N6AMT1	sensitizer	4	NO
NCSTN	sensitizer	4	NO
PHF23	sensitizer	4	NO
PIGT	sensitizer	4	NO
PPP1CA	sensitizer	4	NO
PPP2R2A	sensitizer	4	NO
PRMT7	sensitizer	4	NO
PSENEN	sensitizer	4	YES
PTPN11	sensitizer	4	NO
RAB7A	sensitizer	4	NO
RAF1	sensitizer	4	NO
RBBP4	sensitizer	4	YES
SCAF4	sensitizer	4	NO
SEPHS1	sensitizer	4	NO
SHARPIN	sensitizer	4	NO
SLC2A1	sensitizer	4	NO
SMARCD1	sensitizer	4	NO
SOCS3	sensitizer	4	NO
SRRD	sensitizer	4	NO
STK11	sensitizer	4	NO
STRAP	sensitizer	4	NO
TAF6L	sensitizer	4	NO
TGFBR2	sensitizer	4	NO
TMEM41B	sensitizer	4	NO
TRIM24	sensitizer	4	NO
TRIM28	sensitizer	4	NO
TRPM7	sensitizer	4	NO
TSC1	sensitizer	4	NO
TSC2	sensitizer	4	NO
UBE2M	sensitizer	4	NO
UBR4	sensitizer	4	NO
UFL1	sensitizer	4	NO
UGP2	sensitizer	4	NO
UHRF1	sensitizer	4	NO
USP18	sensitizer	4	NO
USP7	sensitizer	4	NO
VDAC2	sensitizer	4	NO
VPS35	sensitizer	4	NO
VPS37A	sensitizer	4	NO
WDR82	sensitizer	4	NO
WHSC1	sensitizer	4	NO
WWP2	sensitizer	4	NO
ACTR2	sensitizer	3	YES
AHSA1	sensitizer	3	NO
ALG8	sensitizer	3	NO
ANKRD52	sensitizer	3	YES
ARF6	sensitizer	3	NO
ASF1A	sensitizer	3	NO
ATAD3A	sensitizer	3	NO
ATF7IP	sensitizer	3	YES
ATP13A1	sensitizer	3	NO
ATRX	sensitizer	3	NO
BCOR	sensitizer	3	NO
BRAT1	sensitizer	3	YES
BRD1	sensitizer	3	NO
BRD2	sensitizer	3	NO
BRPF1	sensitizer	3	NO
BRWD3	sensitizer	3	NO
CAD	sensitizer	3	NO
CCND1	sensitizer	3	NO
CEP55	sensitizer	3	NO
CHD4	sensitizer	3	NO
CHMP2A	sensitizer	3	NO
CHUK	sensitizer	3	NO
COG7	sensitizer	3	NO
COX10	sensitizer	3	NO
CR1L	sensitizer	3	NO
CREB1	sensitizer	3	NO
CSNK2A2	sensitizer	3	NO
CTNNB1	sensitizer	3	NO
CTPS1	sensitizer	3	NO
CUL5	sensitizer	3	NO
CWC27	sensitizer	3	NO
CXXC1	sensitizer	3	NO
DDX42	sensitizer	3	NO
DGCR8	sensitizer	3	NO
DICER1	sensitizer	3	NO
DIDO1	sensitizer	3	NO
DNAJA2	sensitizer	3	NO
DNTTIP1	sensitizer	3	NO
DPF2	sensitizer	3	NO
DPH5	sensitizer	3	YES
DR1	sensitizer	3	YES
DSCC1	sensitizer	3	NO
EED	sensitizer	3	NO
EHMT2	sensitizer	3	YES
ELMSAN1	sensitizer	3	NO
EMC1	sensitizer	3	NO
EMC2	sensitizer	3	YES
EP300	sensitizer	3	NO
EPG5	sensitizer	3	NO
F8A1	sensitizer	3	NO
F8A2	sensitizer	3	NO
F8A3	sensitizer	3	NO
FERMT2	sensitizer	3	NO
GATAD2A	sensitizer	3	NO
GCLC	sensitizer	3	NO
GLCE	sensitizer	3	NO
GLS	sensitizer	3	NO
GNPNAT1	sensitizer	3	NO
GOSR1	sensitizer	3	NO
GSS	sensitizer	3	NO
HEXIM1	sensitizer	3	YES
HGS	sensitizer	3	NO
HLA-A	sensitizer	3	NO
HNRNPF	sensitizer	3	NO
HNRNPU	sensitizer	3	NO
HSP90AB1	sensitizer	3	NO
IFNGR2	sensitizer	3	NO
ING3	sensitizer	3	NO
INTS3	sensitizer	3	NO
IRGM	sensitizer	3	NO
JAGN1	sensitizer	3	NO
JUNB	sensitizer	3	NO
KCMF1	sensitizer	3	YES
KDM1A	sensitizer	3	NO
KDM5C	sensitizer	3	NO
KDM6A	sensitizer	3	NO
KDSR	sensitizer	3	NO
KHNYN	sensitizer	3	NO
LDHA	sensitizer	3	NO
LIAS	sensitizer	3	NO
LIPT1	sensitizer	3	NO
LRP10	sensitizer	3	NO
MAP2K3	sensitizer	3	NO
MARS2	sensitizer	3	NO
MBD3	sensitizer	3	NO
MED14	sensitizer	3	NO
MED4	sensitizer	3	NO
METTL14	sensitizer	3	NO
METTL3	sensitizer	3	NO
MGA	sensitizer	3	NO
MOGS	sensitizer	3	YES
MRPL44	sensitizer	3	NO
MVD	sensitizer	3	NO
MYBL1	sensitizer	3	NO
N4BP1	sensitizer	3	NO
NADK	sensitizer	3	NO
NAMPT	sensitizer	3	NO
NCBP1	sensitizer	3	NO
NCBP2	sensitizer	3	NO
NCOR2	sensitizer	3	NO
NDUFA13	sensitizer	3	NO
NDUFS7	sensitizer	3	NO
NDUFS8	sensitizer	3	NO
NEDD8	sensitizer	3	NO
NFRKB	sensitizer	3	NO
NGLY1	sensitizer	3	NO
NMNAT1	sensitizer	3	NO
NPM1	sensitizer	3	NO
NPRL2	sensitizer	3	NO
NPRL3	sensitizer	3	NO
NRBF2	sensitizer	3	NO
NSD1	sensitizer	3	NO
PABPN1	sensitizer	3	NO
PAK1IP1	sensitizer	3	NO
PAX3	sensitizer	3	NO
PCBP2	sensitizer	3	YES
PCED1B	sensitizer	3	NO
PCIF1	sensitizer	3	NO
PCYT2	sensitizer	3	NO
PDCD6IP	sensitizer	3	NO
PGM3	sensitizer	3	NO
PHF12	sensitizer	3	NO
PIGO	sensitizer	3	NO
PKM	sensitizer	3	NO
PMM2	sensitizer	3	NO
POLR2A	sensitizer	3	NO
PPCDC	sensitizer	3	NO
PPCS	sensitizer	3	YES
PPP1R2	sensitizer	3	NO
PRMT1	sensitizer	3	NO
PSMF1	sensitizer	3	NO
PTK2	sensitizer	3	NO
PUF60	sensitizer	3	NO
RAB5C	sensitizer	3	YES
RAD51	sensitizer	3	NO
RFWD2	sensitizer	3	NO
RNF4	sensitizer	3	NO
RPUSD4	sensitizer	3	NO
S100PBP	sensitizer	3	YES
SARNP	sensitizer	3	YES
SCRIB	sensitizer	3	NO
SEC11A	sensitizer	3	NO
SEC63	sensitizer	3	NO
SETDB2	sensitizer	3	NO
SLC25A26	sensitizer	3	NO
SLC35A1	sensitizer	3	NO
SLC39A10	sensitizer	3	NO
SMC3	sensitizer	3	NO
SPCS1	sensitizer	3	NO
SPTLC1	sensitizer	3	NO
SPTLC2	sensitizer	3	NO
SRM	sensitizer	3	NO
SRRT	sensitizer	3	NO
STOML2	sensitizer	3	NO
TADA1	sensitizer	3	YES
TADA2B	sensitizer	3	NO
TAF2	sensitizer	3	NO
TAPT1	sensitizer	3	NO
TAX1BP1	sensitizer	3	NO
TCEB1	sensitizer	3	NO
TECR	sensitizer	3	NO
TFPT	sensitizer	3	NO
TIPARP	sensitizer	3	NO
TM2D1	sensitizer	3	YES
TM2D2	sensitizer	3	NO
TMEM208	sensitizer	3	NO
TMX2	sensitizer	3	NO
TNIP1	sensitizer	3	NO
TOMM70A	sensitizer	3	NO
TPR	sensitizer	3	NO
UBA6	sensitizer	3	NO
UBE2A	sensitizer	3	NO
UBE2H	sensitizer	3	YES
UBE4B	sensitizer	3	NO
UBIAD1	sensitizer	3	NO
UFC1	sensitizer	3	NO
UMPS	sensitizer	3	NO
USP9X	sensitizer	3	NO
UXS1	sensitizer	3	NO
VPS13A	sensitizer	3	NO
VPS18	sensitizer	3	NO
VPS45	sensitizer	3	NO
WDR7	sensitizer	3	NO
WRAP53	sensitizer	3	NO
XPO7	sensitizer	3	NO
YAP1	sensitizer	3	NO
YEATS4	sensitizer	3	YES
YTHDF2	sensitizer	3	YES
ZC3H3	sensitizer	3	NO
ZC3HAV1	sensitizer	3	NO
ZNF281	sensitizer	3	NO
ZNF827	sensitizer	3	NO
5-Mar	sensitizer	2	NO
ACAD9	sensitizer	2	NO
ACLY	sensitizer	2	YES
ACSL3	sensitizer	2	NO
ACTB	sensitizer	2	YES
ACTR3	sensitizer	2	NO
ACTR6	sensitizer	2	YES
ACTR8	sensitizer	2	NO
ADAMTS12	sensitizer	2	NO
ADAT2	sensitizer	2	NO
AHCY	sensitizer	2	NO
AIFM1	sensitizer	2	NO
ALG3	sensitizer	2	NO
ALG9	sensitizer	2	NO
ALK	sensitizer	2	NO
ALOX5	sensitizer	2	NO
ANKRD34A	sensitizer	2	YES
API5	sensitizer	2	NO
AR	sensitizer	2	NO
ARHGEF7	sensitizer	2	NO
ARID1A	sensitizer	2	NO
ARID4B	sensitizer	2	NO
ARIH1	sensitizer	2	NO
ARL14EP	sensitizer	2	NO
ARMC7	sensitizer	2	NO
ARNT	sensitizer	2	NO
ARPC4	sensitizer	2	NO
ASCC1	sensitizer	2	NO
ATAD1	sensitizer	2	NO
AZI2	sensitizer	2	NO
B4GALT1	sensitizer	2	NO
BAG6	sensitizer	2	YES
BCAR1	sensitizer	2	NO
BCLAF1	sensitizer	2	NO
BIRC6	sensitizer	2	NO
BPTF	sensitizer	2	NO
BRD7	sensitizer	2	NO
BRD9	sensitizer	2	NO
BTAF1	sensitizer	2	NO
C16orf52	sensitizer	2	NO
C19orf43	sensitizer	2	NO
C1GALT1	sensitizer	2	YES
C1GALT1C1	sensitizer	2	NO
C1R	sensitizer	2	NO
CALCOCO2	sensitizer	2	YES
CAND1	sensitizer	2	YES
CAPZB	sensitizer	2	NO
CARM1	sensitizer	2	NO
CBFB	sensitizer	2	NO
CCDC134	sensitizer	2	NO
CCIN	sensitizer	2	NO
CCNE1	sensitizer	2	NO
CCR4	sensitizer	2	NO
CCS	sensitizer	2	NO
CCZ1	sensitizer	2	NO
CCZ1B	sensitizer	2	YES
CD36	sensitizer	2	NO
CD44	sensitizer	2	NO
CD47	sensitizer	2	NO
CDC37	sensitizer	2	NO
CDK10	sensitizer	2	NO
CDKN2AIP	sensitizer	2	NO
CDYL	sensitizer	2	NO
CEBPB	sensitizer	2	NO
CEBPG	sensitizer	2	NO
CENPI	sensitizer	2	NO
CENPM	sensitizer	2	NO
CHD7	sensitizer	2	NO
CHMP4B	sensitizer	2	NO
CHMP7	sensitizer	2	NO
CHORDC1	sensitizer	2	NO
CHP1	sensitizer	2	NO
CHTF8	sensitizer	2	NO
CKS1B	sensitizer	2	NO
CMTR1	sensitizer	2	NO
CMTR2	sensitizer	2	NO
CNOT3	sensitizer	2	NO
CNOT8	sensitizer	2	NO
COG2	sensitizer	2	NO
COG4	sensitizer	2	NO
COG5	sensitizer	2	NO
COMMD4	sensitizer	2	NO
COPB2	sensitizer	2	NO
COPS4	sensitizer	2	NO
COQ2	sensitizer	2	NO
COQ3	sensitizer	2	NO
COX14	sensitizer	2	NO
COX18	sensitizer	2	NO
COX6B1	sensitizer	2	YES
CRKL	sensitizer	2	NO
CS	sensitizer	2	YES
CUL2	sensitizer	2	NO
CUL3	sensitizer	2	NO
CXorf56	sensitizer	2	NO
CYFIP1	sensitizer	2	NO
DAPK3	sensitizer	2	NO
DAXX	sensitizer	2	YES
DCAF7	sensitizer	2	NO
DDI2	sensitizer	2	NO
DDX23	sensitizer	2	NO
DDX39B	sensitizer	2	NO
DEPDC5	sensitizer	2	NO
DHPS	sensitizer	2	NO
DHRSX	sensitizer	2	NO
DHX36	sensitizer	2	NO
DIMT1	sensitizer	2	NO
DIS3	sensitizer	2	NO
DLD	sensitizer	2	NO
DLG5	sensitizer	2	NO
DNAJC2	sensitizer	2	NO
DNAJC9	sensitizer	2	NO
DNMT3B	sensitizer	2	NO
DOLK	sensitizer	2	NO
DPH2	sensitizer	2	NO
DPH6	sensitizer	2	NO
DPM3	sensitizer	2	NO
DUT	sensitizer	2	NO
E2F3	sensitizer	2	NO
EDC4	sensitizer	2	NO
EFTUD2	sensitizer	2	YES
EGLN1	sensitizer	2	NO
EIF2B4	sensitizer	2	NO
EIF4ENIF1	sensitizer	2	NO
ELAC2	sensitizer	2	NO
ELAVL1	sensitizer	2	NO
ELMO2	sensitizer	2	NO
ELOVL1	sensitizer	2	YES
EMC7	sensitizer	2	NO
ERCC2	sensitizer	2	NO
ERCC3	sensitizer	2	NO
EXOC5	sensitizer	2	NO
EXOC7	sensitizer	2	NO
EXOSC2	sensitizer	2	NO
EXOSC7	sensitizer	2	NO
EZH2	sensitizer	2	NO
FAM122A	sensitizer	2	NO
FARS2	sensitizer	2	NO
FBXL18	sensitizer	2	YES
FBXO11	sensitizer	2	NO
FBXO28	sensitizer	2	NO
FBXO42	sensitizer	2	NO
FBXO7	sensitizer	2	NO
FDX1	sensitizer	2	NO
FECH	sensitizer	2	NO
FEN1	sensitizer	2	NO
FH	sensitizer	2	NO
FIS1	sensitizer	2	NO
FKRP	sensitizer	2	NO
FLAD1	sensitizer	2	NO
FNTB	sensitizer	2	NO
FOSL1	sensitizer	2	NO
FOXRED1	sensitizer	2	NO
FURIN	sensitizer	2	NO
G6PD	sensitizer	2	NO
GABARAPL2	sensitizer	2	NO
GABRB3	sensitizer	2	NO
GADD45A	sensitizer	2	YES
GATA3	sensitizer	2	NO
GGNBP2	sensitizer	2	NO
GLRX3	sensitizer	2	NO
GMEB2	sensitizer	2	NO
GMPPB	sensitizer	2	NO
GNA11	sensitizer	2	NO
GNA13	sensitizer	2	NO
GNB1L	sensitizer	2	NO
GNE	sensitizer	2	NO
GPATCH8	sensitizer	2	YES
GPN2	sensitizer	2	NO
GSK3A	sensitizer	2	NO
GTF2E1	sensitizer	2	NO
HDAC8	sensitizer	2	NO
HELZ	sensitizer	2	NO
HIST1H2AC	sensitizer	2	YES
HIST1H2BH	sensitizer	2	NO
HNF1B	sensitizer	2	NO
HSF1	sensitizer	2	NO
HSP90B1	sensitizer	2	NO
HTRA4	sensitizer	2	NO
HYPK	sensitizer	2	NO
IER3IP1	sensitizer	2	NO
IFNAR1	sensitizer	2	NO
ILF2	sensitizer	2	NO
ILF3	sensitizer	2	NO
ILKAP	sensitizer	2	NO
ING2	sensitizer	2	NO
ING5	sensitizer	2	NO
INIP	sensitizer	2	NO
INO80	sensitizer	2	NO
INTS10	sensitizer	2	NO
INTS12	sensitizer	2	NO
INTS5	sensitizer	2	NO
INTS6	sensitizer	2	NO
IPMK	sensitizer	2	NO
IPO11	sensitizer	2	NO
IQSEC1	sensitizer	2	NO
IRF2	sensitizer	2	NO
IRF9	sensitizer	2	NO
ITPK1	sensitizer	2	NO
JUN	sensitizer	2	YES
KAT2A	sensitizer	2	YES
KAT7	sensitizer	2	YES
KAT8	sensitizer	2	NO
KDM3B	sensitizer	2	NO
KDM8	sensitizer	2	NO
KIAA1524	sensitizer	2	NO
KIF20A	sensitizer	2	NO
KRIT1	sensitizer	2	NO
KXD1	sensitizer	2	NO
L3MBTL2	sensitizer	2	NO
LARS2	sensitizer	2	NO
LCMT1	sensitizer	2	NO
LEMD2	sensitizer	2	NO
LONP1	sensitizer	2	NO
LPAR2	sensitizer	2	NO
LSM10	sensitizer	2	YES
LSM4	sensitizer	2	NO
LUC7L2	sensitizer	2	NO
LYN	sensitizer	2	NO
MAP2K7	sensitizer	2	NO
MAPK14	sensitizer	2	NO
MAPK3	sensitizer	2	NO
MAPK7	sensitizer	2	NO
MAPKAPK2	sensitizer	2	NO
MARK2	sensitizer	2	NO
MATR3	sensitizer	2	NO
MC1R	sensitizer	2	NO
MCAM	sensitizer	2	NO
MDH2	sensitizer	2	NO
MED12	sensitizer	2	NO
MED13	sensitizer	2	NO
MED17	sensitizer	2	NO
MED18	sensitizer	2	YES
MED20	sensitizer	2	NO
MED25	sensitizer	2	NO
MED26	sensitizer	2	NO
MED28	sensitizer	2	NO
MED7	sensitizer	2	NO
MED9	sensitizer	2	NO
MEFV	sensitizer	2	NO
MEGF8	sensitizer	2	NO
MEN1	sensitizer	2	NO
MEX3A	sensitizer	2	NO
MFN1	sensitizer	2	NO
MOB4	sensitizer	2	NO
MON2	sensitizer	2	YES
MPDU1	sensitizer	2	NO
MRPL20	sensitizer	2	NO
MRPL36	sensitizer	2	NO
MRPS18A	sensitizer	2	NO
MRPS21	sensitizer	2	NO
MTA1	sensitizer	2	NO
MTA3	sensitizer	2	NO
MTERFD2	sensitizer	2	NO
MYCBP2	sensitizer	2	NO
NAA20	sensitizer	2	NO
NACA	sensitizer	2	YES
NANS	sensitizer	2	NO
NARS2	sensitizer	2	NO
NDNL2	sensitizer	2	NO
NDUFA9	sensitizer	2	NO
NDUFAF5	sensitizer	2	NO
NDUFAF7	sensitizer	2	NO
NDUFB6	sensitizer	2	NO
NDUFB8	sensitizer	2	NO
NDUFB9	sensitizer	2	YES
NDUFS1	sensitizer	2	NO
NDUFS2	sensitizer	2	NO
NDUFV1	sensitizer	2	NO
NEK6	sensitizer	2	NO
NELFCD	sensitizer	2	NO
NFKB1	sensitizer	2	NO
NOB1	sensitizer	2	NO
NOP2	sensitizer	2	NO
NSMCE1	sensitizer	2	NO
NSMCE2	sensitizer	2	NO
NSMCE4A	sensitizer	2	NO
NSUN4	sensitizer	2	YES
NUDCD2	sensitizer	2	NO
NUDT21	sensitizer	2	NO
OGT	sensitizer	2	NO
PABPC1	sensitizer	2	YES
PAK2	sensitizer	2	NO
PAN2	sensitizer	2	YES
PBRM1	sensitizer	2	NO
PBX3	sensitizer	2	NO
PCNP	sensitizer	2	NO
PCP4	sensitizer	2	NO
PDCD10	sensitizer	2	NO
PDE7A	sensitizer	2	YES
PDHA1	sensitizer	2	NO
PDHB	sensitizer	2	NO
PDS5A	sensitizer	2	NO
PEX12	sensitizer	2	NO
PEX16	sensitizer	2	NO
PEX3	sensitizer	2	NO
PFDN2	sensitizer	2	NO
PGD	sensitizer	2	NO
PGK1	sensitizer	2	NO
PGLS	sensitizer	2	NO
PGRMC2	sensitizer	2	NO
PHF6	sensitizer	2	NO
PHF8	sensitizer	2	NO
PHIP	sensitizer	2	NO
PI4KB	sensitizer	2	NO
PIGA	sensitizer	2	NO
PIGB	sensitizer	2	NO
PIGC	sensitizer	2	NO
PIGH	sensitizer	2	NO
PIGL	sensitizer	2	NO
PIGM	sensitizer	2	NO
PIGP	sensitizer	2	NO
PIGV	sensitizer	2	NO
PIGW	sensitizer	2	NO
PIGX	sensitizer	2	NO
PIGY	sensitizer	2	NO
PIK3CA	sensitizer	2	NO
PIK3R4	sensitizer	2	NO
PITRM1	sensitizer	2	YES
PITX1	sensitizer	2	NO
PNPT1	sensitizer	2	NO
POLD1	sensitizer	2	NO
POLE3	sensitizer	2	NO
PPA2	sensitizer	2	NO
PPP1CB	sensitizer	2	NO
PPP1R10	sensitizer	2	NO
PPP1R15A	sensitizer	2	YES
PPP1R7	sensitizer	2	NO
PPP2R1A	sensitizer	2	NO
PPP2R4	sensitizer	2	NO
PPP4R2	sensitizer	2	NO
PRDX1	sensitizer	2	YES
PREB	sensitizer	2	NO
PRKAR1A	sensitizer	2	NO
PRKAR2A	sensitizer	2	NO
PRPF39	sensitizer	2	NO
PRRC2C	sensitizer	2	NO
PSMA3	sensitizer	2	NO
PSME1	sensitizer	2	NO
PSMG2	sensitizer	2	NO
PTEN	sensitizer	2	NO
PTPMT1	sensitizer	2	NO
PUM1	sensitizer	2	YES
PWP1	sensitizer	2	NO
QARS	sensitizer	2	NO
R3HDM1	sensitizer	2	NO
RAB10	sensitizer	2	NO
RAB14	sensitizer	2	NO
RAB6A	sensitizer	2	NO
RAD23B	sensitizer	2	NO
RAD51C	sensitizer	2	NO
RBM34	sensitizer	2	NO
RBM7	sensitizer	2	NO
RBMS1	sensitizer	2	NO
RCC2	sensitizer	2	NO
RCE1	sensitizer	2	NO
RFK	sensitizer	2	NO
RFXANK	sensitizer	2	NO
RHOT1	sensitizer	2	NO
RIF1	sensitizer	2	NO
RMDN3	sensitizer	2	NO
RNASEH2A	sensitizer	2	NO
RNASEH2C	sensitizer	2	NO
RNF19B	sensitizer	2	YES
RNF2	sensitizer	2	NO
RNF40	sensitizer	2	NO
RNF8	sensitizer	2	NO
RNMT	sensitizer	2	NO
RPA1	sensitizer	2	NO
RPL28	sensitizer	2	NO
RPL36AL	sensitizer	2	NO
RPRD2	sensitizer	2	NO
RREB1	sensitizer	2	NO
RSF1	sensitizer	2	NO
SAMD1	sensitizer	2	NO
SAMD3	sensitizer	2	NO
SAP130	sensitizer	2	NO
SAP18	sensitizer	2	NO
SAP30	sensitizer	2	NO
SENP3	sensitizer	2	NO
SEPHS2	sensitizer	2	NO
SEPSECS	sensitizer	2	NO
SETD2	sensitizer	2	NO
SF3A2	sensitizer	2	NO
SFTPC	sensitizer	2	NO
SHOC2	sensitizer	2	NO
SIN3A	sensitizer	2	NO
SLBP	sensitizer	2	NO
SLC16A1	sensitizer	2	NO
SLC35B1	sensitizer	2	YES
SLC35B4	sensitizer	2	NO
SLC39A9	sensitizer	2	NO
SLC4A7	sensitizer	2	NO
SLC7A5	sensitizer	2	NO
SLC7A6OS	sensitizer	2	NO
SMARCB1	sensitizer	2	NO
SMARCE1	sensitizer	2	YES
SMC6	sensitizer	2	NO
SMNDC1	sensitizer	2	NO
SNAPC1	sensitizer	2	NO
SNAPC4	sensitizer	2	NO
SOS1	sensitizer	2	NO
SOX9	sensitizer	2	NO
SP3	sensitizer	2	NO
SPOP	sensitizer	2	YES
SPTSSA	sensitizer	2	NO
SQLE	sensitizer	2	NO
SRC	sensitizer	2	NO
SRP19	sensitizer	2	NO
SRP68	sensitizer	2	NO
SRP72	sensitizer	2	NO
SS18L2	sensitizer	2	NO
STAB1	sensitizer	2	NO
STARD7	sensitizer	2	NO
STAT3	sensitizer	2	YES
SUDS3	sensitizer	2	NO
SUGP1	sensitizer	2	NO
SUPV3L1	sensitizer	2	NO
SUV39H1	sensitizer	2	NO
TAF1	sensitizer	2	NO
TAF3	sensitizer	2	NO
TAF7	sensitizer	2	NO
TAPBPL	sensitizer	2	NO
TARS2	sensitizer	2	NO
TASP1	sensitizer	2	NO
TBL1X	sensitizer	2	NO
TCEB2	sensitizer	2	NO
TDRKH	sensitizer	2	NO
TERT	sensitizer	2	NO
TFB2M	sensitizer	2	NO
TFDP1	sensitizer	2	NO
TGFBR3	sensitizer	2	NO
TGIF1	sensitizer	2	NO
TGIF2	sensitizer	2	NO
TIAL1	sensitizer	2	NO
TIMM22	sensitizer	2	NO
TK1	sensitizer	2	NO
TMEM147	sensitizer	2	NO
TMEM165	sensitizer	2	NO
TMEM189	sensitizer	2	NO
TMEM230	sensitizer	2	NO
TMEM245	sensitizer	2	NO
TMEM30A	sensitizer	2	NO
TMEM50A	sensitizer	2	YES
TOMM7	sensitizer	2	YES
TRADD	sensitizer	2	NO
TRAPPC4	sensitizer	2	NO
TRMT6	sensitizer	2	NO
TRMT61A	sensitizer	2	NO
TSFM	sensitizer	2	YES
TUFM	sensitizer	2	NO
TVP23B	sensitizer	2	NO
TXNDC15	sensitizer	2	NO
TYMS	sensitizer	2	NO
UBA3	sensitizer	2	NO
UBA5	sensitizer	2	NO
UBE2D3	sensitizer	2	NO
UBE2F	sensitizer	2	NO
UBE2J1	sensitizer	2	NO
UBE2L3	sensitizer	2	NO
UBE2W	sensitizer	2	NO
UBE3D	sensitizer	2	NO
UBR7	sensitizer	2	NO
UBXN2A	sensitizer	2	NO
UFM1	sensitizer	2	NO
UGGT1	sensitizer	2	NO
UNC50	sensitizer	2	YES
USP14	sensitizer	2	NO
USP19	sensitizer	2	NO
USP39	sensitizer	2	YES
USP8	sensitizer	2	NO
USPL1	sensitizer	2	NO
VCPIP1	sensitizer	2	NO
VMP1	sensitizer	2	YES
VPS25	sensitizer	2	NO
VPS39	sensitizer	2	NO
VPS41	sensitizer	2	NO
VPS52	sensitizer	2	YES
VPS53	sensitizer	2	NO
WARS2	sensitizer	2	NO
WBSCR16	sensitizer	2	NO
WDR25	sensitizer	2	NO
WNT3A	sensitizer	2	NO
WWTR1	sensitizer	2	NO
XAB2	sensitizer	2	NO
XIAP	sensitizer	2	NO
XPNPEP1	sensitizer	2	NO
YBX1	sensitizer	2	YES
YME1L1	sensitizer	2	NO
YWHAZ	sensitizer	2	YES
ZBTB10	sensitizer	2	YES
ZBTB2	sensitizer	2	NO
ZC3H18	sensitizer	2	NO
ZC3H4	sensitizer	2	NO
ZCCHC8	sensitizer	2	NO
ZFX	sensitizer	2	NO
ZNF106	sensitizer	2	NO
ZNF131	sensitizer	2	NO
ZNRD1	sensitizer	2	YES
ZZZ3	sensitizer	2	YES
6-Mar	sensitizer	1	NO
AAGAB	sensitizer	1	NO
AAK1	sensitizer	1	NO
AAMP	sensitizer	1	NO
AARS2	sensitizer	1	NO
AASDHPPT	sensitizer	1	NO
ABCC1	sensitizer	1	NO
ABCC8	sensitizer	1	NO
ABCD2	sensitizer	1	NO
ABCE1	sensitizer	1	NO
ABHD5	sensitizer	1	NO
ABHD8	sensitizer	1	NO
ABT1	sensitizer	1	NO
ACACA	sensitizer	1	NO
ACD	sensitizer	1	NO
ACO2	sensitizer	1	NO
ACOT6	sensitizer	1	NO
ACP5	sensitizer	1	NO
ACP6	sensitizer	1	NO
ACSL1	sensitizer	1	NO
ACSL4	sensitizer	1	NO
ACTG1	sensitizer	1	NO
ACTL6A	sensitizer	1	NO
ACTR1A	sensitizer	1	NO
ACTR3B	sensitizer	1	NO
ADAM10	sensitizer	1	NO
ADAM17	sensitizer	1	NO
ADAMDEC1	sensitizer	1	NO
ADAMTS13	sensitizer	1	NO
ADCK1	sensitizer	1	NO
ADCK4	sensitizer	1	NO
ADIPOR2	sensitizer	1	NO
ADRM1	sensitizer	1	NO
ADSL	sensitizer	1	NO
ADSS	sensitizer	1	NO
AFAP1L1	sensitizer	1	NO
AGPS	sensitizer	1	NO
AIF1	sensitizer	1	NO
AIP	sensitizer	1	NO
AK2	sensitizer	1	NO
AKT1	sensitizer	1	NO
ALAS1	sensitizer	1	NO
ALDH7A1	sensitizer	1	NO
ALDOA	sensitizer	1	NO
ALG1	sensitizer	1	NO
ALG5	sensitizer	1	NO
ALKBH3	sensitizer	1	NO
AMD1	sensitizer	1	NO
AMER1	sensitizer	1	NO
AMER3	sensitizer	1	NO
ANAPC13	sensitizer	1	NO
ANGEL2	sensitizer	1	NO
ANGPTL7	sensitizer	1	NO
ANKAR	sensitizer	1	NO
ANKEF1	sensitizer	1	NO
ANKFY1	sensitizer	1	NO
ANKH	sensitizer	1	NO
ANKRD11	sensitizer	1	NO
ANKRD17	sensitizer	1	NO
ANKRD33	sensitizer	1	NO
ANKRD45	sensitizer	1	NO
ANKRD46	sensitizer	1	NO
AOC2	sensitizer	1	NO
AP1B1	sensitizer	1	NO
AP1M1	sensitizer	1	NO
AP1M2	sensitizer	1	NO
AP2A2	sensitizer	1	NO
AP3M1	sensitizer	1	NO
AP4E1	sensitizer	1	NO
AP4S1	sensitizer	1	NO
APC	sensitizer	1	NO
APLP2	sensitizer	1	NO
APOBEC1	sensitizer	1	NO
APRT	sensitizer	1	NO
AQP1	sensitizer	1	NO
AQP3	sensitizer	1	NO
AQP8	sensitizer	1	NO
AQR	sensitizer	1	NO
ARAP2	sensitizer	1	NO
ARF3	sensitizer	1	NO
ARF4	sensitizer	1	NO
ARFGEF1	sensitizer	1	NO
ARHGAP11A	sensitizer	1	NO
ARHGAP21	sensitizer	1	NO
ARHGAP27	sensitizer	1	NO
ARHGAP28	sensitizer	1	NO
ARHGEF10L	sensitizer	1	NO
ARHGEF11	sensitizer	1	NO
ARID3C	sensitizer	1	NO
ARID5A	sensitizer	1	NO
ARL14EPL	sensitizer	1	NO
ARL16	sensitizer	1	NO
ARL6IP5	sensitizer	1	NO
ARMC5	sensitizer	1	NO
ARMC6	sensitizer	1	NO
ARMCX5	sensitizer	1	NO
ARPC1A	sensitizer	1	NO
ARPP21	sensitizer	1	NO
ARRB1	sensitizer	1	NO
ARRDC3	sensitizer	1	NO
ARRDC5	sensitizer	1	NO
ASB2	sensitizer	1	NO
ASCC3	sensitizer	1	NO
ASH2L	sensitizer	1	NO
ASNA1	sensitizer	1	NO
ASNSD1	sensitizer	1	NO
ASUN	sensitizer	1	NO
ASXL2	sensitizer	1	NO
ASXL3	sensitizer	1	NO
ATAD2B	sensitizer	1	NO
ATF3	sensitizer	1	NO
ATF6B	sensitizer	1	NO
ATG101	sensitizer	1	NO
ATG4B	sensitizer	1	NO
ATIC	sensitizer	1	NO
ATL2	sensitizer	1	NO
ATMIN	sensitizer	1	NO
ATP1A1	sensitizer	1	NO
ATP2A2	sensitizer	1	NO
ATP2B1	sensitizer	1	NO
ATP2C1	sensitizer	1	NO
ATP5A1	sensitizer	1	NO
ATP5B	sensitizer	1	NO
ATP5D	sensitizer	1	NO
ATP5F1	sensitizer	1	NO
ATP5H	sensitizer	1	NO
ATP5J2	sensitizer	1	NO
ATP5S	sensitizer	1	NO
ATP5SL	sensitizer	1	NO
ATP6AP1	sensitizer	1	NO
ATP6AP2	sensitizer	1	NO
ATP6V0B	sensitizer	1	NO
ATP6V1G1	sensitizer	1	NO
ATP6V1H	sensitizer	1	NO
ATP7A	sensitizer	1	NO
ATPAF2	sensitizer	1	NO
ATR	sensitizer	1	NO
ATXN2L	sensitizer	1	NO
AURKB	sensitizer	1	NO
AVEN	sensitizer	1	NO
AZIN1	sensitizer	1	NO
B3GALT6	sensitizer	1	NO
B3GAT1	sensitizer	1	NO
B3GAT3	sensitizer	1	NO
B3GNT2	sensitizer	1	NO
B4GALT7	sensitizer	1	NO
BABAM1	sensitizer	1	NO
BAHD1	sensitizer	1	NO
BANP	sensitizer	1	NO
BATF2	sensitizer	1	NO
BAZ2A	sensitizer	1	NO
BAZ2B	sensitizer	1	NO
BCAP31	sensitizer	1	NO
BCCIP	sensitizer	1	NO
BCL2	sensitizer	1	NO
BCL2A1	sensitizer	1	NO
BCO2	sensitizer	1	NO
BCS1L	sensitizer	1	NO
BGLAP	sensitizer	1	NO
BIRC3	sensitizer	1	NO
BIRC5	sensitizer	1	NO
BLOC1S1	sensitizer	1	NO
BMP3	sensitizer	1	NO
BMP5	sensitizer	1	NO
BMX	sensitizer	1	NO
BNC2	sensitizer	1	NO
BNIP3	sensitizer	1	NO
BOD1L1	sensitizer	1	NO
BOLA3	sensitizer	1	NO
BOLL	sensitizer	1	NO
BORA	sensitizer	1	NO
BPHL	sensitizer	1	NO
BPIFB3	sensitizer	1	NO
BPIFB6	sensitizer	1	NO
BPNT1	sensitizer	1	NO
BRAF	sensitizer	1	NO
BRINP2	sensitizer	1	NO
BSG	sensitizer	1	NO
BTBD6	sensitizer	1	NO
BTC	sensitizer	1	NO
BTNL10	sensitizer	1	NO
BUD31	sensitizer	1	NO
C10orf2	sensitizer	1	NO
C10orf76	sensitizer	1	NO
C12orf29	sensitizer	1	NO
C12orf45	sensitizer	1	NO
C12orf49	sensitizer	1	NO
C12orf5	sensitizer	1	NO
C12orf74	sensitizer	1	NO
C14orf166	sensitizer	1	NO
C15orf41	sensitizer	1	NO
C16orf70	sensitizer	1	NO
C16orf86	sensitizer	1	NO
C16orf90	sensitizer	1	NO
C16orf93	sensitizer	1	NO
C17orf102	sensitizer	1	NO
C17orf62	sensitizer	1	NO
C17orf70	sensitizer	1	NO
C17orf80	sensitizer	1	NO
C17orf89	sensitizer	1	NO
C18orf8	sensitizer	1	NO
C19orf52	sensitizer	1	NO
C1QB	sensitizer	1	NO
C1QBP	sensitizer	1	NO
C1QL4	sensitizer	1	NO
C1S	sensitizer	1	NO
C1orf115	sensitizer	1	NO
C1orf146	sensitizer	1	NO
C1orf43	sensitizer	1	NO
C1orf52	sensitizer	1	NO
C1orf64	sensitizer	1	NO
C1orf87	sensitizer	1	NO
C20orf78	sensitizer	1	NO
C20orf96	sensitizer	1	NO
C22orf28	sensitizer	1	NO
C2CD5	sensitizer	1	NO
C2orf15	sensitizer	1	NO
C2orf76	sensitizer	1	NO
C2orf88	sensitizer	1	NO
C3	sensitizer	1	NO
C3AR1	sensitizer	1	NO
C5AR1	sensitizer	1	NO
C5orf55	sensitizer	1	NO
C7orf26	sensitizer	1	NO
C7orf71	sensitizer	1	NO
C7orf76	sensitizer	1	NO
C8orf22	sensitizer	1	NO
C8orf33	sensitizer	1	NO
C8orf76	sensitizer	1	NO
C8orf86	sensitizer	1	NO
C9orf114	sensitizer	1	NO
C9orf40	sensitizer	1	NO
C9orf50	sensitizer	1	NO
C9orf78	sensitizer	1	NO
CA7	sensitizer	1	NO
CAB39L	sensitizer	1	NO
CABIN1	sensitizer	1	NO
CACHD1	sensitizer	1	NO
CALHM1	sensitizer	1	NO
CALM1	sensitizer	1	NO
CAMLG	sensitizer	1	NO
CAMSAP3	sensitizer	1	NO
CANT1	sensitizer	1	NO
CAPNS2	sensitizer	1	NO
CARD10	sensitizer	1	NO
CARHSP1	sensitizer	1	NO
CASP1	sensitizer	1	NO
CASP4	sensitizer	1	NO
CATSPERG	sensitizer	1	NO
CBFA2T2	sensitizer	1	NO
CBL	sensitizer	1	NO
CBLB	sensitizer	1	NO
CBLL1	sensitizer	1	NO
CBX4	sensitizer	1	NO
CCDC109B	sensitizer	1	NO
CCDC137	sensitizer	1	NO
CCDC155	sensitizer	1	NO
CCDC47	sensitizer	1	NO
CCDC51	sensitizer	1	NO
CCDC6	sensitizer	1	NO
CCDC66	sensitizer	1	NO
CCDC71L	sensitizer	1	NO
CCKBR	sensitizer	1	NO
CCL21	sensitizer	1	NO
CCL22	sensitizer	1	NO
CCNB1IP1	sensitizer	1	NO
CCND3	sensitizer	1	NO
CCNK	sensitizer	1	NO
CCNL1	sensitizer	1	NO
CCNT2	sensitizer	1	NO
CCPG1	sensitizer	1	NO
CCR2	sensitizer	1	NO
CCR5	sensitizer	1	NO
CCR8	sensitizer	1	NO
CCSER2	sensitizer	1	NO
CCT7	sensitizer	1	NO
CD14	sensitizer	1	NO
CD151	sensitizer	1	NO
CD163L1	sensitizer	1	NO
CD164L2	sensitizer	1	NO
CD200R1L	sensitizer	1	NO
CD2BP2	sensitizer	1	NO
CD300A	sensitizer	1	NO
CD300C	sensitizer	1	NO
CD300LF	sensitizer	1	NO
CD3G	sensitizer	1	NO
CD4	sensitizer	1	NO
CD72	sensitizer	1	NO
CDC14A	sensitizer	1	NO
CDC16	sensitizer	1	NO
CDC20	sensitizer	1	NO
CDC25A	sensitizer	1	NO
CDC42BPA	sensitizer	1	NO
CDC42BPB	sensitizer	1	NO
CDC5L	sensitizer	1	NO
CDC7	sensitizer	1	NO
CDCA7	sensitizer	1	NO
CDH18	sensitizer	1	NO
CDH3	sensitizer	1	NO
CDIPT	sensitizer	1	NO
CDK1	sensitizer	1	NO
CDK12	sensitizer	1	NO
CDK19	sensitizer	1	NO
CDK2AP2	sensitizer	1	NO
CDK5	sensitizer	1	NO
CDK6	sensitizer	1	NO
CDK7	sensitizer	1	NO
CDK8	sensitizer	1	NO
CDK9	sensitizer	1	NO
CDKN1A	sensitizer	1	NO
CDKN2A	sensitizer	1	NO
CDKN2B	sensitizer	1	NO
CEBPE	sensitizer	1	NO
CELA2B	sensitizer	1	NO
CELF2	sensitizer	1	NO
CENPC	sensitizer	1	NO
CENPL	sensitizer	1	NO
CENPO	sensitizer	1	NO
CENPT	sensitizer	1	NO
CEP41	sensitizer	1	NO
CEPT1	sensitizer	1	NO
CERS2	sensitizer	1	NO
CGREF1	sensitizer	1	NO
CHAF1A	sensitizer	1	NO
CHAMP1	sensitizer	1	NO
CHCHD1	sensitizer	1	NO
CHCHD10	sensitizer	1	NO
CHCHD2	sensitizer	1	NO
CHD2	sensitizer	1	NO
CHD6	sensitizer	1	NO
CHFR	sensitizer	1	NO
CHID1	sensitizer	1	NO
CHKA	sensitizer	1	NO
CHRAC1	sensitizer	1	NO
CHRNA10	sensitizer	1	NO
CHRNA9	sensitizer	1	NO
CHST13	sensitizer	1	NO
CHTF18	sensitizer	1	NO
CHTOP	sensitizer	1	NO
CIART	sensitizer	1	NO
CIB2	sensitizer	1	NO
CIDEB	sensitizer	1	NO
CIDEC	sensitizer	1	NO
CIITA	sensitizer	1	NO
CINP	sensitizer	1	NO
CIR1	sensitizer	1	NO
CIRH1A	sensitizer	1	NO
CKAP5	sensitizer	1	NO
CKB	sensitizer	1	NO
CLDN14	sensitizer	1	NO
CLDN17	sensitizer	1	NO
CLDN3	sensitizer	1	NO
CLDN8	sensitizer	1	NO
CLEC16A	sensitizer	1	NO
CLEC2D	sensitizer	1	NO
CLEC2L	sensitizer	1	NO
CLEC4A	sensitizer	1	NO
CLIP3	sensitizer	1	NO
CLNS1A	sensitizer	1	NO
CLOCK	sensitizer	1	NO
CLSPN	sensitizer	1	NO
CLTA	sensitizer	1	NO
CLTC	sensitizer	1	NO
CLUH	sensitizer	1	NO
CMC1	sensitizer	1	NO
CMIP	sensitizer	1	NO
CMPK1	sensitizer	1	NO
CNBD1	sensitizer	1	NO
CNBD2	sensitizer	1	NO
CNOT11	sensitizer	1	NO
CNOT6	sensitizer	1	NO
CNOT7	sensitizer	1	NO
COA3	sensitizer	1	NO
COA5	sensitizer	1	NO
COASY	sensitizer	1	NO
COG1	sensitizer	1	NO
COG3	sensitizer	1	NO
COG6	sensitizer	1	NO
COG8	sensitizer	1	NO
COL10A1	sensitizer	1	NO
COL20A1	sensitizer	1	NO
COL25A1	sensitizer	1	NO
COL4A3	sensitizer	1	NO
COL5A1	sensitizer	1	NO
COMMD10	sensitizer	1	NO
COMMD3	sensitizer	1	NO
COMTD1	sensitizer	1	NO
COPA	sensitizer	1	NO
COPG1	sensitizer	1	NO
COPS2	sensitizer	1	NO
COPS3	sensitizer	1	NO
COPS7A	sensitizer	1	NO
COPS8	sensitizer	1	NO
COQ4	sensitizer	1	NO
COQ5	sensitizer	1	NO
COQ6	sensitizer	1	NO
CORO1A	sensitizer	1	NO
CORO2B	sensitizer	1	NO
COX11	sensitizer	1	NO
COX5A	sensitizer	1	NO
COX8A	sensitizer	1	NO
CPLX3	sensitizer	1	NO
CPN2	sensitizer	1	NO
CPSF3	sensitizer	1	NO
CPSF4	sensitizer	1	NO
CRB3	sensitizer	1	NO
CRCP	sensitizer	1	NO
CREG2	sensitizer	1	NO
CREM	sensitizer	1	NO
CRLF3	sensitizer	1	NO
CROCC	sensitizer	1	NO
CRYGC	sensitizer	1	NO
CSF1	sensitizer	1	NO
CSF1R	sensitizer	1	NO
CSF2RB	sensitizer	1	NO
CSMD1	sensitizer	1	NO
CSMD2	sensitizer	1	NO
CSNK1A1	sensitizer	1	NO
CSNK2B	sensitizer	1	NO
CST2	sensitizer	1	NO
CST4	sensitizer	1	NO
CSTF1	sensitizer	1	NO
CTAGE4	sensitizer	1	NO
CTAGE5	sensitizer	1	NO
CTBP1	sensitizer	1	NO
CTNNA1	sensitizer	1	NO
CTSA	sensitizer	1	NO
CTSD	sensitizer	1	NO
CTU2	sensitizer	1	NO
CUL1	sensitizer	1	NO
CWF19L1	sensitizer	1	NO
CXCR4	sensitizer	1	NO
CXCR6	sensitizer	1	NO
CXorf57	sensitizer	1	NO
CYB5D2	sensitizer	1	NO
CYB5R2	sensitizer	1	NO
CYB5RL	sensitizer	1	NO
CYLD	sensitizer	1	NO
CYP4F2	sensitizer	1	NO
CYP51A1	sensitizer	1	NO
DAAM2	sensitizer	1	NO
DAB2IP	sensitizer	1	NO
DAGLB	sensitizer	1	NO
DAP3	sensitizer	1	NO
DAPP1	sensitizer	1	NO
DARS2	sensitizer	1	NO
DBP	sensitizer	1	NO
DBR1	sensitizer	1	NO
DBX2	sensitizer	1	NO
DCN	sensitizer	1	NO
DCP2	sensitizer	1	NO
DCPS	sensitizer	1	NO
DCTN2	sensitizer	1	NO
DCTN5	sensitizer	1	NO
DCUN1D5	sensitizer	1	NO
DDHD2	sensitizer	1	NO
DDIT4L	sensitizer	1	NO
DDOST	sensitizer	1	NO
DDX1	sensitizer	1	NO
DDX17	sensitizer	1	NO
DDX18	sensitizer	1	NO
DDX19A	sensitizer	1	NO
DDX20	sensitizer	1	NO
DDX28	sensitizer	1	NO
DDX39A	sensitizer	1	NO
DDX41	sensitizer	1	NO
DDX43	sensitizer	1	NO
DDX49	sensitizer	1	NO
DDX5	sensitizer	1	NO
DDX51	sensitizer	1	NO
DDX55	sensitizer	1	NO
DDX6	sensitizer	1	NO
DEFB127	sensitizer	1	NO
DEK	sensitizer	1	NO
DET1	sensitizer	1	NO
DHDH	sensitizer	1	NO
DHFR	sensitizer	1	NO
DHODH	sensitizer	1	NO
DHRS11	sensitizer	1	NO
DHX15	sensitizer	1	NO
DHX30	sensitizer	1	NO
DHX33	sensitizer	1	NO
DHX34	sensitizer	1	NO
DHX35	sensitizer	1	NO
DIS3L	sensitizer	1	NO
DIS3L2	sensitizer	1	NO
DKK2	sensitizer	1	NO
DKK3	sensitizer	1	NO
DLAT	sensitizer	1	NO
DLST	sensitizer	1	NO
DMAP1	sensitizer	1	NO
DMTF1	sensitizer	1	NO
DMTN	sensitizer	1	NO
DMXL2	sensitizer	1	NO
DNAJB1	sensitizer	1	NO
DNAJB11	sensitizer	1	NO
DNAJB9	sensitizer	1	NO
DNAJC5	sensitizer	1	NO
DNLZ	sensitizer	1	NO
DNM1L	sensitizer	1	NO
DNM2	sensitizer	1	NO
DNMT1	sensitizer	1	NO
DNPEP	sensitizer	1	NO
DOCK10	sensitizer	1	NO
DOCK3	sensitizer	1	NO
DOHH	sensitizer	1	NO
DOK2	sensitizer	1	NO
DOT1L	sensitizer	1	NO
DPAGT1	sensitizer	1	NO
DPF1	sensitizer	1	NO
DPH1	sensitizer	1	NO
DPH3	sensitizer	1	NO
DPH7	sensitizer	1	NO
DPM2	sensitizer	1	NO
DRAP1	sensitizer	1	NO
DSC3	sensitizer	1	NO
DSEL	sensitizer	1	NO
DSN1	sensitizer	1	NO
DTX3L	sensitizer	1	NO
DUPD1	sensitizer	1	NO
DUSP12	sensitizer	1	NO
DUSP6	sensitizer	1	NO
DUX2	sensitizer	1	NO
DVL3	sensitizer	1	NO
E2F7	sensitizer	1	NO
EARS2	sensitizer	1	NO
EBF4	sensitizer	1	NO
EBNA1BP2	sensitizer	1	NO
ECHDC1	sensitizer	1	NO
ECHS1	sensitizer	1	NO
ECSIT	sensitizer	1	NO
EEFSEC	sensitizer	1	NO
EFHC1	sensitizer	1	NO
EFHD1	sensitizer	1	NO
EFNA1	sensitizer	1	NO
EFNA2	sensitizer	1	NO
EFR3A	sensitizer	1	NO
EHMT1	sensitizer	1	NO
EIF1AD	sensitizer	1	NO
EIF2AK3	sensitizer	1	NO
EIF2AK4	sensitizer	1	NO
EIF2B1	sensitizer	1	NO
EIF2B3	sensitizer	1	NO
EIF2B5	sensitizer	1	NO
EIF3B	sensitizer	1	NO
EIF3K	sensitizer	1	NO
EIF4B	sensitizer	1	NO
EIF4E	sensitizer	1	NO
EIF4G3	sensitizer	1	NO
EIF6	sensitizer	1	NO
ELF2	sensitizer	1	NO
ELL	sensitizer	1	NO
ELOVL5	sensitizer	1	NO
ELP2	sensitizer	1	NO
ELP3	sensitizer	1	NO
EMX2	sensitizer	1	NO
EN1	sensitizer	1	NO
ENG	sensitizer	1	NO
ENHO	sensitizer	1	NO
ENO1	sensitizer	1	NO
ENO2	sensitizer	1	NO
ENPEP	sensitizer	1	NO
ENPP3	sensitizer	1	NO
EP400	sensitizer	1	NO
EPC1	sensitizer	1	NO
EPC2	sensitizer	1	NO
EPCAM	sensitizer	1	NO
EPT1	sensitizer	1	NO
ERAL1	sensitizer	1	NO
ERCC6-PGBD3	sensitizer	1	NO
ERCC6L	sensitizer	1	NO
ERI3	sensitizer	1	NO
ERO1L	sensitizer	1	NO
ERP44	sensitizer	1	NO
ESF1	sensitizer	1	NO
ESRRG	sensitizer	1	NO
ESX1	sensitizer	1	NO
ETNK1	sensitizer	1	NO
ETV5	sensitizer	1	NO
ETV6	sensitizer	1	NO
EVA1A	sensitizer	1	NO
EXOC8	sensitizer	1	NO
EXOSC1	sensitizer	1	NO
EXOSC9	sensitizer	1	NO
EXT1	sensitizer	1	NO
EXT2	sensitizer	1	NO
EXTL3	sensitizer	1	NO
F11R	sensitizer	1	NO
FAHD2B	sensitizer	1	NO
FAM118A	sensitizer	1	NO
FAM153A	sensitizer	1	NO
FAM157A	sensitizer	1	NO
FAM170B	sensitizer	1	NO
FAM189A2	sensitizer	1	NO
FAM20B	sensitizer	1	NO
FAM222A	sensitizer	1	NO
FAM47A	sensitizer	1	NO
FAM84A	sensitizer	1	NO
FAM96B	sensitizer	1	NO
FANCA	sensitizer	1	NO
FANCM	sensitizer	1	NO
FAR1	sensitizer	1	NO
FASN	sensitizer	1	NO
FASTKD2	sensitizer	1	NO
FASTKD5	sensitizer	1	NO
FAT1	sensitizer	1	NO
FAXC	sensitizer	1	NO
FBXL12	sensitizer	1	NO
FBXL5	sensitizer	1	NO
FBXO3	sensitizer	1	NO
FBXO4	sensitizer	1	NO
FBXO40	sensitizer	1	NO
FBXW11	sensitizer	1	NO
FBXW5	sensitizer	1	NO
FBXW7	sensitizer	1	NO
FCHO2	sensitizer	1	NO
FDPS	sensitizer	1	NO
FDXR	sensitizer	1	NO
FEM1C	sensitizer	1	NO
FGF14	sensitizer	1	NO
FGFR1	sensitizer	1	NO
FHOD3	sensitizer	1	NO
FKBP1A	sensitizer	1	NO
FKBP2	sensitizer	1	NO
FKBPL	sensitizer	1	NO
FLCN	sensitizer	1	NO
FLOT2	sensitizer	1	NO
FLVCR1	sensitizer	1	NO
FLVCR2	sensitizer	1	NO
FNBP4	sensitizer	1	NO
FNDC8	sensitizer	1	NO
FOCAD	sensitizer	1	NO
FOXA2	sensitizer	1	NO
FOXB1	sensitizer	1	NO
FOXM1	sensitizer	1	NO
FPGS	sensitizer	1	NO
FRAT2	sensitizer	1	NO
FSCN3	sensitizer	1	NO
FSD1	sensitizer	1	NO
FTO	sensitizer	1	NO
FUK	sensitizer	1	NO
FUOM	sensitizer	1	NO
FUT10	sensitizer	1	NO
FUT6	sensitizer	1	NO
FXYD3	sensitizer	1	NO
G3BP1	sensitizer	1	NO
GABARAP	sensitizer	1	NO
GABBR1	sensitizer	1	NO
GABPB1	sensitizer	1	NO
GABRR1	sensitizer	1	NO
GALK2	sensitizer	1	NO
GALM	sensitizer	1	NO
GALNT1	sensitizer	1	NO
GALNT15	sensitizer	1	NO
GALNT7	sensitizer	1	NO
GANAB	sensitizer	1	NO
GAPDH	sensitizer	1	NO
GART	sensitizer	1	NO
GAS5	sensitizer	1	NO
GATA2	sensitizer	1	NO
GATAD2B	sensitizer	1	NO
GATSL2	sensitizer	1	NO
GBP2	sensitizer	1	NO
GBP4	sensitizer	1	NO
GBX2	sensitizer	1	NO
GCAT	sensitizer	1	NO
GEMIN2	sensitizer	1	NO
GEMIN4	sensitizer	1	NO
GEMIN5	sensitizer	1	NO
GET4	sensitizer	1	NO
GFM1	sensitizer	1	NO
GFM2	sensitizer	1	NO
GGN	sensitizer	1	NO
GGT7	sensitizer	1	NO
GHITM	sensitizer	1	NO
GHR	sensitizer	1	NO
GID8	sensitizer	1	NO
GIGYF2	sensitizer	1	NO
GINS1	sensitizer	1	NO
GINS3	sensitizer	1	NO
GINS4	sensitizer	1	NO
GIT1	sensitizer	1	NO
GJA4	sensitizer	1	NO
GLG1	sensitizer	1	NO
GLMN	sensitizer	1	NO
GLRX5	sensitizer	1	NO
GLTSCR1	sensitizer	1	NO
GLTSCR1L	sensitizer	1	NO
GLYATL3	sensitizer	1	NO
GLYR1	sensitizer	1	NO
GML	sensitizer	1	NO
GNAL	sensitizer	1	NO
GNB2	sensitizer	1	NO
GNB2L1	sensitizer	1	NO
GNG12	sensitizer	1	NO
GNG13	sensitizer	1	NO
GNG5	sensitizer	1	NO
GNGT1	sensitizer	1	NO
GNPAT	sensitizer	1	NO
GOLM1	sensitizer	1	NO
GOLPH3	sensitizer	1	NO
GOT2	sensitizer	1	NO
GPALPP1	sensitizer	1	NO
GPKOW	sensitizer	1	NO
GPN3	sensitizer	1	NO
GPR119	sensitizer	1	NO
GPR153	sensitizer	1	NO
GPR31	sensitizer	1	NO
GPR34	sensitizer	1	NO
GPR68	sensitizer	1	NO
GPR82	sensitizer	1	NO
GPR84	sensitizer	1	NO
GPR87	sensitizer	1	NO
GPRASP2	sensitizer	1	NO
GPS1	sensitizer	1	NO
GPS2	sensitizer	1	NO
GPX1	sensitizer	1	NO
GPX6	sensitizer	1	NO
GRAMD1B	sensitizer	1	NO
GRB2	sensitizer	1	NO
GRHL1	sensitizer	1	NO
GRIK2	sensitizer	1	NO
GRIP1	sensitizer	1	NO
GRK5	sensitizer	1	NO
GRM6	sensitizer	1	NO
GRWD1	sensitizer	1	NO
GSPT1	sensitizer	1	NO
GSTO2	sensitizer	1	NO
GTF2A2	sensitizer	1	NO
GTF2F1	sensitizer	1	NO
GTF2F2	sensitizer	1	NO
GTF2H2	sensitizer	1	NO
GTF2H3	sensitizer	1	NO
GTF2H4	sensitizer	1	NO
GTF2I	sensitizer	1	NO
GTF2IRD1	sensitizer	1	NO
GTPBP8	sensitizer	1	NO
GUCY1A3	sensitizer	1	NO
H1FX	sensitizer	1	NO
H2AFZ	sensitizer	1	NO
HACE1	sensitizer	1	NO
HAGH	sensitizer	1	NO
HAT1	sensitizer	1	NO
HAUS4	sensitizer	1	NO
HAUS6	sensitizer	1	NO
HAVCR2	sensitizer	1	NO
HBZ	sensitizer	1	NO
HCCS	sensitizer	1	NO
HCFC2	sensitizer	1	NO
HDAC10	sensitizer	1	NO
HDAC2	sensitizer	1	NO
HDAC3	sensitizer	1	NO
HDAC5	sensitizer	1	NO
HEATR1	sensitizer	1	NO
HEATR3	sensitizer	1	NO
HEATR6	sensitizer	1	NO
HELLS	sensitizer	1	NO
HEMK1	sensitizer	1	NO
HES1	sensitizer	1	NO
HES7	sensitizer	1	NO
HGD	sensitizer	1	NO
HHATL	sensitizer	1	NO
HIF1A	sensitizer	1	NO
HIGD2A	sensitizer	1	NO
HIPK2	sensitizer	1	NO
HIRIP3	sensitizer	1	NO
HIST1H2AG	sensitizer	1	NO
HIST1H2BB	sensitizer	1	NO
HIST1H2BG	sensitizer	1	NO
HIST1H2BI	sensitizer	1	NO
HIST1H2BJ	sensitizer	1	NO
HIST1H2BK	sensitizer	1	NO
HIST1H2BN	sensitizer	1	NO
HIST1H3C	sensitizer	1	NO
HIST1H4D	sensitizer	1	NO
HIST1H4L	sensitizer	1	NO
HK3	sensitizer	1	NO
HLA-B	sensitizer	1	NO
HLA-C	sensitizer	1	NO
HLA-DMA	sensitizer	1	NO
HLA-G	sensitizer	1	NO
HMGB2	sensitizer	1	NO
HMMR	sensitizer	1	NO
HNRNPAB	sensitizer	1	NO
HNRNPK	sensitizer	1	NO
HNRNPL	sensitizer	1	NO
HOOK1	sensitizer	1	NO
HOXB6	sensitizer	1	NO
HOXD9	sensitizer	1	NO
HRH2	sensitizer	1	NO
HRNR	sensitizer	1	NO
HS2ST1	sensitizer	1	NO
HSD11B1	sensitizer	1	NO
HSD17B12	sensitizer	1	NO
HSD17B4	sensitizer	1	NO
HSPA14	sensitizer	1	NO
HSPA4	sensitizer	1	NO
HSPA8	sensitizer	1	NO
HSPH1	sensitizer	1	NO
HTT	sensitizer	1	NO
HUWE1	sensitizer	1	NO
IBA57	sensitizer	1	NO
ICOSLG	sensitizer	1	NO
IDE	sensitizer	1	NO
IDH2	sensitizer	1	NO
IDH3A	sensitizer	1	NO
IDO2	sensitizer	1	NO
IER5L	sensitizer	1	NO
IFI16	sensitizer	1	NO
IFI27L2	sensitizer	1	NO
IFI30	sensitizer	1	NO
IFNA7	sensitizer	1	NO
IFNAR2	sensitizer	1	NO
IGF2BP2	sensitizer	1	NO
IGSF1	sensitizer	1	NO
IGSF11	sensitizer	1	NO
IKBKAP	sensitizer	1	NO
IL10	sensitizer	1	NO
IL13	sensitizer	1	NO
IL15	sensitizer	1	NO
IL15RA	sensitizer	1	NO
IL17RC	sensitizer	1	NO
IL17RD	sensitizer	1	NO
IL18RAP	sensitizer	1	NO
IL1A	sensitizer	1	NO
IL1R2	sensitizer	1	NO
IL22	sensitizer	1	NO
IL4I1	sensitizer	1	NO
IL6R	sensitizer	1	NO
IMP3	sensitizer	1	NO
IMP4	sensitizer	1	NO
IMPAD1	sensitizer	1	NO
IMPDH2	sensitizer	1	NO
IMPG1	sensitizer	1	NO
IMPG2	sensitizer	1	NO
INA	sensitizer	1	NO
ING1	sensitizer	1	NO
INO80D	sensitizer	1	NO
INTS1	sensitizer	1	NO
INTS2	sensitizer	1	NO
IPO5	sensitizer	1	NO
IPO7	sensitizer	1	NO
IQGAP2	sensitizer	1	NO
IRAK3	sensitizer	1	NO
IREB2	sensitizer	1	NO
IRF5	sensitizer	1	NO
ISCA1	sensitizer	1	NO
ISG15	sensitizer	1	NO
ISG20	sensitizer	1	NO
ISL1	sensitizer	1	NO
ISL2	sensitizer	1	NO
ISLR	sensitizer	1	NO
ISOC1	sensitizer	1	NO
ITCH	sensitizer	1	NO
ITGA1	sensitizer	1	NO
ITGA3	sensitizer	1	NO
ITGA5	sensitizer	1	NO
ITGA9	sensitizer	1	NO
ITGB1	sensitizer	1	NO
ITGB1BP1	sensitizer	1	NO
ITGB1BP2	sensitizer	1	NO
ITLN1	sensitizer	1	NO
ITM2C	sensitizer	1	NO
IWS1	sensitizer	1	NO
JMJD7-PLA2G4B	sensitizer	1	NO
JUND	sensitizer	1	NO
KANSL1	sensitizer	1	NO
KCNF1	sensitizer	1	NO
KCNH6	sensitizer	1	NO
KCNMA1	sensitizer	1	NO
KCNQ2	sensitizer	1	NO
KCTD10	sensitizer	1	NO
KCTD2	sensitizer	1	NO
KDM2A	sensitizer	1	NO
KDM4D	sensitizer	1	NO
KIAA0195	sensitizer	1	NO
KIAA0368	sensitizer	1	NO
KIAA0430	sensitizer	1	NO
KIAA0586	sensitizer	1	NO
KIAA1109	sensitizer	1	NO
KIAA1429	sensitizer	1	NO
KIAA1456	sensitizer	1	NO
KIAA1462	sensitizer	1	NO
KIAA2013	sensitizer	1	NO
KIF14	sensitizer	1	NO
KIF20B	sensitizer	1	NO
KLF10	sensitizer	1	NO
KLF13	sensitizer	1	NO
KLF3	sensitizer	1	NO
KLF6	sensitizer	1	NO
KLHL2	sensitizer	1	NO
KLHL20	sensitizer	1	NO
KLK14	sensitizer	1	NO
KLK9	sensitizer	1	NO
KLRC1	sensitizer	1	NO
KMT2C	sensitizer	1	NO
KMT5B	sensitizer	1	NO
KPTN	sensitizer	1	NO
KRAS	sensitizer	1	NO
KRBA1	sensitizer	1	NO
KRT14	sensitizer	1	NO
KRT17	sensitizer	1	NO
KRT31	sensitizer	1	NO
KRTAP15-1	sensitizer	1	NO
KRTAP20-2	sensitizer	1	NO
KRTAP20-3	sensitizer	1	NO
KRTAP5-6	sensitizer	1	NO
KTI12	sensitizer	1	NO
L3MBTL1	sensitizer	1	NO
L3MBTL3	sensitizer	1	NO
LAGE3	sensitizer	1	NO
LALBA	sensitizer	1	NO
LAMC3	sensitizer	1	NO
LAMTOR1	sensitizer	1	NO
LAMTOR4	sensitizer	1	NO
LARP1	sensitizer	1	NO
LARP1B	sensitizer	1	NO
LARP4	sensitizer	1	NO
LARP7	sensitizer	1	NO
LAS1L	sensitizer	1	NO
LCOR	sensitizer	1	NO
LDHB	sensitizer	1	NO
LDLRAD1	sensitizer	1	NO
LEPROTL1	sensitizer	1	NO
LGALS9B	sensitizer	1	NO
LHFPL3	sensitizer	1	NO
LHFPL4	sensitizer	1	NO
LIFR	sensitizer	1	NO
LILRA5	sensitizer	1	NO
LILRB4	sensitizer	1	NO
LIMS1	sensitizer	1	NO
LIN28B	sensitizer	1	NO
LIN54	sensitizer	1	NO
LIN9	sensitizer	1	NO
LINGO4	sensitizer	1	NO
LIPC	sensitizer	1	NO
LMAN2	sensitizer	1	NO
LMBRD1	sensitizer	1	NO
LMBRD2	sensitizer	1	NO
LMNA	sensitizer	1	NO
LMO7	sensitizer	1	NO
LMX1B	sensitizer	1	NO
LNPEP	sensitizer	1	NO
LOC100131094	sensitizer	1	NO
LOC100131303	sensitizer	1	NO
LOC102288414	sensitizer	1	NO
LOC102723996	sensitizer	1	NO
LOC102724828	sensitizer	1	NO
LOC440243	sensitizer	1	NO
LONRF1	sensitizer	1	NO
LRR1	sensitizer	1	NO
LRRC59	sensitizer	1	NO
LRRC69	sensitizer	1	NO
LRRFIP2	sensitizer	1	NO
LRRN3	sensitizer	1	NO
LRRTM4	sensitizer	1	NO
LSG1	sensitizer	1	NO
LSM11	sensitizer	1	NO
LSM8	sensitizer	1	NO
LSMEM1	sensitizer	1	NO
LSP1	sensitizer	1	NO
LYG2	sensitizer	1	NO
LYVE1	sensitizer	1	NO
LZTR1	sensitizer	1	NO
MACROD1	sensitizer	1	NO
MACROD2	sensitizer	1	NO
MAD2L2	sensitizer	1	NO
MAGEA4	sensitizer	1	NO
MAGEB17	sensitizer	1	NO
MALSU1	sensitizer	1	NO
MALT1	sensitizer	1	NO
MAN1A2	sensitizer	1	NO
MAN2A1	sensitizer	1	NO
MAN2B2	sensitizer	1	NO
MANEA	sensitizer	1	NO
MAP2K4	sensitizer	1	NO
MAP3K14	sensitizer	1	NO
MAP3K2	sensitizer	1	NO
MAP3K3	sensitizer	1	NO
MAP3K7CL	sensitizer	1	NO
MAP4K4	sensitizer	1	NO
MAPK11	sensitizer	1	NO
MAPK8IP1	sensitizer	1	NO
MAPRE2	sensitizer	1	NO
MARCHF4	sensitizer	1	NO
MARK3	sensitizer	1	NO
MBD3L2	sensitizer	1	NO
MBD3L3	sensitizer	1	NO
MBLAC1	sensitizer	1	NO
MBTD1	sensitizer	1	NO
MBTPS1	sensitizer	1	NO
MCM3	sensitizer	1	NO
MCRS1	sensitizer	1	NO
MCU	sensitizer	1	NO
MDK	sensitizer	1	NO
ME1	sensitizer	1	NO
ME2	sensitizer	1	NO
MED1	sensitizer	1	NO
MED10	sensitizer	1	NO
MED21	sensitizer	1	NO
MED31	sensitizer	1	NO
MED8	sensitizer	1	NO
MEF2C	sensitizer	1	NO
MEGF6	sensitizer	1	NO
MEIS2	sensitizer	1	NO
MEMO1	sensitizer	1	NO
METAP2	sensitizer	1	NO
METTL1	sensitizer	1	NO
METTL16	sensitizer	1	NO
METTL23	sensitizer	1	NO
MFSD6	sensitizer	1	NO
MGAT2	sensitizer	1	NO
MGAT5B	sensitizer	1	NO
MGEA5	sensitizer	1	NO
MGRN1	sensitizer	1	NO
MIIP	sensitizer	1	NO
MINPP1	sensitizer	1	NO
MIS18A	sensitizer	1	NO
MIS18BP1	sensitizer	1	NO
MKI67	sensitizer	1	NO
MKL1	sensitizer	1	NO
MKNK2	sensitizer	1	NO
MLNR	sensitizer	1	NO
MMGT1	sensitizer	1	NO
MMS19	sensitizer	1	NO
MNAT1	sensitizer	1	NO
MNDA	sensitizer	1	NO
MNT	sensitizer	1	NO
MOCS1	sensitizer	1	NO
MORC4	sensitizer	1	NO
MORF4L1	sensitizer	1	NO
MPC1	sensitizer	1	NO
MPC1L	sensitizer	1	NO
MPHOSPH6	sensitizer	1	NO
MPI	sensitizer	1	NO
MPP2	sensitizer	1	NO
MPRIP	sensitizer	1	NO
MPZL2	sensitizer	1	NO
MRGBP	sensitizer	1	NO
MRPL10	sensitizer	1	NO
MRPL11	sensitizer	1	NO
MRPL12	sensitizer	1	NO
MRPL13	sensitizer	1	NO
MRPL14	sensitizer	1	NO
MRPL15	sensitizer	1	NO
MRPL17	sensitizer	1	NO
MRPL21	sensitizer	1	NO
MRPL22	sensitizer	1	NO
MRPL23	sensitizer	1	NO
MRPL24	sensitizer	1	NO
MRPL30	sensitizer	1	NO
MRPL32	sensitizer	1	NO
MRPL33	sensitizer	1	NO
MRPL34	sensitizer	1	NO
MRPL38	sensitizer	1	NO
MRPL4	sensitizer	1	NO
MRPL41	sensitizer	1	NO
MRPL43	sensitizer	1	NO
MRPL45	sensitizer	1	NO
MRPL50	sensitizer	1	NO
MRPL51	sensitizer	1	NO
MRPL53	sensitizer	1	NO
MRPL55	sensitizer	1	NO
MRPL57	sensitizer	1	NO
MRPS10	sensitizer	1	NO
MRPS15	sensitizer	1	NO
MRPS16	sensitizer	1	NO
MRPS22	sensitizer	1	NO
MRPS25	sensitizer	1	NO
MRPS27	sensitizer	1	NO
MRPS28	sensitizer	1	NO
MRPS30	sensitizer	1	NO
MRPS5	sensitizer	1	NO
MRPS7	sensitizer	1	NO
MSL2	sensitizer	1	NO
MSS51	sensitizer	1	NO
MTCH1	sensitizer	1	NO
MTCH2	sensitizer	1	NO
MTF1	sensitizer	1	NO
MTG2	sensitizer	1	NO
MTHFD1	sensitizer	1	NO
MTIF2	sensitizer	1	NO
MTO1	sensitizer	1	NO
MTPAP	sensitizer	1	NO
MTR	sensitizer	1	NO
MTRF1L	sensitizer	1	NO
MUL1	sensitizer	1	NO
MVK	sensitizer	1	NO
MXI1	sensitizer	1	NO
MYB	sensitizer	1	NO
MYBL2	sensitizer	1	NO
MYC	sensitizer	1	NO
MYL6B	sensitizer	1	NO
MYL9	sensitizer	1	NO
MYLIP	sensitizer	1	NO
MYSM1	sensitizer	1	NO
MZB1	sensitizer	1	NO
MZF1	sensitizer	1	NO
NAA35	sensitizer	1	NO
NAA38	sensitizer	1	NO
NAA60	sensitizer	1	NO
NACC2	sensitizer	1	NO
NAGA	sensitizer	1	NO
NAPA	sensitizer	1	NO
NASP	sensitizer	1	NO
NAT10	sensitizer	1	NO
NAT8L	sensitizer	1	NO
NAV2	sensitizer	1	NO
NBL1	sensitizer	1	NO
NBN	sensitizer	1	NO
NBPF15	sensitizer	1	NO
NBR1	sensitizer	1	NO
NCAPD2	sensitizer	1	NO
NCAPD3	sensitizer	1	NO
NCAPG	sensitizer	1	NO
NCKAP1	sensitizer	1	NO
NCOA2	sensitizer	1	NO
NCOA3	sensitizer	1	NO
NCOA6	sensitizer	1	NO
NCOA7	sensitizer	1	NO
NDC1	sensitizer	1	NO
NDUFA1	sensitizer	1	NO
NDUFA10	sensitizer	1	NO
NDUFA2	sensitizer	1	NO
NDUFA5	sensitizer	1	NO
NDUFA6	sensitizer	1	NO
NDUFA8	sensitizer	1	NO
NDUFAB1	sensitizer	1	NO
NDUFAF2	sensitizer	1	NO
NDUFAF3	sensitizer	1	NO
NDUFAF4	sensitizer	1	NO
NDUFAF6	sensitizer	1	NO
NDUFB11	sensitizer	1	NO
NDUFB3	sensitizer	1	NO
NDUFB5	sensitizer	1	NO
NDUFB7	sensitizer	1	NO
NDUFC1	sensitizer	1	NO
NDUFC2	sensitizer	1	NO
NDUFV2	sensitizer	1	NO
NEDD4L	sensitizer	1	NO
NEIL3	sensitizer	1	NO
NELFA	sensitizer	1	NO
NELFB	sensitizer	1	NO
NEURL3	sensitizer	1	NO
NEXN	sensitizer	1	NO
NFATC1	sensitizer	1	NO
NFE2L1	sensitizer	1	NO
NFE2L2	sensitizer	1	NO
NFIA	sensitizer	1	NO
NFIC	sensitizer	1	NO
NFIL3	sensitizer	1	NO
NFIX	sensitizer	1	NO
NFKB2	sensitizer	1	NO
NFKBIA	sensitizer	1	NO
NFKBIB	sensitizer	1	NO
NFS1	sensitizer	1	NO
NFYB	sensitizer	1	NO
NFYC	sensitizer	1	NO
NGRN	sensitizer	1	NO
NIFK	sensitizer	1	NO
NIPAL3	sensitizer	1	NO
NIPAL4	sensitizer	1	NO
NIPBL	sensitizer	1	NO
NLN	sensitizer	1	NO
NLRC5	sensitizer	1	NO
NME1	sensitizer	1	NO
NME2	sensitizer	1	NO
NMI	sensitizer	1	NO
NMT2	sensitizer	1	NO
NOL3	sensitizer	1	NO
NOL9	sensitizer	1	NO
NOM1	sensitizer	1	NO
NOMO1	sensitizer	1	NO
NOMO2	sensitizer	1	NO
NOMO3	sensitizer	1	NO
NONO	sensitizer	1	NO
NOSIP	sensitizer	1	NO
NPAT	sensitizer	1	NO
NPEPPS	sensitizer	1	NO
NPR3	sensitizer	1	NO
NSDHL	sensitizer	1	NO
NSG1	sensitizer	1	NO
NSL1	sensitizer	1	NO
NTRK1	sensitizer	1	NO
NUDT1	sensitizer	1	NO
NUDT11	sensitizer	1	NO
NUDT14	sensitizer	1	NO
NUDT18	sensitizer	1	NO
NUDT2	sensitizer	1	NO
NUP50	sensitizer	1	NO
NUP85	sensitizer	1	NO
NUP88	sensitizer	1	NO
NUP93	sensitizer	1	NO
NUPL2	sensitizer	1	NO
NXT2	sensitizer	1	NO
OAS2	sensitizer	1	NO
OASL	sensitizer	1	NO
ODF3	sensitizer	1	NO
ODF3L2	sensitizer	1	NO
OGFR	sensitizer	1	NO
OGG1	sensitizer	1	NO
OLAH	sensitizer	1	NO
OLFM1	sensitizer	1	NO
OLFM2	sensitizer	1	NO
OLFM4	sensitizer	1	NO
ONECUT3	sensitizer	1	NO
OPA1	sensitizer	1	NO
OPRK1	sensitizer	1	NO
OR13C2	sensitizer	1	NO
OR2A14	sensitizer	1	NO
OR2B2	sensitizer	1	NO
OR2C1	sensitizer	1	NO
OR2L2	sensitizer	1	NO
OR4C12	sensitizer	1	NO
OR4F3	sensitizer	1	NO
OR51L1	sensitizer	1	NO
OR5AN1	sensitizer	1	NO
OR5B3	sensitizer	1	NO
OR6K3	sensitizer	1	NO
OR6Y1	sensitizer	1	NO
ORAI3	sensitizer	1	NO
ORC5	sensitizer	1	NO
OSBPL11	sensitizer	1	NO
OSGEP	sensitizer	1	NO
OSGEPL1	sensitizer	1	NO
OSR2	sensitizer	1	NO
OTOP3	sensitizer	1	NO
OTUB2	sensitizer	1	NO
OTULIN	sensitizer	1	NO
OTX1	sensitizer	1	NO
OVCH1	sensitizer	1	NO
OVOL1	sensitizer	1	NO
OXA1L	sensitizer	1	NO
OXR1	sensitizer	1	NO
P2RX4	sensitizer	1	NO
P2RX5	sensitizer	1	NO
P2RX6	sensitizer	1	NO
P4HA3	sensitizer	1	NO
P4HB	sensitizer	1	NO
PADI4	sensitizer	1	NO
PAF1	sensitizer	1	NO
PAGR1	sensitizer	1	NO
PAM16	sensitizer	1	NO
PAOX	sensitizer	1	NO
PAPD4	sensitizer	1	NO
PAPD7	sensitizer	1	NO
PARD6B	sensitizer	1	NO
PARN	sensitizer	1	NO
PARP8	sensitizer	1	NO
PARP9	sensitizer	1	NO
PAX5	sensitizer	1	NO
PAX8	sensitizer	1	NO
PCDH11X	sensitizer	1	NO
PCDHA12	sensitizer	1	NO
PCDHGA1	sensitizer	1	NO
PCGF1	sensitizer	1	NO
PCGF6	sensitizer	1	NO
PCSK9	sensitizer	1	NO
PCYOX1L	sensitizer	1	NO
PCYT1A	sensitizer	1	NO
PDAP1	sensitizer	1	NO
PDCL2	sensitizer	1	NO
PDE12	sensitizer	1	NO
PDE1A	sensitizer	1	NO
PDE4B	sensitizer	1	NO
PDE4C	sensitizer	1	NO
PDHX	sensitizer	1	NO
PDK2	sensitizer	1	NO
PDS5B	sensitizer	1	NO
PDSS1	sensitizer	1	NO
PDSS2	sensitizer	1	NO
PDXK	sensitizer	1	NO
PEG3	sensitizer	1	NO
PELI1	sensitizer	1	NO
PELO	sensitizer	1	NO
PET112	sensitizer	1	NO
PEX1	sensitizer	1	NO
PEX10	sensitizer	1	NO
PEX13	sensitizer	1	NO
PEX2	sensitizer	1	NO
PEX26	sensitizer	1	NO
PEX5	sensitizer	1	NO
PEX7	sensitizer	1	NO
PFAS	sensitizer	1	NO
PFDN5	sensitizer	1	NO
PFN1	sensitizer	1	NO
PGAM1	sensitizer	1	NO
PGGT1B	sensitizer	1	NO
PGLYRP4	sensitizer	1	NO
PGM2L1	sensitizer	1	NO
PGP	sensitizer	1	NO
PHB	sensitizer	1	NO
PHF10	sensitizer	1	NO
PHF11	sensitizer	1	NO
PHF13	sensitizer	1	NO
PHF20L1	sensitizer	1	NO
PHF3	sensitizer	1	NO
PIANP	sensitizer	1	NO
PIAS1	sensitizer	1	NO
PIEZO1	sensitizer	1	NO
PIGN	sensitizer	1	NO
PIGQ	sensitizer	1	NO
PIGZ	sensitizer	1	NO
PIH1D1	sensitizer	1	NO
PIK3R1	sensitizer	1	NO
PIP5K1C	sensitizer	1	NO
PISD	sensitizer	1	NO
PITPNB	sensitizer	1	NO
PITX2	sensitizer	1	NO
PKMYT1	sensitizer	1	NO
PLA2G4F	sensitizer	1	NO
PLAA	sensitizer	1	NO
PLAUR	sensitizer	1	NO
PLCD1	sensitizer	1	NO
PLD4	sensitizer	1	NO
PLD5	sensitizer	1	NO
PLEKHF2	sensitizer	1	NO
PLEKHG2	sensitizer	1	NO
PLEKHG5	sensitizer	1	NO
PLEKHM3	sensitizer	1	NO
PLN	sensitizer	1	NO
PMEL	sensitizer	1	NO
PMF1	sensitizer	1	NO
PMF1-BGLAP	sensitizer	1	NO
PNKP	sensitizer	1	NO
PNLIPRP1	sensitizer	1	NO
PNPO	sensitizer	1	NO
POC1B	sensitizer	1	NO
POLD3	sensitizer	1	NO
POLE	sensitizer	1	NO
POLE4	sensitizer	1	NO
POLG	sensitizer	1	NO
POLG2	sensitizer	1	NO
POLR1A	sensitizer	1	NO
POLR2C	sensitizer	1	NO
POLR2F	sensitizer	1	NO
POLR2I	sensitizer	1	NO
POLR2J	sensitizer	1	NO
POLR2L	sensitizer	1	NO
POLR3B	sensitizer	1	NO
POLR3GL	sensitizer	1	NO
POLR3H	sensitizer	1	NO
POLRMT	sensitizer	1	NO
POM121C	sensitizer	1	NO
POMP	sensitizer	1	NO
PON2	sensitizer	1	NO
POP7	sensitizer	1	NO
POU2F1	sensitizer	1	NO
POU3F1	sensitizer	1	NO
PPARA	sensitizer	1	NO
PPAT	sensitizer	1	NO
PPIE	sensitizer	1	NO
PPIH	sensitizer	1	NO
PPIL1	sensitizer	1	NO
PPIL4	sensitizer	1	NO
PPM1F	sensitizer	1	NO
PPM1G	sensitizer	1	NO
PPME1	sensitizer	1	NO
PPOX	sensitizer	1	NO
PPP1CC	sensitizer	1	NO
PPP1R15B	sensitizer	1	NO
PPP1R18	sensitizer	1	NO
PPP1R1C	sensitizer	1	NO
PPP2CA	sensitizer	1	NO
PPP2R3C	sensitizer	1	NO
PPRC1	sensitizer	1	NO
PQBP1	sensitizer	1	NO
PRC1	sensitizer	1	NO
PRDM10	sensitizer	1	NO
PRDM2	sensitizer	1	NO
PRDX3	sensitizer	1	NO
PRDX6	sensitizer	1	NO
PREP	sensitizer	1	NO
PRH1	sensitizer	1	NO
PRICKLE1	sensitizer	1	NO
PRKAA1	sensitizer	1	NO
PRKAB1	sensitizer	1	NO
PRKACB	sensitizer	1	NO
PRKAG1	sensitizer	1	NO
PRKAR1B	sensitizer	1	NO
PRKCD	sensitizer	1	NO
PRKCQ	sensitizer	1	NO
PRKDC	sensitizer	1	NO
PRKRIR	sensitizer	1	NO
PRMT2	sensitizer	1	NO
PRMT5	sensitizer	1	NO
PROCA1	sensitizer	1	NO
PRPF3	sensitizer	1	NO
PRPF4	sensitizer	1	NO
PRPF40A	sensitizer	1	NO
PRPF40B	sensitizer	1	NO
PRPF4B	sensitizer	1	NO
PRPF8	sensitizer	1	NO
PRRC2A	sensitizer	1	NO
PRRC2B	sensitizer	1	NO
PRSS58	sensitizer	1	NO
PSEN1	sensitizer	1	NO
PSIP1	sensitizer	1	NO
PSMA7	sensitizer	1	NO
PSMB1	sensitizer	1	NO
PSMB10	sensitizer	1	NO
PSMB4	sensitizer	1	NO
PSMB5	sensitizer	1	NO
PSMB9	sensitizer	1	NO
PSMD1	sensitizer	1	NO
PSMD2	sensitizer	1	NO
PSMD4	sensitizer	1	NO
PSMD6	sensitizer	1	NO
PSME2	sensitizer	1	NO
PSMG3	sensitizer	1	NO
PSMG4	sensitizer	1	NO
PSTPIP2	sensitizer	1	NO
PTBP1	sensitizer	1	NO
PTCRA	sensitizer	1	NO
PTDSS1	sensitizer	1	NO
PTGER4	sensitizer	1	NO
PTGES3	sensitizer	1	NO
PTGR1	sensitizer	1	NO
PTMA	sensitizer	1	NO
PTPDC1	sensitizer	1	NO
PTPN13	sensitizer	1	NO
PTPN23	sensitizer	1	NO
PTPRC	sensitizer	1	NO
PTPRJ	sensitizer	1	NO
PTTG1IP	sensitizer	1	NO
PUS3	sensitizer	1	NO
PUS7L	sensitizer	1	NO
PWP2	sensitizer	1	NO
PXN	sensitizer	1	NO
PYCR1	sensitizer	1	NO
PYROXD1	sensitizer	1	NO
QKI	sensitizer	1	NO
QRSL1	sensitizer	1	NO
RAB13	sensitizer	1	NO
RAB1A	sensitizer	1	NO
RAB25	sensitizer	1	NO
RAB2A	sensitizer	1	NO
RAB35	sensitizer	1	NO
RAB43	sensitizer	1	NO
RABEPK	sensitizer	1	NO
RABGAP1L	sensitizer	1	NO
RABGGTA	sensitizer	1	NO
RABIF	sensitizer	1	NO
RAD1	sensitizer	1	NO
RAD21	sensitizer	1	NO
RAD50	sensitizer	1	NO
RAD51AP2	sensitizer	1	NO
RAD51D	sensitizer	1	NO
RAD54L2	sensitizer	1	NO
RAD9A	sensitizer	1	NO
RAE1	sensitizer	1	NO
RALGDS	sensitizer	1	NO
RAN	sensitizer	1	NO
RANBP3	sensitizer	1	NO
RAP1GAP	sensitizer	1	NO
RARS2	sensitizer	1	NO
RASA2	sensitizer	1	NO
RASD2	sensitizer	1	NO
RASSF3	sensitizer	1	NO
RB1	sensitizer	1	NO
RBBP6	sensitizer	1	NO
RBBP8	sensitizer	1	NO
RBFOX2	sensitizer	1	NO
RBM12	sensitizer	1	NO
RBM14	sensitizer	1	NO
RBM14-RBM4	sensitizer	1	NO
RBM24	sensitizer	1	NO
RBM26	sensitizer	1	NO
RBM27	sensitizer	1	NO
RBM28	sensitizer	1	NO
RBM42	sensitizer	1	NO
RBM47	sensitizer	1	NO
RBM5	sensitizer	1	NO
RBMX	sensitizer	1	NO
RBMXL2	sensitizer	1	NO
RBPJ	sensitizer	1	NO
RBPMS2	sensitizer	1	NO
RBSN	sensitizer	1	NO
RCAN2	sensitizer	1	NO
RCC1	sensitizer	1	NO
RCOR1	sensitizer	1	NO
RCOR2	sensitizer	1	NO
REC8	sensitizer	1	NO
REEP4	sensitizer	1	NO
REPS1	sensitizer	1	NO
REV3L	sensitizer	1	NO
REXO1	sensitizer	1	NO
REXO2	sensitizer	1	NO
RFC2	sensitizer	1	NO
RFC4	sensitizer	1	NO
RFC5	sensitizer	1	NO
RFNG	sensitizer	1	NO
RFWD3	sensitizer	1	NO
RFX6	sensitizer	1	NO
RFXAP	sensitizer	1	NO
RGMB	sensitizer	1	NO
RGS19	sensitizer	1	NO
RHBDL2	sensitizer	1	NO
RHCG	sensitizer	1	NO
RHOA	sensitizer	1	NO
RHOH	sensitizer	1	NO
RIC1	sensitizer	1	NO
RIC8B	sensitizer	1	NO
RIIAD1	sensitizer	1	NO
RIMKLB	sensitizer	1	NO
RINT1	sensitizer	1	NO
RIOK1	sensitizer	1	NO
RIOK3	sensitizer	1	NO
RLIM	sensitizer	1	NO
RLTPR	sensitizer	1	NO
RMI2	sensitizer	1	NO
RNASE12	sensitizer	1	NO
RNASEH2B	sensitizer	1	NO
RND2	sensitizer	1	NO
RNF114	sensitizer	1	NO
RNF146	sensitizer	1	NO
RNF165	sensitizer	1	NO
RNF186	sensitizer	1	NO
RNF208	sensitizer	1	NO
RNF213	sensitizer	1	NO
RNF214	sensitizer	1	NO
RNF225	sensitizer	1	NO
RNF38	sensitizer	1	NO
RNF43	sensitizer	1	NO
RNGTT	sensitizer	1	NO
RNLS	sensitizer	1	NO
RNMTL1	sensitizer	1	NO
ROCK2	sensitizer	1	NO
ROPN1	sensitizer	1	NO
RPE	sensitizer	1	NO
RPIA	sensitizer	1	NO
RPL15	sensitizer	1	NO
RPL24	sensitizer	1	NO
RPL37	sensitizer	1	NO
RPL6	sensitizer	1	NO
RPL8	sensitizer	1	NO
RPLP1	sensitizer	1	NO
RPN2	sensitizer	1	NO
RPP14	sensitizer	1	NO
RPP21	sensitizer	1	NO
RPRD1B	sensitizer	1	NO
RPS12	sensitizer	1	NO
RPS15	sensitizer	1	NO
RPS2	sensitizer	1	NO
RPS24	sensitizer	1	NO
RPS25	sensitizer	1	NO
RPS26	sensitizer	1	NO
RPS27A	sensitizer	1	NO
RPS6KA3	sensitizer	1	NO
RPSA	sensitizer	1	NO
RPUSD2	sensitizer	1	NO
RQCD1	sensitizer	1	NO
RRAGA	sensitizer	1	NO
RRN3	sensitizer	1	NO
RRP1B	sensitizer	1	NO
RRP8	sensitizer	1	NO
RRS1	sensitizer	1	NO
RSPH1	sensitizer	1	NO
RTCB	sensitizer	1	NO
RTEL1	sensitizer	1	NO
RTP2	sensitizer	1	NO
RTP4	sensitizer	1	NO
RUVBL1	sensitizer	1	NO
RWDD1	sensitizer	1	NO
RXRA	sensitizer	1	NO
RXRG	sensitizer	1	NO
RYBP	sensitizer	1	NO
S1PR2	sensitizer	1	NO
SACM1L	sensitizer	1	NO
SAMD4A	sensitizer	1	NO
SAMD4B	sensitizer	1	NO
SAMD9L	sensitizer	1	NO
SAMM50	sensitizer	1	NO
SARS2	sensitizer	1	NO
SATB1	sensitizer	1	NO
SATB2	sensitizer	1	NO
SBNO2	sensitizer	1	NO
SBSN	sensitizer	1	NO
SCARB2	sensitizer	1	NO
SCML4	sensitizer	1	NO
SCO2	sensitizer	1	NO
SCP2D1	sensitizer	1	NO
SCRN1	sensitizer	1	NO
SCYL1	sensitizer	1	NO
SDC2	sensitizer	1	NO
SDHAF1	sensitizer	1	NO
SDHB	sensitizer	1	NO
SDHD	sensitizer	1	NO
SDK1	sensitizer	1	NO
SEC23B	sensitizer	1	NO
SEC31A	sensitizer	1	NO
SEC62	sensitizer	1	NO
SEH1L	sensitizer	1	NO
SEMA3E	sensitizer	1	NO
SENP1	sensitizer	1	NO
SEPN1	sensitizer	1	NO
SEPTIN9	sensitizer	1	NO
SERBP1	sensitizer	1	NO
SERF2	sensitizer	1	NO
SERP1	sensitizer	1	NO
SERPINB1	sensitizer	1	NO
SERPING1	sensitizer	1	NO
SETD4	sensitizer	1	NO
SETD5	sensitizer	1	NO
SF1	sensitizer	1	NO
SF3A1	sensitizer	1	NO
SF3B1	sensitizer	1	NO
SF3B3	sensitizer	1	NO
SFMBT2	sensitizer	1	NO
SFN	sensitizer	1	NO
SGCB	sensitizer	1	NO
SGOL1	sensitizer	1	NO
SH3RF3	sensitizer	1	NO
SH3TC1	sensitizer	1	NO
SHC1	sensitizer	1	NO
SHD	sensitizer	1	NO
SHE	sensitizer	1	NO
SHQ1	sensitizer	1	NO
SHROOM3	sensitizer	1	NO
SIL1	sensitizer	1	NO
SIN3B	sensitizer	1	NO
SIRT6	sensitizer	1	NO
SIX4	sensitizer	1	NO
SKA1	sensitizer	1	NO
SKA2	sensitizer	1	NO
SKIV2L	sensitizer	1	NO
SKP2	sensitizer	1	NO
SLA	sensitizer	1	NO
SLC10A7	sensitizer	1	NO
SLC12A2	sensitizer	1	NO
SLC12A6	sensitizer	1	NO
SLC15A3	sensitizer	1	NO
SLC17A5	sensitizer	1	NO
SLC19A2	sensitizer	1	NO
SLC22A14	sensitizer	1	NO
SLC25A1	sensitizer	1	NO
SLC25A19	sensitizer	1	NO
SLC25A22	sensitizer	1	NO
SLC25A23	sensitizer	1	NO
SLC25A3	sensitizer	1	NO
SLC25A32	sensitizer	1	NO
SLC25A39	sensitizer	1	NO
SLC25A51	sensitizer	1	NO
SLC26A2	sensitizer	1	NO
SLC2A8	sensitizer	1	NO
SLC35A2	sensitizer	1	NO
SLC35B2	sensitizer	1	NO
SLC35F3	sensitizer	1	NO
SLC38A2	sensitizer	1	NO
SLC39A1	sensitizer	1	NO
SLC41A3	sensitizer	1	NO
SLC44A3	sensitizer	1	NO
SLC4A10	sensitizer	1	NO
SLC4A1AP	sensitizer	1	NO
SLC4A2	sensitizer	1	NO
SLC52A3	sensitizer	1	NO
SLC6A20	sensitizer	1	NO
SLC7A1	sensitizer	1	NO
SLC7A11	sensitizer	1	NO
SLC7A13	sensitizer	1	NO
SLC7A6	sensitizer	1	NO
SLC9A1	sensitizer	1	NO
SLCO2B1	sensitizer	1	NO
SLMO1	sensitizer	1	NO
SMAD4	sensitizer	1	NO
SMAD7	sensitizer	1	NO
SMARCA1	sensitizer	1	NO
SMARCAD1	sensitizer	1	NO
SMC1A	sensitizer	1	NO
SMCR8	sensitizer	1	NO
SMEK1	sensitizer	1	NO
SMG1	sensitizer	1	NO
SMG7	sensitizer	1	NO
SMIM13	sensitizer	1	NO
SMIM23	sensitizer	1	NO
SMIM4	sensitizer	1	NO
SMOX	sensitizer	1	NO
SMYD3	sensitizer	1	NO
SNAPC3	sensitizer	1	NO
SNAPIN	sensitizer	1	NO
SNRNP200	sensitizer	1	NO
SNRNP70	sensitizer	1	NO
SNRPA1	sensitizer	1	NO
SNRPB	sensitizer	1	NO
SNRPC	sensitizer	1	NO
SNRPE	sensitizer	1	NO
SNRPF	sensitizer	1	NO
SNUPN	sensitizer	1	NO
SNX27	sensitizer	1	NO
SNX4	sensitizer	1	NO
SOCS2	sensitizer	1	NO
SOD1	sensitizer	1	NO
SOD2	sensitizer	1	NO
SOST	sensitizer	1	NO
SOX11	sensitizer	1	NO
SOX17	sensitizer	1	NO
SOX4	sensitizer	1	NO
SOX6	sensitizer	1	NO
SP1	sensitizer	1	NO
SP110	sensitizer	1	NO
SPAG7	sensitizer	1	NO
SPATA2	sensitizer	1	NO
SPATA5	sensitizer	1	NO
SPCS3	sensitizer	1	NO
SPEG	sensitizer	1	NO
SPEN	sensitizer	1	NO
SPNS1	sensitizer	1	NO
SPNS2	sensitizer	1	NO
SPOCK3	sensitizer	1	NO
SPSB1	sensitizer	1	NO
SPTBN1	sensitizer	1	NO
SRGAP2	sensitizer	1	NO
SRGN	sensitizer	1	NO
SRP54	sensitizer	1	NO
SRP9	sensitizer	1	NO
SRPR	sensitizer	1	NO
SRSF1	sensitizer	1	NO
SRSF10	sensitizer	1	NO
SRSF11	sensitizer	1	NO
SRSF7	sensitizer	1	NO
SSBP1	sensitizer	1	NO
SSU72	sensitizer	1	NO
SSX7	sensitizer	1	NO
ST3GAL2	sensitizer	1	NO
ST8SIA4	sensitizer	1	NO
STAM	sensitizer	1	NO
STAMBP	sensitizer	1	NO
STAP1	sensitizer	1	NO
STAT6	sensitizer	1	NO
STAU1	sensitizer	1	NO
STEAP2	sensitizer	1	NO
STIP1	sensitizer	1	NO
STK38L	sensitizer	1	NO
STK40	sensitizer	1	NO
STPG1	sensitizer	1	NO
STRA13	sensitizer	1	NO
STRA6	sensitizer	1	NO
STRADA	sensitizer	1	NO
STRIP1	sensitizer	1	NO
STRN3	sensitizer	1	NO
STRN4	sensitizer	1	NO
STT3A	sensitizer	1	NO
STT3B	sensitizer	1	NO
STX17	sensitizer	1	NO
SULT2B1	sensitizer	1	NO
SUN5	sensitizer	1	NO
SUPT16H	sensitizer	1	NO
SUPT20H	sensitizer	1	NO
SUPT4H1	sensitizer	1	NO
SUPT5H	sensitizer	1	NO
SURF4	sensitizer	1	NO
SUSD1	sensitizer	1	NO
SYAP1	sensitizer	1	NO
SYBU	sensitizer	1	NO
SYMPK	sensitizer	1	NO
SYNPO	sensitizer	1	NO
SZT2	sensitizer	1	NO
TAAR2	sensitizer	1	NO
TAAR3	sensitizer	1	NO
TAAR6	sensitizer	1	NO
TACC3	sensitizer	1	NO
TACO1	sensitizer	1	NO
TADA2A	sensitizer	1	NO
TADA3	sensitizer	1	NO
TAF10	sensitizer	1	NO
TAF1A	sensitizer	1	NO
TAF1C	sensitizer	1	NO
TAF5	sensitizer	1	NO
TAF5L	sensitizer	1	NO
TAF6	sensitizer	1	NO
TAF8	sensitizer	1	NO
TAMM41	sensitizer	1	NO
TAOK1	sensitizer	1	NO
TARS	sensitizer	1	NO
TAS1R2	sensitizer	1	NO
TAS1R3	sensitizer	1	NO
TBC1D10B	sensitizer	1	NO
TBC1D20	sensitizer	1	NO
TBC1D9B	sensitizer	1	NO
TBCD	sensitizer	1	NO
TBCK	sensitizer	1	NO
TBL1XR1	sensitizer	1	NO
TBPL1	sensitizer	1	NO
TBRG4	sensitizer	1	NO
TBX15	sensitizer	1	NO
TBX6	sensitizer	1	NO
TBXAS1	sensitizer	1	NO
TCEA1	sensitizer	1	NO
TCEAL5	sensitizer	1	NO
TCERG1	sensitizer	1	NO
TCF4	sensitizer	1	NO
TCF7L2	sensitizer	1	NO
TCHHL1	sensitizer	1	NO
TCOF1	sensitizer	1	NO
TDO2	sensitizer	1	NO
TEAD1	sensitizer	1	NO
TEAD4	sensitizer	1	NO
TEN1	sensitizer	1	NO
TERF2IP	sensitizer	1	NO
TESC	sensitizer	1	NO
TET3	sensitizer	1	NO
TEX10	sensitizer	1	NO
TEX261	sensitizer	1	NO
TEX30	sensitizer	1	NO
TFAP4	sensitizer	1	NO
TFE3	sensitizer	1	NO
TGFBR1	sensitizer	1	NO
TGIF2LX	sensitizer	1	NO
TGS1	sensitizer	1	NO
THG1L	sensitizer	1	NO
THOP1	sensitizer	1	NO
THRA	sensitizer	1	NO
THRAP3	sensitizer	1	NO
THY1	sensitizer	1	NO
TICRR	sensitizer	1	NO
TIFA	sensitizer	1	NO
TIMM10	sensitizer	1	NO
TIMM17A	sensitizer	1	NO
TINF2	sensitizer	1	NO
TIPIN	sensitizer	1	NO
TJP1	sensitizer	1	NO
TK2	sensitizer	1	NO
TKT	sensitizer	1	NO
TLCD1	sensitizer	1	NO
TLE2	sensitizer	1	NO
TLE3	sensitizer	1	NO
TLN1	sensitizer	1	NO
TLR1	sensitizer	1	NO
TLR2	sensitizer	1	NO
TLX1	sensitizer	1	NO
TM2D3	sensitizer	1	NO
TM9SF2	sensitizer	1	NO
TMCO1	sensitizer	1	NO
TMCO6	sensitizer	1	NO
TMED10	sensitizer	1	NO
TMED2	sensitizer	1	NO
TMEM106A	sensitizer	1	NO
TMEM125	sensitizer	1	NO
TMEM141	sensitizer	1	NO
TMEM150B	sensitizer	1	NO
TMEM156	sensitizer	1	NO
TMEM161	sensitizer	1	NO
TMEM161B	sensitizer	1	NO
TMEM164	sensitizer	1	NO
TMEM167A	sensitizer	1	NO
TMEM167B	sensitizer	1	NO
TMEM170B	sensitizer	1	NO
TMEM199	sensitizer	1	NO
TMEM2	sensitizer	1	NO
TMEM201	sensitizer	1	NO
TMEM223	sensitizer	1	NO
TMEM234	sensitizer	1	NO
TMEM25	sensitizer	1	NO
TMEM258	sensitizer	1	NO
TMEM260	sensitizer	1	NO
TMEM5	sensitizer	1	NO
TMEM53	sensitizer	1	NO
TMEM56	sensitizer	1	NO
TMEM59L	sensitizer	1	NO
TMEM60	sensitizer	1	NO
TMEM92	sensitizer	1	NO
TMEM97	sensitizer	1	NO
TMPRSS5	sensitizer	1	NO
TMTC3	sensitizer	1	NO
TMX1	sensitizer	1	NO
TNFRSF1B	sensitizer	1	NO
TNFRSF8	sensitizer	1	NO
TNIP2	sensitizer	1	NO
TNIP3	sensitizer	1	NO
TNKS1BP1	sensitizer	1	NO
TNPO2	sensitizer	1	NO
TNS3	sensitizer	1	NO
TOMM20	sensitizer	1	NO
TOMM22	sensitizer	1	NO
TONSL	sensitizer	1	NO
TOP3A	sensitizer	1	NO
TP53	sensitizer	1	NO
TP73	sensitizer	1	NO
TPK1	sensitizer	1	NO
TPT1	sensitizer	1	NO
TPTE2	sensitizer	1	NO
TRA2A	sensitizer	1	NO
TRA2B	sensitizer	1	NO
TRAF7	sensitizer	1	NO
TRAIP	sensitizer	1	NO
TRANK1	sensitizer	1	NO
TRAPPC2L	sensitizer	1	NO
TREH	sensitizer	1	NO
TREX1	sensitizer	1	NO
TRIAP1	sensitizer	1	NO
TRIM11	sensitizer	1	NO
TRIM33	sensitizer	1	NO
TRIM39	sensitizer	1	NO
TRIM62	sensitizer	1	NO
TRIM7	sensitizer	1	NO
TRIM9	sensitizer	1	NO
TRIP11	sensitizer	1	NO
TRIP12	sensitizer	1	NO
TRIP13	sensitizer	1	NO
TRMT10C	sensitizer	1	NO
TRMT5	sensitizer	1	NO
TRNAU1AP	sensitizer	1	NO
TSEN2	sensitizer	1	NO
TSEN34	sensitizer	1	NO
TSEN54	sensitizer	1	NO
TSGA10IP	sensitizer	1	NO
TSHR	sensitizer	1	NO
TSPAN5	sensitizer	1	NO
TSPO	sensitizer	1	NO
TSPYL1	sensitizer	1	NO
TSR2	sensitizer	1	NO
TSSK6	sensitizer	1	NO
TSTD3	sensitizer	1	NO
TTC33	sensitizer	1	NO
TTC37	sensitizer	1	NO
TTC4	sensitizer	1	NO
TTLL5	sensitizer	1	NO
TUBB2B	sensitizer	1	NO
TUBB4B	sensitizer	1	NO
TUBG1	sensitizer	1	NO
TULP2	sensitizer	1	NO
TXNDC17	sensitizer	1	NO
TXNRD1	sensitizer	1	NO
TYMP	sensitizer	1	NO
UAP1	sensitizer	1	NO
UBASH3A	sensitizer	1	NO
UBD	sensitizer	1	NO
UBE2B	sensitizer	1	NO
UBE2G1	sensitizer	1	NO
UBE2G2	sensitizer	1	NO
UBE2I	sensitizer	1	NO
UBE2J2	sensitizer	1	NO
UBE2K	sensitizer	1	NO
UBE2R2	sensitizer	1	NO
UBE2V1	sensitizer	1	NO
UBE4A	sensitizer	1	NO
UBOX5	sensitizer	1	NO
UBP1	sensitizer	1	NO
UBQLN1	sensitizer	1	NO
UBQLN4	sensitizer	1	NO
UBR2	sensitizer	1	NO
UBR5	sensitizer	1	NO
UBTD1	sensitizer	1	NO
UBXN7	sensitizer	1	NO
UCHL5	sensitizer	1	NO
UFD1L	sensitizer	1	NO
UFSP2	sensitizer	1	NO
UGCG	sensitizer	1	NO
UGDH	sensitizer	1	NO
UGT1A9	sensitizer	1	NO
UHRF2	sensitizer	1	NO
UIMC1	sensitizer	1	NO
UNC45A	sensitizer	1	NO
UPF1	sensitizer	1	NO
UPF2	sensitizer	1	NO
UQCRC1	sensitizer	1	NO
UQCRC2	sensitizer	1	NO
UQCRQ	sensitizer	1	NO
URB1	sensitizer	1	NO
URGCP-MRPS24	sensitizer	1	NO
UROS	sensitizer	1	NO
USB1	sensitizer	1	NO
USP17L17	sensitizer	1	NO
USP24	sensitizer	1	NO
USP34	sensitizer	1	NO
USP37	sensitizer	1	NO
USP5	sensitizer	1	NO
UTP15	sensitizer	1	NO
VDAC3	sensitizer	1	NO
VEPH1	sensitizer	1	NO
VGLL2	sensitizer	1	NO
VPS28	sensitizer	1	NO
VPS36	sensitizer	1	NO
VPS4A	sensitizer	1	NO
VPS51	sensitizer	1	NO
VPS9D1	sensitizer	1	NO
VWA9	sensitizer	1	NO
VWDE	sensitizer	1	NO
VWF	sensitizer	1	NO
WARS	sensitizer	1	NO
WBP1	sensitizer	1	NO
WBP11	sensitizer	1	NO
WDFY3	sensitizer	1	NO
WDFY4	sensitizer	1	NO
WDHD1	sensitizer	1	NO
WDR1	sensitizer	1	NO
WDR26	sensitizer	1	NO
WDR48	sensitizer	1	NO
WDR5	sensitizer	1	NO
WDR55	sensitizer	1	NO
WDR6	sensitizer	1	NO
WDR61	sensitizer	1	NO
WDR76	sensitizer	1	NO
WDR81	sensitizer	1	NO
WDR83	sensitizer	1	NO
WDR83OS	sensitizer	1	NO
WDR91	sensitizer	1	NO
WDR92	sensitizer	1	NO
WRB	sensitizer	1	NO
WSB1	sensitizer	1	NO
WSB2	sensitizer	1	NO
WTAP	sensitizer	1	NO
XPO4	sensitizer	1	NO
XRCC1	sensitizer	1	NO
XRCC2	sensitizer	1	NO
XRCC3	sensitizer	1	NO
XRCC4	sensitizer	1	NO
XRCC5	sensitizer	1	NO
XRCC6	sensitizer	1	NO
XRCC6BP1	sensitizer	1	NO
XYLB	sensitizer	1	NO
XYLT2	sensitizer	1	NO
YAE1D1	sensitizer	1	NO
YARS	sensitizer	1	NO
YIPF5	sensitizer	1	NO
YLPM1	sensitizer	1	NO
YPEL5	sensitizer	1	NO
YTHDF3	sensitizer	1	NO
YY1	sensitizer	1	NO
YY1AP1	sensitizer	1	NO
ZAK	sensitizer	1	NO
ZBTB14	sensitizer	1	NO
ZBTB21	sensitizer	1	NO
ZBTB7A	sensitizer	1	NO
ZC3H6	sensitizer	1	NO
ZC3HC1	sensitizer	1	NO
ZCCHC9	sensitizer	1	NO
ZDBF2	sensitizer	1	NO
ZDHHC5	sensitizer	1	NO
ZEB2	sensitizer	1	NO
ZER1	sensitizer	1	NO
ZFAND6	sensitizer	1	NO
ZFP41	sensitizer	1	NO
ZFP91	sensitizer	1	NO
ZFR	sensitizer	1	NO
ZFYVE20	sensitizer	1	NO
ZMYM2	sensitizer	1	NO
ZMYM4	sensitizer	1	NO
ZMYND11	sensitizer	1	NO
ZNF124	sensitizer	1	NO
ZNF14	sensitizer	1	NO
ZNF148	sensitizer	1	NO
ZNF182	sensitizer	1	NO
ZNF207	sensitizer	1	NO
ZNF219	sensitizer	1	NO
ZNF250	sensitizer	1	NO
ZNF259	sensitizer	1	NO
ZNF267	sensitizer	1	NO
ZNF30	sensitizer	1	NO
ZNF302	sensitizer	1	NO
ZNF335	sensitizer	1	NO
ZNF408	sensitizer	1	NO
ZNF442	sensitizer	1	NO
ZNF471	sensitizer	1	NO
ZNF473	sensitizer	1	NO
ZNF486	sensitizer	1	NO
ZNF497	sensitizer	1	NO
ZNF559-ZNF177	sensitizer	1	NO
ZNF560	sensitizer	1	NO
ZNF574	sensitizer	1	NO
ZNF576	sensitizer	1	NO
ZNF593	sensitizer	1	NO
ZNF608	sensitizer	1	NO
ZNF644	sensitizer	1	NO
ZNF653	sensitizer	1	NO
ZNF668	sensitizer	1	NO
ZNF676	sensitizer	1	NO
ZNF706	sensitizer	1	NO
ZNF710	sensitizer	1	NO
ZNF728	sensitizer	1	NO
ZNF766	sensitizer	1	NO
ZNF773	sensitizer	1	NO
ZNF81	sensitizer	1	NO
ZNRF2	sensitizer	1	NO
ZSWIM8	sensitizer	1	NO
ZUFSP	sensitizer	1	NO
hsa-mir-1254-2	sensitizer	1	NO
hsa-mir-4262	sensitizer	1	NO
hsa-mir-4419b	sensitizer	1	NO
hsa-mir-4468	sensitizer	1	NO
hsa-mir-6752	sensitizer	1	NO
hsa-mir-6775	sensitizer	1	NO
hsa-mir-7704	sensitizer	1	NO
hsa-mir-939	sensitizer	1	NO
