peak_id	direction	cytoband	q_value	residual_q	chrom	start	end	gene
amp:17q12	amp	17q12	2.66e-22	7.21e-20	17	37827871	37877201	ERBB2
amp:17q12	amp	17q12	2.66e-22	7.21e-20	17	37827871	37877201	PGAP3
amp:19q12	amp	19q12	1.83e-19	1.83e-19	19	30304858	30358071	CCNE1
amp:1p22.3	amp	1p22.3	1.32e-18	5.13e-18	1	85979933	86002734	DDAH1
amp:8q24.21	amp	8q24.21	3.19e-24	1.03e-16	8	129543769	129554481	hsa-mir-1208
amp:1q22	amp	1q22	2.64e-21	3.69e-14	1	155817553	156101508	LMNA
amp:1q22	amp	1q22	2.64e-21	3.69e-14	1	155817553	156101508	RIT1
amp:1q22	amp	1q22	2.64e-21	3.69e-14	1	155817553	156101508	SSR2
amp:1q22	amp	1q22	2.64e-21	3.69e-14	1	155817553	156101508	ARHGEF2
amp:1q22	amp	1q22	2.64e-21	3.69e-14	1	155817553	156101508	KIAA0907
amp:1q22	amp	1q22	2.64e-21	3.69e-14	1	155817553	156101508	SYT11
amp:1q22	amp	1q22	2.64e-21	3.69e-14	1	155817553	156101508	ROBLD3
amp:1q22	amp	1q22	2.64e-21	3.69e-14	1	155817553	156101508	GON4L
amp:1q22	amp	1q22	2.64e-21	3.69e-14	1	155817553	156101508	UBQLN4
amp:1q22	amp	1q22	2.64e-21	3.69e-14	1	155817553	156101508	RAB25
amp:1q22	amp	1q22	2.64e-21	3.69e-14	1	155817553	156101508	MEX3A
amp:1q22	amp	1q22	2.64e-21	3.69e-14	1	155817553	156101508	RXFP4
amp:1q22	amp	1q22	2.64e-21	3.69e-14	1	155817553	156101508	SCARNA4
amp:1q22	amp	1q22	2.64e-21	3.69e-14	1	155817553	156101508	SNORA42
amp:3q26.2	amp	3q26.2	1.71e-27	5.34e-14	3	168609009	168740350	C3orf50
amp:3q26.2#2	amp	3q26.2	3.8e-21	1.04e-08	3	169341872	169507091	MECOM
amp:3q26.2#2	amp	3q26.2	3.8e-21	1.04e-08	3	169341872	169507091	TERC
amp:3q26.2#2	amp	3q26.2	3.8e-21	1.04e-08	3	169341872	169507091	MYNN
amp:3q26.2#2	amp	3q26.2	3.8e-21	1.04e-08	3	169341872	169507091	ARPM1
amp:20q11.21	amp	20q11.21	6.66e-11	2.54e-08	20	30731473	30798667	PLAGL2
amp:20q11.21	amp	20q11.21	6.66e-11	2.54e-08	20	30731473	30798667	TM9SF4
amp:20q11.21	amp	20q11.21	6.66e-11	2.54e-08	20	30731473	30798667	POFUT1
amp:20q11.21	amp	20q11.21	6.66e-11	2.54e-08	20	30731473	30798667	TSPYL3
amp:19p13.2	amp	19p13.2	1.37e-08	2.57e-08	19	13252112	13500076	CACNA1A
amp:19p13.2	amp	19p13.2	1.37e-08	2.57e-08	19	13252112	13500076	STX10
amp:19p13.2	amp	19p13.2	1.37e-08	2.57e-08	19	13252112	13500076	IER2
amp:1q21.3	amp	1q21.3	8.19e-19	1.95e-07	1	150495164	150919620	hsa-mir-4257
amp:1q21.3	amp	1q21.3	8.19e-19	1.95e-07	1	150495164	150919620	ARNT
amp:1q21.3	amp	1q21.3	8.19e-19	1.95e-07	1	150495164	150919620	CTSK
amp:1q21.3	amp	1q21.3	8.19e-19	1.95e-07	1	150495164	150919620	CTSS
amp:1q21.3	amp	1q21.3	8.19e-19	1.95e-07	1	150495164	150919620	ENSA
amp:1q21.3	amp	1q21.3	8.19e-19	1.95e-07	1	150495164	150919620	MCL1
amp:1q21.3	amp	1q21.3	8.19e-19	1.95e-07	1	150495164	150919620	SETDB1
amp:1q21.3	amp	1q21.3	8.19e-19	1.95e-07	1	150495164	150919620	ADAMTSL4
amp:1q21.3	amp	1q21.3	8.19e-19	1.95e-07	1	150495164	150919620	GOLPH3L
amp:1q21.3	amp	1q21.3	8.19e-19	1.95e-07	1	150495164	150919620	HORMAD1
amp:3p25.1	amp	3p25.1	2.55e-07	2.55e-07	3	13714839	13726839	LOC285375
amp:8q24.21#2	amp	8q24.21	6.59e-19	3.31e-06	8	128739772	128781734	MYC
amp:2q13	amp	2q13	4.84e-06	4.84e-06	2	113908087	114236549	PAX8
amp:2q13	amp	2q13	4.84e-06	4.84e-06	2	113908087	114236549	PSD4
amp:2q13	amp	2q13	4.84e-06	4.84e-06	2	113908087	114236549	CBWD2
amp:2q13	amp	2q13	4.84e-06	4.84e-06	2	113908087	114236549	LOC654433
amp:10q22.2	amp	10q22.2	1.11e-05	1.11e-05	10	76700603	77071885	VDAC2
amp:10q22.2	amp	10q22.2	1.11e-05	1.11e-05	10	76700603	77071885	MYST4
amp:10q22.2	amp	10q22.2	1.11e-05	1.11e-05	10	76700603	77071885	DUSP13
amp:10q22.2	amp	10q22.2	1.11e-05	1.11e-05	10	76700603	77071885	COMTD1
amp:10q22.2	amp	10q22.2	1.11e-05	1.11e-05	10	76700603	77071885	SAMD8
amp:10q22.2	amp	10q22.2	1.11e-05	1.11e-05	10	76700603	77071885	DUPD1
amp:6p24.2	amp	6p24.2	3.76e-05	3.76e-05	6	11230043	11530964	NEDD9
amp:4p16.3	amp	4p16.3	3.93e-05	3.93e-05	4	1619389	1881446	FGFR3
amp:4p16.3	amp	4p16.3	3.93e-05	3.93e-05	4	1619389	1881446	LETM1
amp:4p16.3	amp	4p16.3	3.93e-05	3.93e-05	4	1619389	1881446	WHSC1
amp:4p16.3	amp	4p16.3	3.93e-05	3.93e-05	4	1619389	1881446	SLBP
amp:4p16.3	amp	4p16.3	3.93e-05	3.93e-05	4	1619389	1881446	TACC3
amp:4p16.3	amp	4p16.3	3.93e-05	3.93e-05	4	1619389	1881446	TMEM129
amp:4p16.3	amp	4p16.3	3.93e-05	3.93e-05	4	1619389	1881446	FAM53A
amp:16p11.2	amp	16p11.2	6.08e-05	6.08e-05	16	30854953	31009587	hsa-mir-762
amp:16p11.2	amp	16p11.2	6.08e-05	6.08e-05	16	30854953	31009587	CTF1
amp:16p11.2	amp	16p11.2	6.08e-05	6.08e-05	16	30854953	31009587	BCL7C
amp:16p11.2	amp	16p11.2	6.08e-05	6.08e-05	16	30854953	31009587	SETD1A
amp:16p11.2	amp	16p11.2	6.08e-05	6.08e-05	16	30854953	31009587	FBXL19
amp:16p11.2	amp	16p11.2	6.08e-05	6.08e-05	16	30854953	31009587	HSD3B7
amp:16p11.2	amp	16p11.2	6.08e-05	6.08e-05	16	30854953	31009587	ORAI3
amp:16p11.2	amp	16p11.2	6.08e-05	6.08e-05	16	30854953	31009587	STX1B
amp:16p11.2	amp	16p11.2	6.08e-05	6.08e-05	16	30854953	31009587	NCRNA00095
amp:20q13.2	amp	20q13.2	4.42e-06	9.89e-05	20	52181757	52349891	ZNF217
amp:12q13.2	amp	12q13.2	3.56e-06	0.00010406	12	56379486	56440068	RAB5B
amp:12q13.2	amp	12q13.2	3.56e-06	0.00010406	12	56379486	56440068	RPS26
amp:12q13.2	amp	12q13.2	3.56e-06	0.00010406	12	56379486	56440068	SUOX
amp:12q13.2	amp	12q13.2	3.56e-06	0.00010406	12	56379486	56440068	IKZF4
amp:11q13.2	amp	11q13.2	2.93e-06	0.00012411	11	67091753	67231888	PPP1CA
amp:11q13.2	amp	11q13.2	2.93e-06	0.00012411	11	67091753	67231888	PTPRCAP
amp:11q13.2	amp	11q13.2	2.93e-06	0.00012411	11	67091753	67231888	RAD9A
amp:11q13.2	amp	11q13.2	2.93e-06	0.00012411	11	67091753	67231888	RPS6KB2
amp:11q13.2	amp	11q13.2	2.93e-06	0.00012411	11	67091753	67231888	CLCF1
amp:11q13.2	amp	11q13.2	2.93e-06	0.00012411	11	67091753	67231888	CABP4
amp:11q13.2	amp	11q13.2	2.93e-06	0.00012411	11	67091753	67231888	CORO1B
amp:11q13.2	amp	11q13.2	2.93e-06	0.00012411	11	67091753	67231888	CARNS1
amp:11q13.2	amp	11q13.2	2.93e-06	0.00012411	11	67091753	67231888	POLD4
amp:11q13.2	amp	11q13.2	2.93e-06	0.00012411	11	67091753	67231888	TMEM134
amp:11q13.2	amp	11q13.2	2.93e-06	0.00012411	11	67091753	67231888	TBC1D10C
amp:11q13.2	amp	11q13.2	2.93e-06	0.00012411	11	67091753	67231888	GPR152
amp:11q13.2	amp	11q13.2	2.93e-06	0.00012411	11	67091753	67231888	LOC100130987
amp:8p11.21	amp	8p11.21	1.51e-05	0.00012659	8	41474230	42143006	hsa-mir-486
amp:8p11.21	amp	8p11.21	1.51e-05	0.00012659	8	41474230	42143006	ANK1
amp:8p11.21	amp	8p11.21	1.51e-05	0.00012659	8	41474230	42143006	IKBKB
amp:8p11.21	amp	8p11.21	1.51e-05	0.00012659	8	41474230	42143006	PLAT
amp:8p11.21	amp	8p11.21	1.51e-05	0.00012659	8	41474230	42143006	MYST3
amp:8p11.21	amp	8p11.21	1.51e-05	0.00012659	8	41474230	42143006	AP3M2
amp:8p11.21	amp	8p11.21	1.51e-05	0.00012659	8	41474230	42143006	AGPAT6
amp:8p11.21	amp	8p11.21	1.51e-05	0.00012659	8	41474230	42143006	NKX6-3
amp:5p15.33	amp	5p15.33	0.00036252	0.00036252	5	1	13173663	hsa-mir-4278
amp:5p15.33	amp	5p15.33	0.00036252	0.00036252	5	1	13173663	hsa-mir-4277
amp:5p15.33	amp	5p15.33	0.00036252	0.00036252	5	1	13173663	ADCY2
amp:5p15.33	amp	5p15.33	0.00036252	0.00036252	5	1	13173663	CTNND2
amp:5p15.33	amp	5p15.33	0.00036252	0.00036252	5	1	13173663	DAP
amp:5p15.33	amp	5p15.33	0.00036252	0.00036252	5	1	13173663	MTRR
amp:5p15.33	amp	5p15.33	0.00036252	0.00036252	5	1	13173663	NDUFS6
amp:5p15.33	amp	5p15.33	0.00036252	0.00036252	5	1	13173663	SDHA
amp:5p15.33	amp	5p15.33	0.00036252	0.00036252	5	1	13173663	SLC6A3
amp:5p15.33	amp	5p15.33	0.00036252	0.00036252	5	1	13173663	SLC9A3
amp:5p15.33	amp	5p15.33	0.00036252	0.00036252	5	1	13173663	SRD5A1
amp:5p15.33	amp	5p15.33	0.00036252	0.00036252	5	1	13173663	TERT
amp:5p15.33	amp	5p15.33	0.00036252	0.00036252	5	1	13173663	SEMA5A
amp:5p15.33	amp	5p15.33	0.00036252	0.00036252	5	1	13173663	TRIP13
amp:5p15.33	amp	5p15.33	0.00036252	0.00036252	5	1	13173663	PDCD6
amp:5p15.33	amp	5p15.33	0.00036252	0.00036252	5	1	13173663	40974.0
amp:5p15.33	amp	5p15.33	0.00036252	0.00036252	5	1	13173663	SLC12A7
amp:5p15.33	amp	5p15.33	0.00036252	0.00036252	5	1	13173663	PAPD7
amp:5p15.33	amp	5p15.33	0.00036252	0.00036252	5	1	13173663	TPPP
amp:5p15.33	amp	5p15.33	0.00036252	0.00036252	5	1	13173663	EXOC3
amp:5p15.33	amp	5p15.33	0.00036252	0.00036252	5	1	13173663	CCT5
amp:5p15.33	amp	5p15.33	0.00036252	0.00036252	5	1	13173663	KIAA0947
amp:5p15.33	amp	5p15.33	0.00036252	0.00036252	5	1	13173663	LOC25845
amp:5p15.33	amp	5p15.33	0.00036252	0.00036252	5	1	13173663	IRX4
amp:5p15.33	amp	5p15.33	0.00036252	0.00036252	5	1	13173663	TAS2R1
amp:5p15.33	amp	5p15.33	0.00036252	0.00036252	5	1	13173663	NSUN2
amp:5p15.33	amp	5p15.33	0.00036252	0.00036252	5	1	13173663	CEP72
amp:5p15.33	amp	5p15.33	0.00036252	0.00036252	5	1	13173663	AHRR
amp:5p15.33	amp	5p15.33	0.00036252	0.00036252	5	1	13173663	MRPL36
amp:5p15.33	amp	5p15.33	0.00036252	0.00036252	5	1	13173663	BRD9
amp:5p15.33	amp	5p15.33	0.00036252	0.00036252	5	1	13173663	FASTKD3
amp:5p15.33	amp	5p15.33	0.00036252	0.00036252	5	1	13173663	IRX1
amp:5p15.33	amp	5p15.33	0.00036252	0.00036252	5	1	13173663	ZDHHC11
amp:5p15.33	amp	5p15.33	0.00036252	0.00036252	5	1	13173663	LPCAT1
amp:5p15.33	amp	5p15.33	0.00036252	0.00036252	5	1	13173663	CLPTM1L
amp:5p15.33	amp	5p15.33	0.00036252	0.00036252	5	1	13173663	ROPN1L
amp:5p15.33	amp	5p15.33	0.00036252	0.00036252	5	1	13173663	MED10
amp:5p15.33	amp	5p15.33	0.00036252	0.00036252	5	1	13173663	NKD2
amp:5p15.33	amp	5p15.33	0.00036252	0.00036252	5	1	13173663	C5orf55
amp:5p15.33	amp	5p15.33	0.00036252	0.00036252	5	1	13173663	CCDC127
amp:5p15.33	amp	5p15.33	0.00036252	0.00036252	5	1	13173663	UBE2QL1
amp:5p15.33	amp	5p15.33	0.00036252	0.00036252	5	1	13173663	C5orf49
amp:5p15.33	amp	5p15.33	0.00036252	0.00036252	5	1	13173663	FAM173B
amp:5p15.33	amp	5p15.33	0.00036252	0.00036252	5	1	13173663	CMBL
amp:5p15.33	amp	5p15.33	0.00036252	0.00036252	5	1	13173663	PLEKHG4B
amp:5p15.33	amp	5p15.33	0.00036252	0.00036252	5	1	13173663	C5orf38
amp:5p15.33	amp	5p15.33	0.00036252	0.00036252	5	1	13173663	IRX2
amp:5p15.33	amp	5p15.33	0.00036252	0.00036252	5	1	13173663	ADAMTS16
amp:5p15.33	amp	5p15.33	0.00036252	0.00036252	5	1	13173663	LOC255167
amp:5p15.33	amp	5p15.33	0.00036252	0.00036252	5	1	13173663	LOC285692
amp:5p15.33	amp	5p15.33	0.00036252	0.00036252	5	1	13173663	SLC6A19
amp:5p15.33	amp	5p15.33	0.00036252	0.00036252	5	1	13173663	LOC340094
amp:5p15.33	amp	5p15.33	0.00036252	0.00036252	5	1	13173663	SLC6A18
amp:5p15.33	amp	5p15.33	0.00036252	0.00036252	5	1	13173663	LRRC14B
amp:5p15.33	amp	5p15.33	0.00036252	0.00036252	5	1	13173663	FLJ33360
amp:5p15.33	amp	5p15.33	0.00036252	0.00036252	5	1	13173663	SDHAP3
amp:5p15.33	amp	5p15.33	0.00036252	0.00036252	5	1	13173663	LOC728613
amp:5p15.33	amp	5p15.33	0.00036252	0.00036252	5	1	13173663	SNORD123
amp:1q43	amp	1q43	2.26e-08	0.00077755	1	236870608	249250621	hsa-mir-3124
amp:1q43	amp	1q43	2.26e-08	0.00077755	1	236870608	249250621	hsa-mir-3123
amp:1q43	amp	1q43	2.26e-08	0.00077755	1	236870608	249250621	ACTN2
amp:1q43	amp	1q43	2.26e-08	0.00077755	1	236870608	249250621	ADSS
amp:1q43	amp	1q43	2.26e-08	0.00077755	1	236870608	249250621	CHML
amp:1q43	amp	1q43	2.26e-08	0.00077755	1	236870608	249250621	CHRM3
amp:1q43	amp	1q43	2.26e-08	0.00077755	1	236870608	249250621	FH
amp:1q43	amp	1q43	2.26e-08	0.00077755	1	236870608	249250621	HNRNPU
amp:1q43	amp	1q43	2.26e-08	0.00077755	1	236870608	249250621	MTR
amp:1q43	amp	1q43	2.26e-08	0.00077755	1	236870608	249250621	RGS7
amp:1q43	amp	1q43	2.26e-08	0.00077755	1	236870608	249250621	RYR2
amp:1q43	amp	1q43	2.26e-08	0.00077755	1	236870608	249250621	ZNF124
amp:1q43	amp	1q43	2.26e-08	0.00077755	1	236870608	249250621	KMO
amp:1q43	amp	1q43	2.26e-08	0.00077755	1	236870608	249250621	EXO1
amp:1q43	amp	1q43	2.26e-08	0.00077755	1	236870608	249250621	CEP170
amp:1q43	amp	1q43	2.26e-08	0.00077755	1	236870608	249250621	AKT3
amp:1q43	amp	1q43	2.26e-08	0.00077755	1	236870608	249250621	ZNF238
amp:1q43	amp	1q43	2.26e-08	0.00077755	1	236870608	249250621	SDCCAG8
amp:1q43	amp	1q43	2.26e-08	0.00077755	1	236870608	249250621	OPN3
amp:1q43	amp	1q43	2.26e-08	0.00077755	1	236870608	249250621	TRIM58
amp:1q43	amp	1q43	2.26e-08	0.00077755	1	236870608	249250621	AHCTF1
amp:1q43	amp	1q43	2.26e-08	0.00077755	1	236870608	249250621	OR1C1
amp:1q43	amp	1q43	2.26e-08	0.00077755	1	236870608	249250621	OR2M4
amp:1q43	amp	1q43	2.26e-08	0.00077755	1	236870608	249250621	OR2L2
amp:1q43	amp	1q43	2.26e-08	0.00077755	1	236870608	249250621	OR2L1P
amp:1q43	amp	1q43	2.26e-08	0.00077755	1	236870608	249250621	OR2T1
amp:1q43	amp	1q43	2.26e-08	0.00077755	1	236870608	249250621	PPPDE1
amp:1q43	amp	1q43	2.26e-08	0.00077755	1	236870608	249250621	SCCPDH
amp:1q43	amp	1q43	2.26e-08	0.00077755	1	236870608	249250621	KIF26B
amp:1q43	amp	1q43	2.26e-08	0.00077755	1	236870608	249250621	ZNF692
amp:1q43	amp	1q43	2.26e-08	0.00077755	1	236870608	249250621	FMN2
amp:1q43	amp	1q43	2.26e-08	0.00077755	1	236870608	249250621	ZNF695
amp:1q43	amp	1q43	2.26e-08	0.00077755	1	236870608	249250621	ZP4
amp:1q43	amp	1q43	2.26e-08	0.00077755	1	236870608	249250621	TFB2M
amp:1q43	amp	1q43	2.26e-08	0.00077755	1	236870608	249250621	GREM2
amp:1q43	amp	1q43	2.26e-08	0.00077755	1	236870608	249250621	SMYD3
amp:1q43	amp	1q43	2.26e-08	0.00077755	1	236870608	249250621	ZNF669
amp:1q43	amp	1q43	2.26e-08	0.00077755	1	236870608	249250621	ZNF672
amp:1q43	amp	1q43	2.26e-08	0.00077755	1	236870608	249250621	SH3BP5L
amp:1q43	amp	1q43	2.26e-08	0.00077755	1	236870608	249250621	OR2G3
amp:1q43	amp	1q43	2.26e-08	0.00077755	1	236870608	249250621	OR2G2
amp:1q43	amp	1q43	2.26e-08	0.00077755	1	236870608	249250621	OR2C3
amp:1q43	amp	1q43	2.26e-08	0.00077755	1	236870608	249250621	EFCAB2
amp:1q43	amp	1q43	2.26e-08	0.00077755	1	236870608	249250621	ZNF496
amp:1q43	amp	1q43	2.26e-08	0.00077755	1	236870608	249250621	ZNF670
amp:1q43	amp	1q43	2.26e-08	0.00077755	1	236870608	249250621	NLRP3
amp:1q43	amp	1q43	2.26e-08	0.00077755	1	236870608	249250621	FAM36A
amp:1q43	amp	1q43	2.26e-08	0.00077755	1	236870608	249250621	OR2M5
amp:1q43	amp	1q43	2.26e-08	0.00077755	1	236870608	249250621	OR2M3
amp:1q43	amp	1q43	2.26e-08	0.00077755	1	236870608	249250621	OR2T12
amp:1q43	amp	1q43	2.26e-08	0.00077755	1	236870608	249250621	OR14C36
amp:1q43	amp	1q43	2.26e-08	0.00077755	1	236870608	249250621	OR2T34
amp:1q43	amp	1q43	2.26e-08	0.00077755	1	236870608	249250621	OR2T10
amp:1q43	amp	1q43	2.26e-08	0.00077755	1	236870608	249250621	OR2T4
amp:1q43	amp	1q43	2.26e-08	0.00077755	1	236870608	249250621	OR2T11
amp:1q43	amp	1q43	2.26e-08	0.00077755	1	236870608	249250621	OR2B11
amp:1q43	amp	1q43	2.26e-08	0.00077755	1	236870608	249250621	WDR64
amp:1q43	amp	1q43	2.26e-08	0.00077755	1	236870608	249250621	C1orf150
amp:1q43	amp	1q43	2.26e-08	0.00077755	1	236870608	249250621	LOC148824
amp:1q43	amp	1q43	2.26e-08	0.00077755	1	236870608	249250621	LOC149134
amp:1q43	amp	1q43	2.26e-08	0.00077755	1	236870608	249250621	CNST
amp:1q43	amp	1q43	2.26e-08	0.00077755	1	236870608	249250621	PLD5
amp:1q43	amp	1q43	2.26e-08	0.00077755	1	236870608	249250621	C1orf100
amp:1q43	amp	1q43	2.26e-08	0.00077755	1	236870608	249250621	OR2T6
amp:1q43	amp	1q43	2.26e-08	0.00077755	1	236870608	249250621	C1orf101
amp:1q43	amp	1q43	2.26e-08	0.00077755	1	236870608	249250621	PGBD2
amp:1q43	amp	1q43	2.26e-08	0.00077755	1	236870608	249250621	OR2L13
amp:1q43	amp	1q43	2.26e-08	0.00077755	1	236870608	249250621	OR14A16
amp:1q43	amp	1q43	2.26e-08	0.00077755	1	236870608	249250621	NCRNA00201
amp:1q43	amp	1q43	2.26e-08	0.00077755	1	236870608	249250621	VN1R5
amp:1q43	amp	1q43	2.26e-08	0.00077755	1	236870608	249250621	LOC339535
amp:1q43	amp	1q43	2.26e-08	0.00077755	1	236870608	249250621	OR6F1
amp:1q43	amp	1q43	2.26e-08	0.00077755	1	236870608	249250621	OR2W3
amp:1q43	amp	1q43	2.26e-08	0.00077755	1	236870608	249250621	OR2T8
amp:1q43	amp	1q43	2.26e-08	0.00077755	1	236870608	249250621	OR2T3
amp:1q43	amp	1q43	2.26e-08	0.00077755	1	236870608	249250621	OR2T29
amp:1q43	amp	1q43	2.26e-08	0.00077755	1	236870608	249250621	C1orf229
amp:1q43	amp	1q43	2.26e-08	0.00077755	1	236870608	249250621	OR2M1P
amp:1q43	amp	1q43	2.26e-08	0.00077755	1	236870608	249250621	OR11L1
amp:1q43	amp	1q43	2.26e-08	0.00077755	1	236870608	249250621	OR2L8
amp:1q43	amp	1q43	2.26e-08	0.00077755	1	236870608	249250621	OR2AK2
amp:1q43	amp	1q43	2.26e-08	0.00077755	1	236870608	249250621	OR2L3
amp:1q43	amp	1q43	2.26e-08	0.00077755	1	236870608	249250621	OR2M2
amp:1q43	amp	1q43	2.26e-08	0.00077755	1	236870608	249250621	OR2T33
amp:1q43	amp	1q43	2.26e-08	0.00077755	1	236870608	249250621	OR2M7
amp:1q43	amp	1q43	2.26e-08	0.00077755	1	236870608	249250621	OR2G6
amp:1q43	amp	1q43	2.26e-08	0.00077755	1	236870608	249250621	OR2T2
amp:1q43	amp	1q43	2.26e-08	0.00077755	1	236870608	249250621	OR2T5
amp:1q43	amp	1q43	2.26e-08	0.00077755	1	236870608	249250621	OR14I1
amp:1q43	amp	1q43	2.26e-08	0.00077755	1	236870608	249250621	OR2T27
amp:1q43	amp	1q43	2.26e-08	0.00077755	1	236870608	249250621	OR2T35
amp:1q43	amp	1q43	2.26e-08	0.00077755	1	236870608	249250621	MAP1LC3C
amp:1q43	amp	1q43	2.26e-08	0.00077755	1	236870608	249250621	OR2W5
amp:1q43	amp	1q43	2.26e-08	0.00077755	1	236870608	249250621	OR13G1
amp:1q43	amp	1q43	2.26e-08	0.00077755	1	236870608	249250621	LOC646627
amp:1q43	amp	1q43	2.26e-08	0.00077755	1	236870608	249250621	LOC100130331
amp:9p24.2	amp	9p24.2	0.0026279	0.0026279	9	3631009	3836166	GLIS3
amp:2p23.2	amp	2p23.2	0.0070936	0.0070936	2	28508425	28982826	FOSL2
amp:2p23.2	amp	2p23.2	0.0070936	0.0070936	2	28508425	28982826	PPP1CB
amp:2p23.2	amp	2p23.2	0.0070936	0.0070936	2	28508425	28982826	BRE
amp:2p23.2	amp	2p23.2	0.0070936	0.0070936	2	28508425	28982826	PLB1
amp:19p13.2#2	amp	19p13.2	0.001869	0.010972	19	7300056	7398264	INSR
amp:17q21.32	amp	17q21.32	0.00010326	0.010982	17	46464740	46639145	HOXB1
amp:17q21.32	amp	17q21.32	0.00010326	0.010982	17	46464740	46639145	HOXB2
amp:17q21.32	amp	17q21.32	0.00010326	0.010982	17	46464740	46639145	HOXB3
amp:17q21.32	amp	17q21.32	0.00010326	0.010982	17	46464740	46639145	SKAP1
amp:14q24.3	amp	14q24.3	0.0049548	0.018291	14	77353291	77410930	C14orf166B
amp:18q11.2	amp	18q11.2	0.022211	0.022211	18	23633135	24439885	AQP4
amp:18q11.2	amp	18q11.2	0.022211	0.022211	18	23633135	24439885	SS18
amp:18q11.2	amp	18q11.2	0.022211	0.022211	18	23633135	24439885	TAF4B
amp:18q11.2	amp	18q11.2	0.022211	0.022211	18	23633135	24439885	PSMA8
amp:18q11.2	amp	18q11.2	0.022211	0.022211	18	23633135	24439885	KCTD1
amp:18q11.2	amp	18q11.2	0.022211	0.022211	18	23633135	24439885	LOC728606
amp:5q22.3	amp	5q22.3	0.024732	0.024732	5	114756122	114759166	FEM1C
amp:9q34.3	amp	9q34.3	0.065391	0.065391	9	139793924	139897193	C8G
amp:9q34.3	amp	9q34.3	0.065391	0.065391	9	139793924	139897193	PTGDS
amp:9q34.3	amp	9q34.3	0.065391	0.065391	9	139793924	139897193	TRAF2
amp:9q34.3	amp	9q34.3	0.065391	0.065391	9	139793924	139897193	CLIC3
amp:9q34.3	amp	9q34.3	0.065391	0.065391	9	139793924	139897193	FBXW5
amp:9q34.3	amp	9q34.3	0.065391	0.065391	9	139793924	139897193	LCN12
amp:9q34.3	amp	9q34.3	0.065391	0.065391	9	139793924	139897193	C9orf142
amp:9q34.3	amp	9q34.3	0.065391	0.065391	9	139793924	139897193	LCNL1
amp:11p11.2	amp	11p11.2	0.069711	0.069711	11	46300642	46481485	hsa-mir-3160-2
amp:11p11.2	amp	11p11.2	0.069711	0.069711	11	46300642	46481485	hsa-mir-3160-1
amp:11p11.2	amp	11p11.2	0.069711	0.069711	11	46300642	46481485	CHRM4
amp:11p11.2	amp	11p11.2	0.069711	0.069711	11	46300642	46481485	MDK
amp:11p11.2	amp	11p11.2	0.069711	0.069711	11	46300642	46481485	DGKZ
amp:11p11.2	amp	11p11.2	0.069711	0.069711	11	46300642	46481485	AMBRA1
amp:11p11.2	amp	11p11.2	0.069711	0.069711	11	46300642	46481485	CREB3L1
amp:7q22.1	amp	7q22.1	0.098357	0.098357	7	99538700	99782632	hsa-mir-106b
amp:7q22.1	amp	7q22.1	0.098357	0.098357	7	99538700	99782632	hsa-mir-93
amp:7q22.1	amp	7q22.1	0.098357	0.098357	7	99538700	99782632	hsa-mir-25
amp:7q22.1	amp	7q22.1	0.098357	0.098357	7	99538700	99782632	AZGP1
amp:7q22.1	amp	7q22.1	0.098357	0.098357	7	99538700	99782632	MCM7
amp:7q22.1	amp	7q22.1	0.098357	0.098357	7	99538700	99782632	TAF6
amp:7q22.1	amp	7q22.1	0.098357	0.098357	7	99538700	99782632	ZNF3
amp:7q22.1	amp	7q22.1	0.098357	0.098357	7	99538700	99782632	ZKSCAN1
amp:7q22.1	amp	7q22.1	0.098357	0.098357	7	99538700	99782632	ZSCAN21
amp:7q22.1	amp	7q22.1	0.098357	0.098357	7	99538700	99782632	AP4M1
amp:7q22.1	amp	7q22.1	0.098357	0.098357	7	99538700	99782632	STAG3
amp:7q22.1	amp	7q22.1	0.098357	0.098357	7	99538700	99782632	COPS6
amp:7q22.1	amp	7q22.1	0.098357	0.098357	7	99538700	99782632	C7orf43
amp:7q22.1	amp	7q22.1	0.098357	0.098357	7	99538700	99782632	GAL3ST4
amp:7q22.1	amp	7q22.1	0.098357	0.098357	7	99538700	99782632	GPC2
amp:7q22.1	amp	7q22.1	0.098357	0.098357	7	99538700	99782632	CNPY4
amp:7q22.1	amp	7q22.1	0.098357	0.098357	7	99538700	99782632	MBLAC1
amp:7q22.1	amp	7q22.1	0.098357	0.098357	7	99538700	99782632	C7orf59
amp:11q13.1	amp	11q13.1	0.0017892	0.10474	11	63641511	63755960	COX8A
amp:11q13.1	amp	11q13.1	0.0017892	0.10474	11	63641511	63755960	MARK2
amp:11q13.1	amp	11q13.1	0.0017892	0.10474	11	63641511	63755960	OTUB1
amp:11q13.1	amp	11q13.1	0.0017892	0.10474	11	63641511	63755960	NAA40
amp:11q13.1	amp	11q13.1	0.0017892	0.10474	11	63641511	63755960	RCOR2
amp:20p13	amp	20p13	0.10474	0.10474	20	1	4379519	hsa-mir-103-2-as
amp:20p13	amp	20p13	0.10474	0.10474	20	1	4379519	hsa-mir-1292
amp:20p13	amp	20p13	0.10474	0.10474	20	1	4379519	hsa-mir-103-2
amp:20p13	amp	20p13	0.10474	0.10474	20	1	4379519	ADRA1D
amp:20p13	amp	20p13	0.10474	0.10474	20	1	4379519	AVP
amp:20p13	amp	20p13	0.10474	0.10474	20	1	4379519	CDC25B
amp:20p13	amp	20p13	0.10474	0.10474	20	1	4379519	CENPB
amp:20p13	amp	20p13	0.10474	0.10474	20	1	4379519	CSNK2A1
amp:20p13	amp	20p13	0.10474	0.10474	20	1	4379519	FKBP1A
amp:20p13	amp	20p13	0.10474	0.10474	20	1	4379519	GNRH2
amp:20p13	amp	20p13	0.10474	0.10474	20	1	4379519	IDH3B
amp:20p13	amp	20p13	0.10474	0.10474	20	1	4379519	ITPA
amp:20p13	amp	20p13	0.10474	0.10474	20	1	4379519	OXT
amp:20p13	amp	20p13	0.10474	0.10474	20	1	4379519	PDYN
amp:20p13	amp	20p13	0.10474	0.10474	20	1	4379519	PTPRA
amp:20p13	amp	20p13	0.10474	0.10474	20	1	4379519	SIGLEC1
amp:20p13	amp	20p13	0.10474	0.10474	20	1	4379519	SNRPB
amp:20p13	amp	20p13	0.10474	0.10474	20	1	4379519	SOX12
amp:20p13	amp	20p13	0.10474	0.10474	20	1	4379519	TCF15
amp:20p13	amp	20p13	0.10474	0.10474	20	1	4379519	TGM3
amp:20p13	amp	20p13	0.10474	0.10474	20	1	4379519	ATRN
amp:20p13	amp	20p13	0.10474	0.10474	20	1	4379519	PSMF1
amp:20p13	amp	20p13	0.10474	0.10474	20	1	4379519	SNPH
amp:20p13	amp	20p13	0.10474	0.10474	20	1	4379519	ProSAPiP1
amp:20p13	amp	20p13	0.10474	0.10474	20	1	4379519	SIRPB1
amp:20p13	amp	20p13	0.10474	0.10474	20	1	4379519	NOP56
amp:20p13	amp	20p13	0.10474	0.10474	20	1	4379519	RBCK1
amp:20p13	amp	20p13	0.10474	0.10474	20	1	4379519	RNF24
amp:20p13	amp	20p13	0.10474	0.10474	20	1	4379519	UBOX5
amp:20p13	amp	20p13	0.10474	0.10474	20	1	4379519	SPEF1
amp:20p13	amp	20p13	0.10474	0.10474	20	1	4379519	C20orf194
amp:20p13	amp	20p13	0.10474	0.10474	20	1	4379519	SNORD57
amp:20p13	amp	20p13	0.10474	0.10474	20	1	4379519	SNORD56
amp:20p13	amp	20p13	0.10474	0.10474	20	1	4379519	SDCBP2
amp:20p13	amp	20p13	0.10474	0.10474	20	1	4379519	ANGPT4
amp:20p13	amp	20p13	0.10474	0.10474	20	1	4379519	SMOX
amp:20p13	amp	20p13	0.10474	0.10474	20	1	4379519	C20orf27
amp:20p13	amp	20p13	0.10474	0.10474	20	1	4379519	C20orf29
amp:20p13	amp	20p13	0.10474	0.10474	20	1	4379519	C20orf46
amp:20p13	amp	20p13	0.10474	0.10474	20	1	4379519	SIRPG
amp:20p13	amp	20p13	0.10474	0.10474	20	1	4379519	NSFL1C
amp:20p13	amp	20p13	0.10474	0.10474	20	1	4379519	CPXM1
amp:20p13	amp	20p13	0.10474	0.10474	20	1	4379519	MAVS
amp:20p13	amp	20p13	0.10474	0.10474	20	1	4379519	EBF4
amp:20p13	amp	20p13	0.10474	0.10474	20	1	4379519	TRIB3
amp:20p13	amp	20p13	0.10474	0.10474	20	1	4379519	FASTKD5
amp:20p13	amp	20p13	0.10474	0.10474	20	1	4379519	GFRA4
amp:20p13	amp	20p13	0.10474	0.10474	20	1	4379519	VPS16
amp:20p13	amp	20p13	0.10474	0.10474	20	1	4379519	FAM113A
amp:20p13	amp	20p13	0.10474	0.10474	20	1	4379519	MRPS26
amp:20p13	amp	20p13	0.10474	0.10474	20	1	4379519	DDRGK1
amp:20p13	amp	20p13	0.10474	0.10474	20	1	4379519	ZNF343
amp:20p13	amp	20p13	0.10474	0.10474	20	1	4379519	NRSN2
amp:20p13	amp	20p13	0.10474	0.10474	20	1	4379519	PANK2
amp:20p13	amp	20p13	0.10474	0.10474	20	1	4379519	ADAM33
amp:20p13	amp	20p13	0.10474	0.10474	20	1	4379519	DEFB126
amp:20p13	amp	20p13	0.10474	0.10474	20	1	4379519	FAM110A
amp:20p13	amp	20p13	0.10474	0.10474	20	1	4379519	SLC4A11
amp:20p13	amp	20p13	0.10474	0.10474	20	1	4379519	ZCCHC3
amp:20p13	amp	20p13	0.10474	0.10474	20	1	4379519	SCRT2
amp:20p13	amp	20p13	0.10474	0.10474	20	1	4379519	C20orf54
amp:20p13	amp	20p13	0.10474	0.10474	20	1	4379519	HSPA12B
amp:20p13	amp	20p13	0.10474	0.10474	20	1	4379519	TMC2
amp:20p13	amp	20p13	0.10474	0.10474	20	1	4379519	TBC1D20
amp:20p13	amp	20p13	0.10474	0.10474	20	1	4379519	SIRPD
amp:20p13	amp	20p13	0.10474	0.10474	20	1	4379519	C20orf141
amp:20p13	amp	20p13	0.10474	0.10474	20	1	4379519	C20orf96
amp:20p13	amp	20p13	0.10474	0.10474	20	1	4379519	SRXN1
amp:20p13	amp	20p13	0.10474	0.10474	20	1	4379519	DEFB127
amp:20p13	amp	20p13	0.10474	0.10474	20	1	4379519	DEFB129
amp:20p13	amp	20p13	0.10474	0.10474	20	1	4379519	SIRPA
amp:20p13	amp	20p13	0.10474	0.10474	20	1	4379519	STK35
amp:20p13	amp	20p13	0.10474	0.10474	20	1	4379519	DEFB125
amp:20p13	amp	20p13	0.10474	0.10474	20	1	4379519	DEFB128
amp:20p13	amp	20p13	0.10474	0.10474	20	1	4379519	SIRPB2
amp:20p13	amp	20p13	0.10474	0.10474	20	1	4379519	RSPO4
amp:20p13	amp	20p13	0.10474	0.10474	20	1	4379519	TGM6
amp:20p13	amp	20p13	0.10474	0.10474	20	1	4379519	DEFB132
amp:20p13	amp	20p13	0.10474	0.10474	20	1	4379519	C20orf202
amp:20p13	amp	20p13	0.10474	0.10474	20	1	4379519	RAD21L1
amp:20p13	amp	20p13	0.10474	0.10474	20	1	4379519	SNORA51
amp:20p13	amp	20p13	0.10474	0.10474	20	1	4379519	SNORD86
amp:20p13	amp	20p13	0.10474	0.10474	20	1	4379519	SNORD110
amp:20p13	amp	20p13	0.10474	0.10474	20	1	4379519	SNORD119
amp:1p33	amp	1p33	0.04112	0.12227	1	46359580	47048260	FAAH
amp:1p33	amp	1p33	0.04112	0.12227	1	46359580	47048260	UQCRH
amp:1p33	amp	1p33	0.04112	0.12227	1	46359580	47048260	RAD54L
amp:1p33	amp	1p33	0.04112	0.12227	1	46359580	47048260	PIK3R3
amp:1p33	amp	1p33	0.04112	0.12227	1	46359580	47048260	MKNK1
amp:1p33	amp	1p33	0.04112	0.12227	1	46359580	47048260	TSPAN1
amp:1p33	amp	1p33	0.04112	0.12227	1	46359580	47048260	LRRC41
amp:1p33	amp	1p33	0.04112	0.12227	1	46359580	47048260	MAST2
amp:1p33	amp	1p33	0.04112	0.12227	1	46359580	47048260	POMGNT1
amp:1p33	amp	1p33	0.04112	0.12227	1	46359580	47048260	DMBX1
amp:1p33	amp	1p33	0.04112	0.12227	1	46359580	47048260	KNCN
amp:1p33	amp	1p33	0.04112	0.12227	1	46359580	47048260	NSUN4
amp:1p33	amp	1p33	0.04112	0.12227	1	46359580	47048260	C1orf190
amp:6q25.1	amp	6q25.1	0.13413	0.13413	6	151944152	152042501	ESR1
amp:12q13.11	amp	12q13.11	0.00098357	0.13798	12	48059986	48382281	COL2A1
amp:12q13.11	amp	12q13.11	0.00098357	0.13798	12	48059986	48382281	VDR
amp:12q13.11	amp	12q13.11	0.00098357	0.13798	12	48059986	48382281	ENDOU
amp:12q13.11	amp	12q13.11	0.00098357	0.13798	12	48059986	48382281	RAPGEF3
amp:12q13.11	amp	12q13.11	0.00098357	0.13798	12	48059986	48382281	HDAC7
amp:12q13.11	amp	12q13.11	0.00098357	0.13798	12	48059986	48382281	SLC48A1
amp:12q13.11	amp	12q13.11	0.00098357	0.13798	12	48059986	48382281	TMEM106C
amp:12q13.11	amp	12q13.11	0.00098357	0.13798	12	48059986	48382281	RPAP3
amp:13q34	amp	13q34	0.14153	0.14153	13	109135605	115169878	ATP4B
amp:13q34	amp	13q34	0.14153	0.14153	13	109135605	115169878	COL4A1
amp:13q34	amp	13q34	0.14153	0.14153	13	109135605	115169878	COL4A2
amp:13q34	amp	13q34	0.14153	0.14153	13	109135605	115169878	F7
amp:13q34	amp	13q34	0.14153	0.14153	13	109135605	115169878	F10
amp:13q34	amp	13q34	0.14153	0.14153	13	109135605	115169878	GAS6
amp:13q34	amp	13q34	0.14153	0.14153	13	109135605	115169878	ING1
amp:13q34	amp	13q34	0.14153	0.14153	13	109135605	115169878	LAMP1
amp:13q34	amp	13q34	0.14153	0.14153	13	109135605	115169878	GRK1
amp:13q34	amp	13q34	0.14153	0.14153	13	109135605	115169878	SOX1
amp:13q34	amp	13q34	0.14153	0.14153	13	109135605	115169878	TFDP1
amp:13q34	amp	13q34	0.14153	0.14153	13	109135605	115169878	CUL4A
amp:13q34	amp	13q34	0.14153	0.14153	13	109135605	115169878	IRS2
amp:13q34	amp	13q34	0.14153	0.14153	13	109135605	115169878	PROZ
amp:13q34	amp	13q34	0.14153	0.14153	13	109135605	115169878	ARHGEF7
amp:13q34	amp	13q34	0.14153	0.14153	13	109135605	115169878	CDC16
amp:13q34	amp	13q34	0.14153	0.14153	13	109135605	115169878	TUBGCP3
amp:13q34	amp	13q34	0.14153	0.14153	13	109135605	115169878	RASA3
amp:13q34	amp	13q34	0.14153	0.14153	13	109135605	115169878	MYO16
amp:13q34	amp	13q34	0.14153	0.14153	13	109135605	115169878	ATP11A
amp:13q34	amp	13q34	0.14153	0.14153	13	109135605	115169878	MCF2L
amp:13q34	amp	13q34	0.14153	0.14153	13	109135605	115169878	TMCO3
amp:13q34	amp	13q34	0.14153	0.14153	13	109135605	115169878	DCUN1D2
amp:13q34	amp	13q34	0.14153	0.14153	13	109135605	115169878	ANKRD10
amp:13q34	amp	13q34	0.14153	0.14153	13	109135605	115169878	RAB20
amp:13q34	amp	13q34	0.14153	0.14153	13	109135605	115169878	CARKD
amp:13q34	amp	13q34	0.14153	0.14153	13	109135605	115169878	PCID2
amp:13q34	amp	13q34	0.14153	0.14153	13	109135605	115169878	UPF3A
amp:13q34	amp	13q34	0.14153	0.14153	13	109135605	115169878	CARS2
amp:13q34	amp	13q34	0.14153	0.14153	13	109135605	115169878	GRTP1
amp:13q34	amp	13q34	0.14153	0.14153	13	109135605	115169878	ADPRHL1
amp:13q34	amp	13q34	0.14153	0.14153	13	109135605	115169878	C13orf16
amp:13q34	amp	13q34	0.14153	0.14153	13	109135605	115169878	C13orf28
amp:13q34	amp	13q34	0.14153	0.14153	13	109135605	115169878	C13orf29
amp:13q34	amp	13q34	0.14153	0.14153	13	109135605	115169878	ZNF828
amp:13q34	amp	13q34	0.14153	0.14153	13	109135605	115169878	FAM70B
amp:13q34	amp	13q34	0.14153	0.14153	13	109135605	115169878	C13orf35
amp:13q34	amp	13q34	0.14153	0.14153	13	109135605	115169878	FLJ44054
amp:13q34	amp	13q34	0.14153	0.14153	13	109135605	115169878	LOC100130386
amp:Xq28	amp	Xq28	0.14601	0.14601	X	152874921	154883395	hsa-mir-1184-3
amp:Xq28	amp	Xq28	0.14601	0.14601	X	152874921	154883395	hsa-mir-1184-2
amp:Xq28	amp	Xq28	0.14601	0.14601	X	152874921	154883395	hsa-mir-3202-2
amp:Xq28	amp	Xq28	0.14601	0.14601	X	152874921	154883395	hsa-mir-3202-1
amp:Xq28	amp	Xq28	0.14601	0.14601	X	152874921	154883395	hsa-mir-718
amp:Xq28	amp	Xq28	0.14601	0.14601	X	152874921	154883395	hsa-mir-1184-1
amp:Xq28	amp	Xq28	0.14601	0.14601	X	152874921	154883395	ABCD1
amp:Xq28	amp	Xq28	0.14601	0.14601	X	152874921	154883395	ARHGAP4
amp:Xq28	amp	Xq28	0.14601	0.14601	X	152874921	154883395	ATP6AP1
amp:Xq28	amp	Xq28	0.14601	0.14601	X	152874921	154883395	AVPR2
amp:Xq28	amp	Xq28	0.14601	0.14601	X	152874921	154883395	CLIC2
amp:Xq28	amp	Xq28	0.14601	0.14601	X	152874921	154883395	CTAG1B|1485|2of2
amp:Xq28	amp	Xq28	0.14601	0.14601	X	152874921	154883395	TEX28
amp:Xq28	amp	Xq28	0.14601	0.14601	X	152874921	154883395	DKC1
amp:Xq28	amp	Xq28	0.14601	0.14601	X	152874921	154883395	DNASE1L1
amp:Xq28	amp	Xq28	0.14601	0.14601	X	152874921	154883395	DUSP9
amp:Xq28	amp	Xq28	0.14601	0.14601	X	152874921	154883395	EMD
amp:Xq28	amp	Xq28	0.14601	0.14601	X	152874921	154883395	F8
amp:Xq28	amp	Xq28	0.14601	0.14601	X	152874921	154883395	FLNA
amp:Xq28	amp	Xq28	0.14601	0.14601	X	152874921	154883395	G6PD
amp:Xq28	amp	Xq28	0.14601	0.14601	X	152874921	154883395	OPN1MW|2652|2of2
amp:Xq28	amp	Xq28	0.14601	0.14601	X	152874921	154883395	GDI1
amp:Xq28	amp	Xq28	0.14601	0.14601	X	152874921	154883395	HCFC1
amp:Xq28	amp	Xq28	0.14601	0.14601	X	152874921	154883395	IDH3G
amp:Xq28	amp	Xq28	0.14601	0.14601	X	152874921	154883395	IRAK1
amp:Xq28	amp	Xq28	0.14601	0.14601	X	152874921	154883395	L1CAM
amp:Xq28	amp	Xq28	0.14601	0.14601	X	152874921	154883395	MECP2
amp:Xq28	amp	Xq28	0.14601	0.14601	X	152874921	154883395	MPP1
amp:Xq28	amp	Xq28	0.14601	0.14601	X	152874921	154883395	MTCP1
amp:Xq28	amp	Xq28	0.14601	0.14601	X	152874921	154883395	PLXNB3
amp:Xq28	amp	Xq28	0.14601	0.14601	X	152874921	154883395	OPN1LW
amp:Xq28	amp	Xq28	0.14601	0.14601	X	152874921	154883395	RENBP
amp:Xq28	amp	Xq28	0.14601	0.14601	X	152874921	154883395	RPL10
amp:Xq28	amp	Xq28	0.14601	0.14601	X	152874921	154883395	SLC6A8
amp:Xq28	amp	Xq28	0.14601	0.14601	X	152874921	154883395	SSR4
amp:Xq28	amp	Xq28	0.14601	0.14601	X	152874921	154883395	TAZ
amp:Xq28	amp	Xq28	0.14601	0.14601	X	152874921	154883395	VBP1
amp:Xq28	amp	Xq28	0.14601	0.14601	X	152874921	154883395	NAA10
amp:Xq28	amp	Xq28	0.14601	0.14601	X	152874921	154883395	F8A1|8263|3of3
amp:Xq28	amp	Xq28	0.14601	0.14601	X	152874921	154883395	UBL4A
amp:Xq28	amp	Xq28	0.14601	0.14601	X	152874921	154883395	TMEM187
amp:Xq28	amp	Xq28	0.14601	0.14601	X	152874921	154883395	LAGE3
amp:Xq28	amp	Xq28	0.14601	0.14601	X	152874921	154883395	SLC10A3
amp:Xq28	amp	Xq28	0.14601	0.14601	X	152874921	154883395	TKTL1
amp:Xq28	amp	Xq28	0.14601	0.14601	X	152874921	154883395	IKBKG
amp:Xq28	amp	Xq28	0.14601	0.14601	X	152874921	154883395	FAM50A
amp:Xq28	amp	Xq28	0.14601	0.14601	X	152874921	154883395	BCAP31
amp:Xq28	amp	Xq28	0.14601	0.14601	X	152874921	154883395	SRPK3
amp:Xq28	amp	Xq28	0.14601	0.14601	X	152874921	154883395	SNORA70
amp:Xq28	amp	Xq28	0.14601	0.14601	X	152874921	154883395	CTAG2
amp:Xq28	amp	Xq28	0.14601	0.14601	X	152874921	154883395	TMLHE
amp:Xq28	amp	Xq28	0.14601	0.14601	X	152874921	154883395	PLXNA3
amp:Xq28	amp	Xq28	0.14601	0.14601	X	152874921	154883395	PDZD4
amp:Xq28	amp	Xq28	0.14601	0.14601	X	152874921	154883395	FAM3A
amp:Xq28	amp	Xq28	0.14601	0.14601	X	152874921	154883395	FUNDC2
amp:Xq28	amp	Xq28	0.14601	0.14601	X	152874921	154883395	BRCC3
amp:Xq28	amp	Xq28	0.14601	0.14601	X	152874921	154883395	RAB39B
amp:Xq28	amp	Xq28	0.14601	0.14601	X	152874921	154883395	GAB3
amp:Xq28	amp	Xq28	0.14601	0.14601	X	152874921	154883395	PNCK
amp:Xq28	amp	Xq28	0.14601	0.14601	X	152874921	154883395	NCRNA00204B|286967|2of2
amp:Xq28	amp	Xq28	0.14601	0.14601	X	152874921	154883395	H2AFB1|474382|3of3
amp:Xq28	amp	Xq28	0.14601	0.14601	X	152874921	154883395	SNORA36A
amp:Xq28	amp	Xq28	0.14601	0.14601	X	152874921	154883395	SNORA56
amp:Xq28	amp	Xq28	0.14601	0.14601	X	152874921	154883395	MTCP1NB
amp:12p12.1	amp	12p12.1	0.17921	0.17921	12	24643054	25712073	BCAT1
amp:12p12.1	amp	12p12.1	0.17921	0.17921	12	24643054	25712073	KRAS
amp:12p12.1	amp	12p12.1	0.17921	0.17921	12	24643054	25712073	LRMP
amp:12p12.1	amp	12p12.1	0.17921	0.17921	12	24643054	25712073	SOX5
amp:12p12.1	amp	12p12.1	0.17921	0.17921	12	24643054	25712073	CASC1
amp:12p12.1	amp	12p12.1	0.17921	0.17921	12	24643054	25712073	DAD1L
amp:12p12.1	amp	12p12.1	0.17921	0.17921	12	24643054	25712073	LYRM5
amp:12p12.1	amp	12p12.1	0.17921	0.17921	12	24643054	25712073	IFLTD1
amp:12p12.1	amp	12p12.1	0.17921	0.17921	12	24643054	25712073	C12orf77
amp:8p11.22	amp	8p11.22	0.004357	0.1906	8	38291467	38870624	FGFR1
amp:8p11.22	amp	8p11.22	0.004357	0.1906	8	38291467	38870624	TACC1
amp:8p11.22	amp	8p11.22	0.004357	0.1906	8	38291467	38870624	ADAM9
amp:8p11.22	amp	8p11.22	0.004357	0.1906	8	38291467	38870624	PLEKHA2
amp:8p11.22	amp	8p11.22	0.004357	0.1906	8	38291467	38870624	TM2D2
amp:8p11.22	amp	8p11.22	0.004357	0.1906	8	38291467	38870624	HTRA4
amp:8p11.22	amp	8p11.22	0.004357	0.1906	8	38291467	38870624	RNF5P1
amp:8p11.22	amp	8p11.22	0.004357	0.1906	8	38291467	38870624	C8orf86
amp:14q32.33	amp	14q32.33	0.061139	0.20101	14	104023705	104035618	KLC1
amp:14q32.33	amp	14q32.33	0.061139	0.20101	14	104023705	104035618	BAG5
amp:14q32.33	amp	14q32.33	0.061139	0.20101	14	104023705	104035618	C14orf153
del:19p13.3	del	19p13.3	1.7793e-28	1.7793e-28	19	2244904	4675277	hsa-mir-4321
del:19p13.3	del	19p13.3	1.7793e-28	1.7793e-28	19	2244904	4675277	hsa-mir-637
del:19p13.3	del	19p13.3	1.7793e-28	1.7793e-28	19	2244904	4675277	AES
del:19p13.3	del	19p13.3	1.7793e-28	1.7793e-28	19	2244904	4675277	AMH
del:19p13.3	del	19p13.3	1.7793e-28	1.7793e-28	19	2244904	4675277	DAPK3
del:19p13.3	del	19p13.3	1.7793e-28	1.7793e-28	19	2244904	4675277	EEF2
del:19p13.3	del	19p13.3	1.7793e-28	1.7793e-28	19	2244904	4675277	GNA11
del:19p13.3	del	19p13.3	1.7793e-28	1.7793e-28	19	2244904	4675277	GNA15
del:19p13.3	del	19p13.3	1.7793e-28	1.7793e-28	19	2244904	4675277	GNG7
del:19p13.3	del	19p13.3	1.7793e-28	1.7793e-28	19	2244904	4675277	MATK
del:19p13.3	del	19p13.3	1.7793e-28	1.7793e-28	19	2244904	4675277	GADD45B
del:19p13.3	del	19p13.3	1.7793e-28	1.7793e-28	19	2244904	4675277	NFIC
del:19p13.3	del	19p13.3	1.7793e-28	1.7793e-28	19	2244904	4675277	OAZ1
del:19p13.3	del	19p13.3	1.7793e-28	1.7793e-28	19	2244904	4675277	MAP2K2
del:19p13.3	del	19p13.3	1.7793e-28	1.7793e-28	19	2244904	4675277	SGTA
del:19p13.3	del	19p13.3	1.7793e-28	1.7793e-28	19	2244904	4675277	SH3GL1
del:19p13.3	del	19p13.3	1.7793e-28	1.7793e-28	19	2244904	4675277	TBXA2R
del:19p13.3	del	19p13.3	1.7793e-28	1.7793e-28	19	2244904	4675277	THOP1
del:19p13.3	del	19p13.3	1.7793e-28	1.7793e-28	19	2244904	4675277	TLE2
del:19p13.3	del	19p13.3	1.7793e-28	1.7793e-28	19	2244904	4675277	S1PR4
del:19p13.3	del	19p13.3	1.7793e-28	1.7793e-28	19	2244904	4675277	APBA3
del:19p13.3	del	19p13.3	1.7793e-28	1.7793e-28	19	2244904	4675277	CHAF1A
del:19p13.3	del	19p13.3	1.7793e-28	1.7793e-28	19	2244904	4675277	EBI3
del:19p13.3	del	19p13.3	1.7793e-28	1.7793e-28	19	2244904	4675277	HMG20B
del:19p13.3	del	19p13.3	1.7793e-28	1.7793e-28	19	2244904	4675277	SEMA6B
del:19p13.3	del	19p13.3	1.7793e-28	1.7793e-28	19	2244904	4675277	ZFR2
del:19p13.3	del	19p13.3	1.7793e-28	1.7793e-28	19	2244904	4675277	PIP5K1C
del:19p13.3	del	19p13.3	1.7793e-28	1.7793e-28	19	2244904	4675277	TIMM13
del:19p13.3	del	19p13.3	1.7793e-28	1.7793e-28	19	2244904	4675277	SNORD37
del:19p13.3	del	19p13.3	1.7793e-28	1.7793e-28	19	2244904	4675277	TJP3
del:19p13.3	del	19p13.3	1.7793e-28	1.7793e-28	19	2244904	4675277	ITGB1BP3
del:19p13.3	del	19p13.3	1.7793e-28	1.7793e-28	19	2244904	4675277	SLC39A3
del:19p13.3	del	19p13.3	1.7793e-28	1.7793e-28	19	2244904	4675277	ZBTB7A
del:19p13.3	del	19p13.3	1.7793e-28	1.7793e-28	19	2244904	4675277	FZR1
del:19p13.3	del	19p13.3	1.7793e-28	1.7793e-28	19	2244904	4675277	SIRT6
del:19p13.3	del	19p13.3	1.7793e-28	1.7793e-28	19	2244904	4675277	PIAS4
del:19p13.3	del	19p13.3	1.7793e-28	1.7793e-28	19	2244904	4675277	LSM7
del:19p13.3	del	19p13.3	1.7793e-28	1.7793e-28	19	2244904	4675277	STAP2
del:19p13.3	del	19p13.3	1.7793e-28	1.7793e-28	19	2244904	4675277	CCDC94
del:19p13.3	del	19p13.3	1.7793e-28	1.7793e-28	19	2244904	4675277	C19orf10
del:19p13.3	del	19p13.3	1.7793e-28	1.7793e-28	19	2244904	4675277	NCLN
del:19p13.3	del	19p13.3	1.7793e-28	1.7793e-28	19	2244904	4675277	SPPL2B
del:19p13.3	del	19p13.3	1.7793e-28	1.7793e-28	19	2244904	4675277	SHD
del:19p13.3	del	19p13.3	1.7793e-28	1.7793e-28	19	2244904	4675277	ZNF77
del:19p13.3	del	19p13.3	1.7793e-28	1.7793e-28	19	2244904	4675277	C19orf29
del:19p13.3	del	19p13.3	1.7793e-28	1.7793e-28	19	2244904	4675277	CELF5
del:19p13.3	del	19p13.3	1.7793e-28	1.7793e-28	19	2244904	4675277	FSD1
del:19p13.3	del	19p13.3	1.7793e-28	1.7793e-28	19	2244904	4675277	TLE6
del:19p13.3	del	19p13.3	1.7793e-28	1.7793e-28	19	2244904	4675277	ZNF556
del:19p13.3	del	19p13.3	1.7793e-28	1.7793e-28	19	2244904	4675277	UBXN6
del:19p13.3	del	19p13.3	1.7793e-28	1.7793e-28	19	2244904	4675277	DOHH
del:19p13.3	del	19p13.3	1.7793e-28	1.7793e-28	19	2244904	4675277	CREB3L3
del:19p13.3	del	19p13.3	1.7793e-28	1.7793e-28	19	2244904	4675277	HDGFRP2
del:19p13.3	del	19p13.3	1.7793e-28	1.7793e-28	19	2244904	4675277	LMNB2
del:19p13.3	del	19p13.3	1.7793e-28	1.7793e-28	19	2244904	4675277	RAX2
del:19p13.3	del	19p13.3	1.7793e-28	1.7793e-28	19	2244904	4675277	MPND
del:19p13.3	del	19p13.3	1.7793e-28	1.7793e-28	19	2244904	4675277	ATCAY
del:19p13.3	del	19p13.3	1.7793e-28	1.7793e-28	19	2244904	4675277	ZNF554
del:19p13.3	del	19p13.3	1.7793e-28	1.7793e-28	19	2244904	4675277	MRPL54
del:19p13.3	del	19p13.3	1.7793e-28	1.7793e-28	19	2244904	4675277	LRG1
del:19p13.3	del	19p13.3	1.7793e-28	1.7793e-28	19	2244904	4675277	TMIGD2
del:19p13.3	del	19p13.3	1.7793e-28	1.7793e-28	19	2244904	4675277	TNFAIP8L1
del:19p13.3	del	19p13.3	1.7793e-28	1.7793e-28	19	2244904	4675277	ZNF57
del:19p13.3	del	19p13.3	1.7793e-28	1.7793e-28	19	2244904	4675277	JSRP1
del:19p13.3	del	19p13.3	1.7793e-28	1.7793e-28	19	2244904	4675277	C19orf28
del:19p13.3	del	19p13.3	1.7793e-28	1.7793e-28	19	2244904	4675277	GIPC3
del:19p13.3	del	19p13.3	1.7793e-28	1.7793e-28	19	2244904	4675277	DIRAS1
del:19p13.3	del	19p13.3	1.7793e-28	1.7793e-28	19	2244904	4675277	ZNF555
del:19p13.3	del	19p13.3	1.7793e-28	1.7793e-28	19	2244904	4675277	ANKRD24
del:19p13.3	del	19p13.3	1.7793e-28	1.7793e-28	19	2244904	4675277	C19orf77
del:19p13.3	del	19p13.3	1.7793e-28	1.7793e-28	19	2244904	4675277	TMPRSS9
del:19p13.3	del	19p13.3	1.7793e-28	1.7793e-28	19	2244904	4675277	C19orf35
del:19p13.3	del	19p13.3	1.7793e-28	1.7793e-28	19	2244904	4675277	PLIN5
del:19p13.3	del	19p13.3	1.7793e-28	1.7793e-28	19	2244904	4675277	LINGO3
del:19p13.3	del	19p13.3	1.7793e-28	1.7793e-28	19	2244904	4675277	PLIN4
del:19p13.3	del	19p13.3	1.7793e-28	1.7793e-28	19	2244904	4675277	C19orf71
del:16q23.1	del	16q23.1	6.0572e-17	1.1097e-14	16	78016120	79627770	CLEC3A
del:16q23.1	del	16q23.1	6.0572e-17	1.1097e-14	16	78016120	79627770	WWOX
del:10q23.31	del	10q23.31	4.3079e-09	4.1166e-09	10	89617158	89898582	PTEN
del:10q23.31	del	10q23.31	4.3079e-09	4.1166e-09	10	89617158	89898582	KILLIN
del:2q22.1	del	2q22.1	1.3674e-07	1.2824e-07	2	139532192	143637838	LRP1B
del:Xp21.2	del	Xp21.2	1.2716e-07	1.2824e-07	X	30870233	34644819	hsa-mir-548f-5
del:Xp21.2	del	Xp21.2	1.2716e-07	1.2824e-07	X	30870233	34644819	DMD
del:Xp21.2	del	Xp21.2	1.2716e-07	1.2824e-07	X	30870233	34644819	FTHL17
del:Xp21.2	del	Xp21.2	1.2716e-07	1.2824e-07	X	30870233	34644819	FAM47A
del:17q11.2	del	17q11.2	1.6353e-07	1.9962e-06	17	29326736	29888119	hsa-mir-193a
del:17q11.2	del	17q11.2	1.6353e-07	1.9962e-06	17	29326736	29888119	EVI2A
del:17q11.2	del	17q11.2	1.6353e-07	1.9962e-06	17	29326736	29888119	EVI2B
del:17q11.2	del	17q11.2	1.6353e-07	1.9962e-06	17	29326736	29888119	NF1
del:17q11.2	del	17q11.2	1.6353e-07	1.9962e-06	17	29326736	29888119	OMG
del:17q11.2	del	17q11.2	1.6353e-07	1.9962e-06	17	29326736	29888119	RAB11FIP4
del:11p15.5	del	11p15.5	2.2727e-06	2.3111e-06	11	1	1944201	hsa-mir-4298
del:11p15.5	del	11p15.5	2.2727e-06	2.3111e-06	11	1	1944201	hsa-mir-210
del:11p15.5	del	11p15.5	2.2727e-06	2.3111e-06	11	1	1944201	AP2A2
del:11p15.5	del	11p15.5	2.2727e-06	2.3111e-06	11	1	1944201	CD151
del:11p15.5	del	11p15.5	2.2727e-06	2.3111e-06	11	1	1944201	CTSD
del:11p15.5	del	11p15.5	2.2727e-06	2.3111e-06	11	1	1944201	DRD4
del:11p15.5	del	11p15.5	2.2727e-06	2.3111e-06	11	1	1944201	DUSP8
del:11p15.5	del	11p15.5	2.2727e-06	2.3111e-06	11	1	1944201	HRAS
del:11p15.5	del	11p15.5	2.2727e-06	2.3111e-06	11	1	1944201	IRF7
del:11p15.5	del	11p15.5	2.2727e-06	2.3111e-06	11	1	1944201	LSP1
del:11p15.5	del	11p15.5	2.2727e-06	2.3111e-06	11	1	1944201	MUC2
del:11p15.5	del	11p15.5	2.2727e-06	2.3111e-06	11	1	1944201	MUC6
del:11p15.5	del	11p15.5	2.2727e-06	2.3111e-06	11	1	1944201	POLR2L
del:11p15.5	del	11p15.5	2.2727e-06	2.3111e-06	11	1	1944201	PSMD13
del:11p15.5	del	11p15.5	2.2727e-06	2.3111e-06	11	1	1944201	RNH1
del:11p15.5	del	11p15.5	2.2727e-06	2.3111e-06	11	1	1944201	RPLP2
del:11p15.5	del	11p15.5	2.2727e-06	2.3111e-06	11	1	1944201	SCT
del:11p15.5	del	11p15.5	2.2727e-06	2.3111e-06	11	1	1944201	TALDO1
del:11p15.5	del	11p15.5	2.2727e-06	2.3111e-06	11	1	1944201	TSPAN4
del:11p15.5	del	11p15.5	2.2727e-06	2.3111e-06	11	1	1944201	TNNI2
del:11p15.5	del	11p15.5	2.2727e-06	2.3111e-06	11	1	1944201	RASSF7
del:11p15.5	del	11p15.5	2.2727e-06	2.3111e-06	11	1	1944201	IFITM1
del:11p15.5	del	11p15.5	2.2727e-06	2.3111e-06	11	1	1944201	BRSK2
del:11p15.5	del	11p15.5	2.2727e-06	2.3111e-06	11	1	1944201	IFITM3
del:11p15.5	del	11p15.5	2.2727e-06	2.3111e-06	11	1	1944201	DEAF1
del:11p15.5	del	11p15.5	2.2727e-06	2.3111e-06	11	1	1944201	IFITM2
del:11p15.5	del	11p15.5	2.2727e-06	2.3111e-06	11	1	1944201	PKP3
del:11p15.5	del	11p15.5	2.2727e-06	2.3111e-06	11	1	1944201	SIRT3
del:11p15.5	del	11p15.5	2.2727e-06	2.3111e-06	11	1	1944201	BET1L
del:11p15.5	del	11p15.5	2.2727e-06	2.3111e-06	11	1	1944201	CEND1
del:11p15.5	del	11p15.5	2.2727e-06	2.3111e-06	11	1	1944201	CDHR5
del:11p15.5	del	11p15.5	2.2727e-06	2.3111e-06	11	1	1944201	TOLLIP
del:11p15.5	del	11p15.5	2.2727e-06	2.3111e-06	11	1	1944201	LRDD
del:11p15.5	del	11p15.5	2.2727e-06	2.3111e-06	11	1	1944201	PNPLA2
del:11p15.5	del	11p15.5	2.2727e-06	2.3111e-06	11	1	1944201	PHRF1
del:11p15.5	del	11p15.5	2.2727e-06	2.3111e-06	11	1	1944201	SIGIRR
del:11p15.5	del	11p15.5	2.2727e-06	2.3111e-06	11	1	1944201	RIC8A
del:11p15.5	del	11p15.5	2.2727e-06	2.3111e-06	11	1	1944201	EPS8L2
del:11p15.5	del	11p15.5	2.2727e-06	2.3111e-06	11	1	1944201	CHID1
del:11p15.5	del	11p15.5	2.2727e-06	2.3111e-06	11	1	1944201	SLC25A22
del:11p15.5	del	11p15.5	2.2727e-06	2.3111e-06	11	1	1944201	ATHL1
del:11p15.5	del	11p15.5	2.2727e-06	2.3111e-06	11	1	1944201	PTDSS2
del:11p15.5	del	11p15.5	2.2727e-06	2.3111e-06	11	1	1944201	MOB2
del:11p15.5	del	11p15.5	2.2727e-06	2.3111e-06	11	1	1944201	SYT8
del:11p15.5	del	11p15.5	2.2727e-06	2.3111e-06	11	1	1944201	ODF3
del:11p15.5	del	11p15.5	2.2727e-06	2.3111e-06	11	1	1944201	LRRC56
del:11p15.5	del	11p15.5	2.2727e-06	2.3111e-06	11	1	1944201	LOC143666
del:11p15.5	del	11p15.5	2.2727e-06	2.3111e-06	11	1	1944201	SCGB1C1
del:11p15.5	del	11p15.5	2.2727e-06	2.3111e-06	11	1	1944201	NLRP6
del:11p15.5	del	11p15.5	2.2727e-06	2.3111e-06	11	1	1944201	C11orf35
del:11p15.5	del	11p15.5	2.2727e-06	2.3111e-06	11	1	1944201	EFCAB4A
del:11p15.5	del	11p15.5	2.2727e-06	2.3111e-06	11	1	1944201	TMEM80
del:11p15.5	del	11p15.5	2.2727e-06	2.3111e-06	11	1	1944201	ANO9
del:11p15.5	del	11p15.5	2.2727e-06	2.3111e-06	11	1	1944201	LOC338651
del:11p15.5	del	11p15.5	2.2727e-06	2.3111e-06	11	1	1944201	B4GALNT4
del:11p15.5	del	11p15.5	2.2727e-06	2.3111e-06	11	1	1944201	PDDC1
del:11p15.5	del	11p15.5	2.2727e-06	2.3111e-06	11	1	1944201	KRTAP5-1
del:11p15.5	del	11p15.5	2.2727e-06	2.3111e-06	11	1	1944201	KRTAP5-3
del:11p15.5	del	11p15.5	2.2727e-06	2.3111e-06	11	1	1944201	KRTAP5-4
del:11p15.5	del	11p15.5	2.2727e-06	2.3111e-06	11	1	1944201	IFITM5
del:11p15.5	del	11p15.5	2.2727e-06	2.3111e-06	11	1	1944201	FAM99A
del:11p15.5	del	11p15.5	2.2727e-06	2.3111e-06	11	1	1944201	KRTAP5-5
del:11p15.5	del	11p15.5	2.2727e-06	2.3111e-06	11	1	1944201	KRTAP5-2
del:11p15.5	del	11p15.5	2.2727e-06	2.3111e-06	11	1	1944201	KRTAP5-6
del:11p15.5	del	11p15.5	2.2727e-06	2.3111e-06	11	1	1944201	SNORA52
del:11p15.5	del	11p15.5	2.2727e-06	2.3111e-06	11	1	1944201	MUC5B
del:11p15.5	del	11p15.5	2.2727e-06	2.3111e-06	11	1	1944201	FAM99B
del:11p15.5	del	11p15.5	2.2727e-06	2.3111e-06	11	1	1944201	LOC100133161
del:5q11.2	del	5q11.2	2.6511e-06	2.7578e-06	5	55528268	70884501	hsa-mir-582
del:5q11.2	del	5q11.2	2.6511e-06	2.7578e-06	5	55528268	70884501	TRIM23
del:5q11.2	del	5q11.2	2.6511e-06	2.7578e-06	5	55528268	70884501	CCNB1
del:5q11.2	del	5q11.2	2.6511e-06	2.7578e-06	5	55528268	70884501	CDK7
del:5q11.2	del	5q11.2	2.6511e-06	2.7578e-06	5	55528268	70884501	ERCC8
del:5q11.2	del	5q11.2	2.6511e-06	2.7578e-06	5	55528268	70884501	GTF2H2
del:5q11.2	del	5q11.2	2.6511e-06	2.7578e-06	5	55528268	70884501	HTR1A
del:5q11.2	del	5q11.2	2.6511e-06	2.7578e-06	5	55528268	70884501	KIF2A
del:5q11.2	del	5q11.2	2.6511e-06	2.7578e-06	5	55528268	70884501	CD180
del:5q11.2	del	5q11.2	2.6511e-06	2.7578e-06	5	55528268	70884501	MAP3K1
del:5q11.2	del	5q11.2	2.6511e-06	2.7578e-06	5	55528268	70884501	NAIP
del:5q11.2	del	5q11.2	2.6511e-06	2.7578e-06	5	55528268	70884501	OCLN
del:5q11.2	del	5q11.2	2.6511e-06	2.7578e-06	5	55528268	70884501	PDE4D
del:5q11.2	del	5q11.2	2.6511e-06	2.7578e-06	5	55528268	70884501	PIK3R1
del:5q11.2	del	5q11.2	2.6511e-06	2.7578e-06	5	55528268	70884501	PMCHL2
del:5q11.2	del	5q11.2	2.6511e-06	2.7578e-06	5	55528268	70884501	RAD17
del:5q11.2	del	5q11.2	2.6511e-06	2.7578e-06	5	55528268	70884501	SMN1
del:5q11.2	del	5q11.2	2.6511e-06	2.7578e-06	5	55528268	70884501	SMN2|6607|2of2
del:5q11.2	del	5q11.2	2.6511e-06	2.7578e-06	5	55528268	70884501	TAF9
del:5q11.2	del	5q11.2	2.6511e-06	2.7578e-06	5	55528268	70884501	SERF1A|8293|2of2
del:5q11.2	del	5q11.2	2.6511e-06	2.7578e-06	5	55528268	70884501	CWC27
del:5q11.2	del	5q11.2	2.6511e-06	2.7578e-06	5	55528268	70884501	PLK2
del:5q11.2	del	5q11.2	2.6511e-06	2.7578e-06	5	55528268	70884501	ADAMTS6
del:5q11.2	del	5q11.2	2.6511e-06	2.7578e-06	5	55528268	70884501	PPWD1
del:5q11.2	del	5q11.2	2.6511e-06	2.7578e-06	5	55528268	70884501	PART1
del:5q11.2	del	5q11.2	2.6511e-06	2.7578e-06	5	55528268	70884501	DIMT1L
del:5q11.2	del	5q11.2	2.6511e-06	2.7578e-06	5	55528268	70884501	IPO11
del:5q11.2	del	5q11.2	2.6511e-06	2.7578e-06	5	55528268	70884501	SGTB
del:5q11.2	del	5q11.2	2.6511e-06	2.7578e-06	5	55528268	70884501	DEPDC1B
del:5q11.2	del	5q11.2	2.6511e-06	2.7578e-06	5	55528268	70884501	BDP1
del:5q11.2	del	5q11.2	2.6511e-06	2.7578e-06	5	55528268	70884501	ERBB2IP
del:5q11.2	del	5q11.2	2.6511e-06	2.7578e-06	5	55528268	70884501	NLN
del:5q11.2	del	5q11.2	2.6511e-06	2.7578e-06	5	55528268	70884501	ZSWIM6
del:5q11.2	del	5q11.2	2.6511e-06	2.7578e-06	5	55528268	70884501	CENPK
del:5q11.2	del	5q11.2	2.6511e-06	2.7578e-06	5	55528268	70884501	SLC30A5
del:5q11.2	del	5q11.2	2.6511e-06	2.7578e-06	5	55528268	70884501	CENPH
del:5q11.2	del	5q11.2	2.6511e-06	2.7578e-06	5	55528268	70884501	GPBP1
del:5q11.2	del	5q11.2	2.6511e-06	2.7578e-06	5	55528268	70884501	ELOVL7
del:5q11.2	del	5q11.2	2.6511e-06	2.7578e-06	5	55528268	70884501	C5orf44
del:5q11.2	del	5q11.2	2.6511e-06	2.7578e-06	5	55528268	70884501	NDUFAF2
del:5q11.2	del	5q11.2	2.6511e-06	2.7578e-06	5	55528268	70884501	MRPS36
del:5q11.2	del	5q11.2	2.6511e-06	2.7578e-06	5	55528268	70884501	RAB3C
del:5q11.2	del	5q11.2	2.6511e-06	2.7578e-06	5	55528268	70884501	C5orf35
del:5q11.2	del	5q11.2	2.6511e-06	2.7578e-06	5	55528268	70884501	SFRS12
del:5q11.2	del	5q11.2	2.6511e-06	2.7578e-06	5	55528268	70884501	MARVELD2
del:5q11.2	del	5q11.2	2.6511e-06	2.7578e-06	5	55528268	70884501	MIER3
del:5q11.2	del	5q11.2	2.6511e-06	2.7578e-06	5	55528268	70884501	CCDC125
del:5q11.2	del	5q11.2	2.6511e-06	2.7578e-06	5	55528268	70884501	GAPT
del:5q11.2	del	5q11.2	2.6511e-06	2.7578e-06	5	55528268	70884501	FLJ37543
del:5q11.2	del	5q11.2	2.6511e-06	2.7578e-06	5	55528268	70884501	RNF180
del:5q11.2	del	5q11.2	2.6511e-06	2.7578e-06	5	55528268	70884501	SFRS12IP1
del:5q11.2	del	5q11.2	2.6511e-06	2.7578e-06	5	55528268	70884501	ACTBL2
del:5q11.2	del	5q11.2	2.6511e-06	2.7578e-06	5	55528268	70884501	MAST4
del:5q11.2	del	5q11.2	2.6511e-06	2.7578e-06	5	55528268	70884501	ISCA1P1
del:5q11.2	del	5q11.2	2.6511e-06	2.7578e-06	5	55528268	70884501	RGS7BP
del:5q11.2	del	5q11.2	2.6511e-06	2.7578e-06	5	55528268	70884501	C5orf43
del:5q11.2	del	5q11.2	2.6511e-06	2.7578e-06	5	55528268	70884501	LOC647859
del:5q11.2	del	5q11.2	2.6511e-06	2.7578e-06	5	55528268	70884501	GUSBP3
del:5q11.2	del	5q11.2	2.6511e-06	2.7578e-06	5	55528268	70884501	GTF2H2B
del:5q11.2	del	5q11.2	2.6511e-06	2.7578e-06	5	55528268	70884501	GTF2H2C
del:5q11.2	del	5q11.2	2.6511e-06	2.7578e-06	5	55528268	70884501	LRRC70
del:5q11.2	del	5q11.2	2.6511e-06	2.7578e-06	5	55528268	70884501	LOC100170939
del:5q11.2	del	5q11.2	2.6511e-06	2.7578e-06	5	55528268	70884501	LOC100272216
del:6q26	del	6q26	4.468e-06	4.2281e-06	6	161693099	163153207	PARK2
del:1p36.11	del	1p36.11	2.6478e-10	7.4743e-06	1	26900639	27699448	SFN
del:1p36.11	del	1p36.11	2.6478e-10	7.4743e-06	1	26900639	27699448	SLC9A1
del:1p36.11	del	1p36.11	2.6478e-10	7.4743e-06	1	26900639	27699448	ARID1A
del:1p36.11	del	1p36.11	2.6478e-10	7.4743e-06	1	26900639	27699448	NR0B2
del:1p36.11	del	1p36.11	2.6478e-10	7.4743e-06	1	26900639	27699448	MAP3K6
del:1p36.11	del	1p36.11	2.6478e-10	7.4743e-06	1	26900639	27699448	NUDC
del:1p36.11	del	1p36.11	2.6478e-10	7.4743e-06	1	26900639	27699448	WDTC1
del:1p36.11	del	1p36.11	2.6478e-10	7.4743e-06	1	26900639	27699448	GPN2
del:1p36.11	del	1p36.11	2.6478e-10	7.4743e-06	1	26900639	27699448	PIGV
del:1p36.11	del	1p36.11	2.6478e-10	7.4743e-06	1	26900639	27699448	GPATCH3
del:1p36.11	del	1p36.11	2.6478e-10	7.4743e-06	1	26900639	27699448	TMEM222
del:1p36.11	del	1p36.11	2.6478e-10	7.4743e-06	1	26900639	27699448	ZDHHC18
del:1p36.11	del	1p36.11	2.6478e-10	7.4743e-06	1	26900639	27699448	SYTL1
del:1p36.11	del	1p36.11	2.6478e-10	7.4743e-06	1	26900639	27699448	FAM46B
del:1p36.11	del	1p36.11	2.6478e-10	7.4743e-06	1	26900639	27699448	C1orf172
del:1p36.11	del	1p36.11	2.6478e-10	7.4743e-06	1	26900639	27699448	TRNP1
del:11q24.2	del	11q24.2	1.921e-05	1.8773e-05	11	96068176	135006516	hsa-mir-4301
del:11q24.2	del	11q24.2	1.921e-05	1.8773e-05	11	96068176	135006516	hsa-mir-3167
del:11q24.2	del	11q24.2	1.921e-05	1.8773e-05	11	96068176	135006516	hsa-mir-1260b
del:11q24.2	del	11q24.2	1.921e-05	1.8773e-05	11	96068176	135006516	hsa-mir-34c
del:11q24.2	del	11q24.2	1.921e-05	1.8773e-05	11	96068176	135006516	hsa-mir-34b
del:11q24.2	del	11q24.2	1.921e-05	1.8773e-05	11	96068176	135006516	hsa-mir-125b-1
del:11q24.2	del	11q24.2	1.921e-05	1.8773e-05	11	96068176	135006516	hsa-mir-100
del:11q24.2	del	11q24.2	1.921e-05	1.8773e-05	11	96068176	135006516	hsa-let-7a-2
del:11q24.2	del	11q24.2	1.921e-05	1.8773e-05	11	96068176	135006516	ACAT1
del:11q24.2	del	11q24.2	1.921e-05	1.8773e-05	11	96068176	135006516	ACRV1
del:11q24.2	del	11q24.2	1.921e-05	1.8773e-05	11	96068176	135006516	BIRC2
del:11q24.2	del	11q24.2	1.921e-05	1.8773e-05	11	96068176	135006516	BIRC3
del:11q24.2	del	11q24.2	1.921e-05	1.8773e-05	11	96068176	135006516	APLP2
del:11q24.2	del	11q24.2	1.921e-05	1.8773e-05	11	96068176	135006516	APOA1
del:11q24.2	del	11q24.2	1.921e-05	1.8773e-05	11	96068176	135006516	APOA4
del:11q24.2	del	11q24.2	1.921e-05	1.8773e-05	11	96068176	135006516	APOC3
del:11q24.2	del	11q24.2	1.921e-05	1.8773e-05	11	96068176	135006516	ARCN1
del:11q24.2	del	11q24.2	1.921e-05	1.8773e-05	11	96068176	135006516	ATM
del:11q24.2	del	11q24.2	1.921e-05	1.8773e-05	11	96068176	135006516	FXYD2
del:11q24.2	del	11q24.2	1.921e-05	1.8773e-05	11	96068176	135006516	CXCR5
del:11q24.2	del	11q24.2	1.921e-05	1.8773e-05	11	96068176	135006516	CASP1
del:11q24.2	del	11q24.2	1.921e-05	1.8773e-05	11	96068176	135006516	CASP4
del:11q24.2	del	11q24.2	1.921e-05	1.8773e-05	11	96068176	135006516	CASP5
del:11q24.2	del	11q24.2	1.921e-05	1.8773e-05	11	96068176	135006516	CBL
del:11q24.2	del	11q24.2	1.921e-05	1.8773e-05	11	96068176	135006516	CD3D
del:11q24.2	del	11q24.2	1.921e-05	1.8773e-05	11	96068176	135006516	CD3E
del:11q24.2	del	11q24.2	1.921e-05	1.8773e-05	11	96068176	135006516	CD3G
del:11q24.2	del	11q24.2	1.921e-05	1.8773e-05	11	96068176	135006516	CHEK1
del:11q24.2	del	11q24.2	1.921e-05	1.8773e-05	11	96068176	135006516	CRYAB
del:11q24.2	del	11q24.2	1.921e-05	1.8773e-05	11	96068176	135006516	DDX6
del:11q24.2	del	11q24.2	1.921e-05	1.8773e-05	11	96068176	135006516	DDX10
del:11q24.2	del	11q24.2	1.921e-05	1.8773e-05	11	96068176	135006516	DLAT
del:11q24.2	del	11q24.2	1.921e-05	1.8773e-05	11	96068176	135006516	DPAGT1
del:11q24.2	del	11q24.2	1.921e-05	1.8773e-05	11	96068176	135006516	DRD2
del:11q24.2	del	11q24.2	1.921e-05	1.8773e-05	11	96068176	135006516	ETS1
del:11q24.2	del	11q24.2	1.921e-05	1.8773e-05	11	96068176	135006516	FDX1
del:11q24.2	del	11q24.2	1.921e-05	1.8773e-05	11	96068176	135006516	FLI1
del:11q24.2	del	11q24.2	1.921e-05	1.8773e-05	11	96068176	135006516	SLC37A4
del:11q24.2	del	11q24.2	1.921e-05	1.8773e-05	11	96068176	135006516	GRIA4
del:11q24.2	del	11q24.2	1.921e-05	1.8773e-05	11	96068176	135006516	GRIK4
del:11q24.2	del	11q24.2	1.921e-05	1.8773e-05	11	96068176	135006516	GUCY1A2
del:11q24.2	del	11q24.2	1.921e-05	1.8773e-05	11	96068176	135006516	H2AFX
del:11q24.2	del	11q24.2	1.921e-05	1.8773e-05	11	96068176	135006516	HMBS
del:11q24.2	del	11q24.2	1.921e-05	1.8773e-05	11	96068176	135006516	HSPA8
del:11q24.2	del	11q24.2	1.921e-05	1.8773e-05	11	96068176	135006516	HSPB2
del:11q24.2	del	11q24.2	1.921e-05	1.8773e-05	11	96068176	135006516	HTR3A
del:11q24.2	del	11q24.2	1.921e-05	1.8773e-05	11	96068176	135006516	IL10RA
del:11q24.2	del	11q24.2	1.921e-05	1.8773e-05	11	96068176	135006516	IL18
del:11q24.2	del	11q24.2	1.921e-05	1.8773e-05	11	96068176	135006516	STT3A
del:11q24.2	del	11q24.2	1.921e-05	1.8773e-05	11	96068176	135006516	KCNJ1
del:11q24.2	del	11q24.2	1.921e-05	1.8773e-05	11	96068176	135006516	KCNJ5
del:11q24.2	del	11q24.2	1.921e-05	1.8773e-05	11	96068176	135006516	VWA5A
del:11q24.2	del	11q24.2	1.921e-05	1.8773e-05	11	96068176	135006516	MCAM
del:11q24.2	del	11q24.2	1.921e-05	1.8773e-05	11	96068176	135006516	MLL
del:11q24.2	del	11q24.2	1.921e-05	1.8773e-05	11	96068176	135006516	MMP1
del:11q24.2	del	11q24.2	1.921e-05	1.8773e-05	11	96068176	135006516	MMP3
del:11q24.2	del	11q24.2	1.921e-05	1.8773e-05	11	96068176	135006516	MMP7
del:11q24.2	del	11q24.2	1.921e-05	1.8773e-05	11	96068176	135006516	MMP8
del:11q24.2	del	11q24.2	1.921e-05	1.8773e-05	11	96068176	135006516	MMP10
del:11q24.2	del	11q24.2	1.921e-05	1.8773e-05	11	96068176	135006516	MMP12
del:11q24.2	del	11q24.2	1.921e-05	1.8773e-05	11	96068176	135006516	MMP13
del:11q24.2	del	11q24.2	1.921e-05	1.8773e-05	11	96068176	135006516	NCAM1
del:11q24.2	del	11q24.2	1.921e-05	1.8773e-05	11	96068176	135006516	NFRKB
del:11q24.2	del	11q24.2	1.921e-05	1.8773e-05	11	96068176	135006516	NNMT
del:11q24.2	del	11q24.2	1.921e-05	1.8773e-05	11	96068176	135006516	NPAT
del:11q24.2	del	11q24.2	1.921e-05	1.8773e-05	11	96068176	135006516	NRGN
del:11q24.2	del	11q24.2	1.921e-05	1.8773e-05	11	96068176	135006516	OPCML
del:11q24.2	del	11q24.2	1.921e-05	1.8773e-05	11	96068176	135006516	PAFAH1B2
del:11q24.2	del	11q24.2	1.921e-05	1.8773e-05	11	96068176	135006516	PGR
del:11q24.2	del	11q24.2	1.921e-05	1.8773e-05	11	96068176	135006516	POU2AF1
del:11q24.2	del	11q24.2	1.921e-05	1.8773e-05	11	96068176	135006516	PPP2R1B
del:11q24.2	del	11q24.2	1.921e-05	1.8773e-05	11	96068176	135006516	PTS
del:11q24.2	del	11q24.2	1.921e-05	1.8773e-05	11	96068176	135006516	PVRL1
del:11q24.2	del	11q24.2	1.921e-05	1.8773e-05	11	96068176	135006516	RDX
del:11q24.2	del	11q24.2	1.921e-05	1.8773e-05	11	96068176	135006516	RPS25
del:11q24.2	del	11q24.2	1.921e-05	1.8773e-05	11	96068176	135006516	SC5DL
del:11q24.2	del	11q24.2	1.921e-05	1.8773e-05	11	96068176	135006516	SCN2B
del:11q24.2	del	11q24.2	1.921e-05	1.8773e-05	11	96068176	135006516	SCN4B
del:11q24.2	del	11q24.2	1.921e-05	1.8773e-05	11	96068176	135006516	SDHD
del:11q24.2	del	11q24.2	1.921e-05	1.8773e-05	11	96068176	135006516	ST3GAL4
del:11q24.2	del	11q24.2	1.921e-05	1.8773e-05	11	96068176	135006516	SLN
del:11q24.2	del	11q24.2	1.921e-05	1.8773e-05	11	96068176	135006516	SORL1
del:11q24.2	del	11q24.2	1.921e-05	1.8773e-05	11	96068176	135006516	SRPR
del:11q24.2	del	11q24.2	1.921e-05	1.8773e-05	11	96068176	135006516	ST14
del:11q24.2	del	11q24.2	1.921e-05	1.8773e-05	11	96068176	135006516	TAGLN
del:11q24.2	del	11q24.2	1.921e-05	1.8773e-05	11	96068176	135006516	TECTA
del:11q24.2	del	11q24.2	1.921e-05	1.8773e-05	11	96068176	135006516	THY1
del:11q24.2	del	11q24.2	1.921e-05	1.8773e-05	11	96068176	135006516	TRPC6
del:11q24.2	del	11q24.2	1.921e-05	1.8773e-05	11	96068176	135006516	UPK2
del:11q24.2	del	11q24.2	1.921e-05	1.8773e-05	11	96068176	135006516	ZBTB16
del:11q24.2	del	11q24.2	1.921e-05	1.8773e-05	11	96068176	135006516	ZNF202
del:11q24.2	del	11q24.2	1.921e-05	1.8773e-05	11	96068176	135006516	CUL5
del:11q24.2	del	11q24.2	1.921e-05	1.8773e-05	11	96068176	135006516	BARX2
del:11q24.2	del	11q24.2	1.921e-05	1.8773e-05	11	96068176	135006516	JRKL
del:11q24.2	del	11q24.2	1.921e-05	1.8773e-05	11	96068176	135006516	ZNF259
del:11q24.2	del	11q24.2	1.921e-05	1.8773e-05	11	96068176	135006516	USP2
del:11q24.2	del	11q24.2	1.921e-05	1.8773e-05	11	96068176	135006516	PCSK7
del:11q24.2	del	11q24.2	1.921e-05	1.8773e-05	11	96068176	135006516	HTR3B
del:11q24.2	del	11q24.2	1.921e-05	1.8773e-05	11	96068176	135006516	ZW10
del:11q24.2	del	11q24.2	1.921e-05	1.8773e-05	11	96068176	135006516	MMP20
del:11q24.2	del	11q24.2	1.921e-05	1.8773e-05	11	96068176	135006516	UBE4A
del:11q24.2	del	11q24.2	1.921e-05	1.8773e-05	11	96068176	135006516	EI24
del:11q24.2	del	11q24.2	1.921e-05	1.8773e-05	11	96068176	135006516	FEZ1
del:11q24.2	del	11q24.2	1.921e-05	1.8773e-05	11	96068176	135006516	ARHGAP32
del:11q24.2	del	11q24.2	1.921e-05	1.8773e-05	11	96068176	135006516	C2CD2L
del:11q24.2	del	11q24.2	1.921e-05	1.8773e-05	11	96068176	135006516	RBM7
del:11q24.2	del	11q24.2	1.921e-05	1.8773e-05	11	96068176	135006516	MPZL2
del:11q24.2	del	11q24.2	1.921e-05	1.8773e-05	11	96068176	135006516	YAP1
del:11q24.2	del	11q24.2	1.921e-05	1.8773e-05	11	96068176	135006516	HYOU1
del:11q24.2	del	11q24.2	1.921e-05	1.8773e-05	11	96068176	135006516	ATP5L
del:11q24.2	del	11q24.2	1.921e-05	1.8773e-05	11	96068176	135006516	ADAMTS8
del:11q24.2	del	11q24.2	1.921e-05	1.8773e-05	11	96068176	135006516	TREH
del:11q24.2	del	11q24.2	1.921e-05	1.8773e-05	11	96068176	135006516	CEP164
del:11q24.2	del	11q24.2	1.921e-05	1.8773e-05	11	96068176	135006516	IGSF9B
del:11q24.2	del	11q24.2	1.921e-05	1.8773e-05	11	96068176	135006516	EXPH5
del:11q24.2	del	11q24.2	1.921e-05	1.8773e-05	11	96068176	135006516	PHLDB1
del:11q24.2	del	11q24.2	1.921e-05	1.8773e-05	11	96068176	135006516	SIK2
del:11q24.2	del	11q24.2	1.921e-05	1.8773e-05	11	96068176	135006516	NCAPD3
del:11q24.2	del	11q24.2	1.921e-05	1.8773e-05	11	96068176	135006516	ARHGEF12
del:11q24.2	del	11q24.2	1.921e-05	1.8773e-05	11	96068176	135006516	SIK3
del:11q24.2	del	11q24.2	1.921e-05	1.8773e-05	11	96068176	135006516	VSIG2
del:11q24.2	del	11q24.2	1.921e-05	1.8773e-05	11	96068176	135006516	BACE1
del:11q24.2	del	11q24.2	1.921e-05	1.8773e-05	11	96068176	135006516	TRIM29
del:11q24.2	del	11q24.2	1.921e-05	1.8773e-05	11	96068176	135006516	CADM1
del:11q24.2	del	11q24.2	1.921e-05	1.8773e-05	11	96068176	135006516	POU2F3
del:11q24.2	del	11q24.2	1.921e-05	1.8773e-05	11	96068176	135006516	HINFP
del:11q24.2	del	11q24.2	1.921e-05	1.8773e-05	11	96068176	135006516	REXO2
del:11q24.2	del	11q24.2	1.921e-05	1.8773e-05	11	96068176	135006516	OR8G2
del:11q24.2	del	11q24.2	1.921e-05	1.8773e-05	11	96068176	135006516	OR8B8
del:11q24.2	del	11q24.2	1.921e-05	1.8773e-05	11	96068176	135006516	TIMM8B
del:11q24.2	del	11q24.2	1.921e-05	1.8773e-05	11	96068176	135006516	OR8B2
del:11q24.2	del	11q24.2	1.921e-05	1.8773e-05	11	96068176	135006516	ACAD8
del:11q24.2	del	11q24.2	1.921e-05	1.8773e-05	11	96068176	135006516	B3GAT1
del:11q24.2	del	11q24.2	1.921e-05	1.8773e-05	11	96068176	135006516	DCPS
del:11q24.2	del	11q24.2	1.921e-05	1.8773e-05	11	96068176	135006516	ZBTB44
del:11q24.2	del	11q24.2	1.921e-05	1.8773e-05	11	96068176	135006516	THYN1
del:11q24.2	del	11q24.2	1.921e-05	1.8773e-05	11	96068176	135006516	DDX25
del:11q24.2	del	11q24.2	1.921e-05	1.8773e-05	11	96068176	135006516	NTM
del:11q24.2	del	11q24.2	1.921e-05	1.8773e-05	11	96068176	135006516	CDON
del:11q24.2	del	11q24.2	1.921e-05	1.8773e-05	11	96068176	135006516	SIDT2
del:11q24.2	del	11q24.2	1.921e-05	1.8773e-05	11	96068176	135006516	TRAPPC4
del:11q24.2	del	11q24.2	1.921e-05	1.8773e-05	11	96068176	135006516	SPA17
del:11q24.2	del	11q24.2	1.921e-05	1.8773e-05	11	96068176	135006516	FXYD6
del:11q24.2	del	11q24.2	1.921e-05	1.8773e-05	11	96068176	135006516	CNTN5
del:11q24.2	del	11q24.2	1.921e-05	1.8773e-05	11	96068176	135006516	SIAE
del:11q24.2	del	11q24.2	1.921e-05	1.8773e-05	11	96068176	135006516	C11orf71
del:11q24.2	del	11q24.2	1.921e-05	1.8773e-05	11	96068176	135006516	ROBO4
del:11q24.2	del	11q24.2	1.921e-05	1.8773e-05	11	96068176	135006516	SLC35F2
del:11q24.2	del	11q24.2	1.921e-05	1.8773e-05	11	96068176	135006516	RAB39
del:11q24.2	del	11q24.2	1.921e-05	1.8773e-05	11	96068176	135006516	BTG4
del:11q24.2	del	11q24.2	1.921e-05	1.8773e-05	11	96068176	135006516	FAM55D
del:11q24.2	del	11q24.2	1.921e-05	1.8773e-05	11	96068176	135006516	TTC12
del:11q24.2	del	11q24.2	1.921e-05	1.8773e-05	11	96068176	135006516	C11orf57
del:11q24.2	del	11q24.2	1.921e-05	1.8773e-05	11	96068176	135006516	ELMOD1
del:11q24.2	del	11q24.2	1.921e-05	1.8773e-05	11	96068176	135006516	FOXRED1
del:11q24.2	del	11q24.2	1.921e-05	1.8773e-05	11	96068176	135006516	SCN3B
del:11q24.2	del	11q24.2	1.921e-05	1.8773e-05	11	96068176	135006516	VPS11
del:11q24.2	del	11q24.2	1.921e-05	1.8773e-05	11	96068176	135006516	TEX12
del:11q24.2	del	11q24.2	1.921e-05	1.8773e-05	11	96068176	135006516	CRTAM
del:11q24.2	del	11q24.2	1.921e-05	1.8773e-05	11	96068176	135006516	TMPRSS4
del:11q24.2	del	11q24.2	1.921e-05	1.8773e-05	11	96068176	135006516	IFT46
del:11q24.2	del	11q24.2	1.921e-05	1.8773e-05	11	96068176	135006516	PRDM10
del:11q24.2	del	11q24.2	1.921e-05	1.8773e-05	11	96068176	135006516	DSCAML1
del:11q24.2	del	11q24.2	1.921e-05	1.8773e-05	11	96068176	135006516	GRAMD1B
del:11q24.2	del	11q24.2	1.921e-05	1.8773e-05	11	96068176	135006516	KIAA1377
del:11q24.2	del	11q24.2	1.921e-05	1.8773e-05	11	96068176	135006516	ARHGAP20
del:11q24.2	del	11q24.2	1.921e-05	1.8773e-05	11	96068176	135006516	USP28
del:11q24.2	del	11q24.2	1.921e-05	1.8773e-05	11	96068176	135006516	CARD18
del:11q24.2	del	11q24.2	1.921e-05	1.8773e-05	11	96068176	135006516	AASDHPPT
del:11q24.2	del	11q24.2	1.921e-05	1.8773e-05	11	96068176	135006516	PKNOX2
del:11q24.2	del	11q24.2	1.921e-05	1.8773e-05	11	96068176	135006516	TP53AIP1
del:11q24.2	del	11q24.2	1.921e-05	1.8773e-05	11	96068176	135006516	MMP27
del:11q24.2	del	11q24.2	1.921e-05	1.8773e-05	11	96068176	135006516	ABCG4
del:11q24.2	del	11q24.2	1.921e-05	1.8773e-05	11	96068176	135006516	ROBO3
del:11q24.2	del	11q24.2	1.921e-05	1.8773e-05	11	96068176	135006516	C11orf1
del:11q24.2	del	11q24.2	1.921e-05	1.8773e-05	11	96068176	135006516	RNF26
del:11q24.2	del	11q24.2	1.921e-05	1.8773e-05	11	96068176	135006516	FAM118B
del:11q24.2	del	11q24.2	1.921e-05	1.8773e-05	11	96068176	135006516	DYNC2H1
del:11q24.2	del	11q24.2	1.921e-05	1.8773e-05	11	96068176	135006516	NLRX1
del:11q24.2	del	11q24.2	1.921e-05	1.8773e-05	11	96068176	135006516	C11orf61
del:11q24.2	del	11q24.2	1.921e-05	1.8773e-05	11	96068176	135006516	CCDC82
del:11q24.2	del	11q24.2	1.921e-05	1.8773e-05	11	96068176	135006516	ALG9
del:11q24.2	del	11q24.2	1.921e-05	1.8773e-05	11	96068176	135006516	ASAM
del:11q24.2	del	11q24.2	1.921e-05	1.8773e-05	11	96068176	135006516	PDZD3
del:11q24.2	del	11q24.2	1.921e-05	1.8773e-05	11	96068176	135006516	C11orf63
del:11q24.2	del	11q24.2	1.921e-05	1.8773e-05	11	96068176	135006516	CCDC15
del:11q24.2	del	11q24.2	1.921e-05	1.8773e-05	11	96068176	135006516	PDGFD
del:11q24.2	del	11q24.2	1.921e-05	1.8773e-05	11	96068176	135006516	TMPRSS5
del:11q24.2	del	11q24.2	1.921e-05	1.8773e-05	11	96068176	135006516	PUS3
del:11q24.2	del	11q24.2	1.921e-05	1.8773e-05	11	96068176	135006516	MFRP
del:11q24.2	del	11q24.2	1.921e-05	1.8773e-05	11	96068176	135006516	JAM3
del:11q24.2	del	11q24.2	1.921e-05	1.8773e-05	11	96068176	135006516	BCO2
del:11q24.2	del	11q24.2	1.921e-05	1.8773e-05	11	96068176	135006516	TMEM133
del:11q24.2	del	11q24.2	1.921e-05	1.8773e-05	11	96068176	135006516	TMPRSS13
del:11q24.2	del	11q24.2	1.921e-05	1.8773e-05	11	96068176	135006516	DCUN1D5
del:11q24.2	del	11q24.2	1.921e-05	1.8773e-05	11	96068176	135006516	KIAA1826
del:11q24.2	del	11q24.2	1.921e-05	1.8773e-05	11	96068176	135006516	KIRREL3
del:11q24.2	del	11q24.2	1.921e-05	1.8773e-05	11	96068176	135006516	BUD13
del:11q24.2	del	11q24.2	1.921e-05	1.8773e-05	11	96068176	135006516	TMEM25
del:11q24.2	del	11q24.2	1.921e-05	1.8773e-05	11	96068176	135006516	RPUSD4
del:11q24.2	del	11q24.2	1.921e-05	1.8773e-05	11	96068176	135006516	TBRG1
del:11q24.2	del	11q24.2	1.921e-05	1.8773e-05	11	96068176	135006516	UBASH3B
del:11q24.2	del	11q24.2	1.921e-05	1.8773e-05	11	96068176	135006516	C11orf70
del:11q24.2	del	11q24.2	1.921e-05	1.8773e-05	11	96068176	135006516	DIXDC1
del:11q24.2	del	11q24.2	1.921e-05	1.8773e-05	11	96068176	135006516	ZC3H12C
del:11q24.2	del	11q24.2	1.921e-05	1.8773e-05	11	96068176	135006516	GLB1L2
del:11q24.2	del	11q24.2	1.921e-05	1.8773e-05	11	96068176	135006516	ESAM
del:11q24.2	del	11q24.2	1.921e-05	1.8773e-05	11	96068176	135006516	ALKBH8
del:11q24.2	del	11q24.2	1.921e-05	1.8773e-05	11	96068176	135006516	FDXACB1
del:11q24.2	del	11q24.2	1.921e-05	1.8773e-05	11	96068176	135006516	C11orf52
del:11q24.2	del	11q24.2	1.921e-05	1.8773e-05	11	96068176	135006516	VPS26B
del:11q24.2	del	11q24.2	1.921e-05	1.8773e-05	11	96068176	135006516	GLB1L3
del:11q24.2	del	11q24.2	1.921e-05	1.8773e-05	11	96068176	135006516	TIRAP
del:11q24.2	del	11q24.2	1.921e-05	1.8773e-05	11	96068176	135006516	CARD16
del:11q24.2	del	11q24.2	1.921e-05	1.8773e-05	11	96068176	135006516	TMEM123
del:11q24.2	del	11q24.2	1.921e-05	1.8773e-05	11	96068176	135006516	PANX3
del:11q24.2	del	11q24.2	1.921e-05	1.8773e-05	11	96068176	135006516	APOA5
del:11q24.2	del	11q24.2	1.921e-05	1.8773e-05	11	96068176	135006516	TMEM45B
del:11q24.2	del	11q24.2	1.921e-05	1.8773e-05	11	96068176	135006516	CASP12
del:11q24.2	del	11q24.2	1.921e-05	1.8773e-05	11	96068176	135006516	C11orf93
del:11q24.2	del	11q24.2	1.921e-05	1.8773e-05	11	96068176	135006516	PIH1D2
del:11q24.2	del	11q24.2	1.921e-05	1.8773e-05	11	96068176	135006516	FAM55A
del:11q24.2	del	11q24.2	1.921e-05	1.8773e-05	11	96068176	135006516	FAM55B
del:11q24.2	del	11q24.2	1.921e-05	1.8773e-05	11	96068176	135006516	AMICA1
del:11q24.2	del	11q24.2	1.921e-05	1.8773e-05	11	96068176	135006516	ARHGAP42
del:11q24.2	del	11q24.2	1.921e-05	1.8773e-05	11	96068176	135006516	KBTBD3
del:11q24.2	del	11q24.2	1.921e-05	1.8773e-05	11	96068176	135006516	CWF19L2
del:11q24.2	del	11q24.2	1.921e-05	1.8773e-05	11	96068176	135006516	KDELC2
del:11q24.2	del	11q24.2	1.921e-05	1.8773e-05	11	96068176	135006516	LAYN
del:11q24.2	del	11q24.2	1.921e-05	1.8773e-05	11	96068176	135006516	TTC36
del:11q24.2	del	11q24.2	1.921e-05	1.8773e-05	11	96068176	135006516	PATE1
del:11q24.2	del	11q24.2	1.921e-05	1.8773e-05	11	96068176	135006516	C11orf65
del:11q24.2	del	11q24.2	1.921e-05	1.8773e-05	11	96068176	135006516	ADAMTS15
del:11q24.2	del	11q24.2	1.921e-05	1.8773e-05	11	96068176	135006516	MPZL3
del:11q24.2	del	11q24.2	1.921e-05	1.8773e-05	11	96068176	135006516	C11orf45
del:11q24.2	del	11q24.2	1.921e-05	1.8773e-05	11	96068176	135006516	HYLS1
del:11q24.2	del	11q24.2	1.921e-05	1.8773e-05	11	96068176	135006516	TMEM218
del:11q24.2	del	11q24.2	1.921e-05	1.8773e-05	11	96068176	135006516	SLC37A2
del:11q24.2	del	11q24.2	1.921e-05	1.8773e-05	11	96068176	135006516	OR8B12
del:11q24.2	del	11q24.2	1.921e-05	1.8773e-05	11	96068176	135006516	OR8G5
del:11q24.2	del	11q24.2	1.921e-05	1.8773e-05	11	96068176	135006516	OR10G8
del:11q24.2	del	11q24.2	1.921e-05	1.8773e-05	11	96068176	135006516	OR10G9
del:11q24.2	del	11q24.2	1.921e-05	1.8773e-05	11	96068176	135006516	OR10S1
del:11q24.2	del	11q24.2	1.921e-05	1.8773e-05	11	96068176	135006516	OR6T1
del:11q24.2	del	11q24.2	1.921e-05	1.8773e-05	11	96068176	135006516	OR4D5
del:11q24.2	del	11q24.2	1.921e-05	1.8773e-05	11	96068176	135006516	TBCEL
del:11q24.2	del	11q24.2	1.921e-05	1.8773e-05	11	96068176	135006516	TMEM136
del:11q24.2	del	11q24.2	1.921e-05	1.8773e-05	11	96068176	135006516	SPATA19
del:11q24.2	del	11q24.2	1.921e-05	1.8773e-05	11	96068176	135006516	HEPACAM
del:11q24.2	del	11q24.2	1.921e-05	1.8773e-05	11	96068176	135006516	OAF
del:11q24.2	del	11q24.2	1.921e-05	1.8773e-05	11	96068176	135006516	ANGPTL5
del:11q24.2	del	11q24.2	1.921e-05	1.8773e-05	11	96068176	135006516	ANKK1
del:11q24.2	del	11q24.2	1.921e-05	1.8773e-05	11	96068176	135006516	RNF214
del:11q24.2	del	11q24.2	1.921e-05	1.8773e-05	11	96068176	135006516	BCL9L
del:11q24.2	del	11q24.2	1.921e-05	1.8773e-05	11	96068176	135006516	FOXR1
del:11q24.2	del	11q24.2	1.921e-05	1.8773e-05	11	96068176	135006516	CCDC153
del:11q24.2	del	11q24.2	1.921e-05	1.8773e-05	11	96068176	135006516	OR8D1
del:11q24.2	del	11q24.2	1.921e-05	1.8773e-05	11	96068176	135006516	OR8D2
del:11q24.2	del	11q24.2	1.921e-05	1.8773e-05	11	96068176	135006516	OR8B4
del:11q24.2	del	11q24.2	1.921e-05	1.8773e-05	11	96068176	135006516	LOC283174
del:11q24.2	del	11q24.2	1.921e-05	1.8773e-05	11	96068176	135006516	CCDC84
del:11q24.2	del	11q24.2	1.921e-05	1.8773e-05	11	96068176	135006516	TMEM225
del:11q24.2	del	11q24.2	1.921e-05	1.8773e-05	11	96068176	135006516	OR8D4
del:11q24.2	del	11q24.2	1.921e-05	1.8773e-05	11	96068176	135006516	C11orf53
del:11q24.2	del	11q24.2	1.921e-05	1.8773e-05	11	96068176	135006516	LOC341056
del:11q24.2	del	11q24.2	1.921e-05	1.8773e-05	11	96068176	135006516	C11orf34
del:11q24.2	del	11q24.2	1.921e-05	1.8773e-05	11	96068176	135006516	BSX
del:11q24.2	del	11q24.2	1.921e-05	1.8773e-05	11	96068176	135006516	OR6X1
del:11q24.2	del	11q24.2	1.921e-05	1.8773e-05	11	96068176	135006516	OR6M1
del:11q24.2	del	11q24.2	1.921e-05	1.8773e-05	11	96068176	135006516	OR10G4
del:11q24.2	del	11q24.2	1.921e-05	1.8773e-05	11	96068176	135006516	OR10G7
del:11q24.2	del	11q24.2	1.921e-05	1.8773e-05	11	96068176	135006516	OR8B3
del:11q24.2	del	11q24.2	1.921e-05	1.8773e-05	11	96068176	135006516	OR8A1
del:11q24.2	del	11q24.2	1.921e-05	1.8773e-05	11	96068176	135006516	C11orf87
del:11q24.2	del	11q24.2	1.921e-05	1.8773e-05	11	96068176	135006516	C11orf92
del:11q24.2	del	11q24.2	1.921e-05	1.8773e-05	11	96068176	135006516	C11orf88
del:11q24.2	del	11q24.2	1.921e-05	1.8773e-05	11	96068176	135006516	LOC399959
del:11q24.2	del	11q24.2	1.921e-05	1.8773e-05	11	96068176	135006516	PATE2
del:11q24.2	del	11q24.2	1.921e-05	1.8773e-05	11	96068176	135006516	PATE4
del:11q24.2	del	11q24.2	1.921e-05	1.8773e-05	11	96068176	135006516	SNX19
del:11q24.2	del	11q24.2	1.921e-05	1.8773e-05	11	96068176	135006516	DDI1
del:11q24.2	del	11q24.2	1.921e-05	1.8773e-05	11	96068176	135006516	BLID
del:11q24.2	del	11q24.2	1.921e-05	1.8773e-05	11	96068176	135006516	CARD17
del:11q24.2	del	11q24.2	1.921e-05	1.8773e-05	11	96068176	135006516	NCRNA00167
del:11q24.2	del	11q24.2	1.921e-05	1.8773e-05	11	96068176	135006516	HEPN1
del:11q24.2	del	11q24.2	1.921e-05	1.8773e-05	11	96068176	135006516	LOC643923
del:11q24.2	del	11q24.2	1.921e-05	1.8773e-05	11	96068176	135006516	CLDN25
del:11q24.2	del	11q24.2	1.921e-05	1.8773e-05	11	96068176	135006516	RPL23AP64
del:11q24.2	del	11q24.2	1.921e-05	1.8773e-05	11	96068176	135006516	LOC100128239
del:11q24.2	del	11q24.2	1.921e-05	1.8773e-05	11	96068176	135006516	PATE3
del:8p21.2	del	8p21.2	1.5231e-13	8.5226e-05	8	6505116	36642339	hsa-mir-4288
del:8p21.2	del	8p21.2	1.5231e-13	8.5226e-05	8	6505116	36642339	hsa-mir-4287
del:8p21.2	del	8p21.2	1.5231e-13	8.5226e-05	8	6505116	36642339	hsa-mir-4286
del:8p21.2	del	8p21.2	1.5231e-13	8.5226e-05	8	6505116	36642339	hsa-mir-3148
del:8p21.2	del	8p21.2	1.5231e-13	8.5226e-05	8	6505116	36642339	hsa-mir-548v
del:8p21.2	del	8p21.2	1.5231e-13	8.5226e-05	8	6505116	36642339	hsa-mir-1322
del:8p21.2	del	8p21.2	1.5231e-13	8.5226e-05	8	6505116	36642339	hsa-mir-548i-3
del:8p21.2	del	8p21.2	1.5231e-13	8.5226e-05	8	6505116	36642339	hsa-mir-548h-4
del:8p21.2	del	8p21.2	1.5231e-13	8.5226e-05	8	6505116	36642339	hsa-mir-598
del:8p21.2	del	8p21.2	1.5231e-13	8.5226e-05	8	6505116	36642339	hsa-mir-597
del:8p21.2	del	8p21.2	1.5231e-13	8.5226e-05	8	6505116	36642339	hsa-mir-383
del:8p21.2	del	8p21.2	1.5231e-13	8.5226e-05	8	6505116	36642339	hsa-mir-320a
del:8p21.2	del	8p21.2	1.5231e-13	8.5226e-05	8	6505116	36642339	hsa-mir-124-1
del:8p21.2	del	8p21.2	1.5231e-13	8.5226e-05	8	6505116	36642339	NAT1
del:8p21.2	del	8p21.2	1.5231e-13	8.5226e-05	8	6505116	36642339	NAT2
del:8p21.2	del	8p21.2	1.5231e-13	8.5226e-05	8	6505116	36642339	ADRA1A
del:8p21.2	del	8p21.2	1.5231e-13	8.5226e-05	8	6505116	36642339	ASAH1
del:8p21.2	del	8p21.2	1.5231e-13	8.5226e-05	8	6505116	36642339	ATP6V1B2
del:8p21.2	del	8p21.2	1.5231e-13	8.5226e-05	8	6505116	36642339	BLK
del:8p21.2	del	8p21.2	1.5231e-13	8.5226e-05	8	6505116	36642339	BMP1
del:8p21.2	del	8p21.2	1.5231e-13	8.5226e-05	8	6505116	36642339	POLR3D
del:8p21.2	del	8p21.2	1.5231e-13	8.5226e-05	8	6505116	36642339	BNIP3L
del:8p21.2	del	8p21.2	1.5231e-13	8.5226e-05	8	6505116	36642339	CHRNA2
del:8p21.2	del	8p21.2	1.5231e-13	8.5226e-05	8	6505116	36642339	CLU
del:8p21.2	del	8p21.2	1.5231e-13	8.5226e-05	8	6505116	36642339	CTSB
del:8p21.2	del	8p21.2	1.5231e-13	8.5226e-05	8	6505116	36642339	DEFA4
del:8p21.2	del	8p21.2	1.5231e-13	8.5226e-05	8	6505116	36642339	DEFA5
del:8p21.2	del	8p21.2	1.5231e-13	8.5226e-05	8	6505116	36642339	DEFA6
del:8p21.2	del	8p21.2	1.5231e-13	8.5226e-05	8	6505116	36642339	DEFB1
del:8p21.2	del	8p21.2	1.5231e-13	8.5226e-05	8	6505116	36642339	DEFB4A
del:8p21.2	del	8p21.2	1.5231e-13	8.5226e-05	8	6505116	36642339	DPYSL2
del:8p21.2	del	8p21.2	1.5231e-13	8.5226e-05	8	6505116	36642339	DUSP4
del:8p21.2	del	8p21.2	1.5231e-13	8.5226e-05	8	6505116	36642339	EGR3
del:8p21.2	del	8p21.2	1.5231e-13	8.5226e-05	8	6505116	36642339	EPB49
del:8p21.2	del	8p21.2	1.5231e-13	8.5226e-05	8	6505116	36642339	EPHX2
del:8p21.2	del	8p21.2	1.5231e-13	8.5226e-05	8	6505116	36642339	EXTL3
del:8p21.2	del	8p21.2	1.5231e-13	8.5226e-05	8	6505116	36642339	PTK2B
del:8p21.2	del	8p21.2	1.5231e-13	8.5226e-05	8	6505116	36642339	FDFT1
del:8p21.2	del	8p21.2	1.5231e-13	8.5226e-05	8	6505116	36642339	FGL1
del:8p21.2	del	8p21.2	1.5231e-13	8.5226e-05	8	6505116	36642339	GATA4
del:8p21.2	del	8p21.2	1.5231e-13	8.5226e-05	8	6505116	36642339	GFRA2
del:8p21.2	del	8p21.2	1.5231e-13	8.5226e-05	8	6505116	36642339	GNRH1
del:8p21.2	del	8p21.2	1.5231e-13	8.5226e-05	8	6505116	36642339	GSR
del:8p21.2	del	8p21.2	1.5231e-13	8.5226e-05	8	6505116	36642339	GTF2E2
del:8p21.2	del	8p21.2	1.5231e-13	8.5226e-05	8	6505116	36642339	NRG1
del:8p21.2	del	8p21.2	1.5231e-13	8.5226e-05	8	6505116	36642339	LOXL2
del:8p21.2	del	8p21.2	1.5231e-13	8.5226e-05	8	6505116	36642339	LPL
del:8p21.2	del	8p21.2	1.5231e-13	8.5226e-05	8	6505116	36642339	MSR1
del:8p21.2	del	8p21.2	1.5231e-13	8.5226e-05	8	6505116	36642339	MSRA
del:8p21.2	del	8p21.2	1.5231e-13	8.5226e-05	8	6505116	36642339	NEFM
del:8p21.2	del	8p21.2	1.5231e-13	8.5226e-05	8	6505116	36642339	NEFL
del:8p21.2	del	8p21.2	1.5231e-13	8.5226e-05	8	6505116	36642339	NKX3-1
del:8p21.2	del	8p21.2	1.5231e-13	8.5226e-05	8	6505116	36642339	PCM1
del:8p21.2	del	8p21.2	1.5231e-13	8.5226e-05	8	6505116	36642339	PDGFRL
del:8p21.2	del	8p21.2	1.5231e-13	8.5226e-05	8	6505116	36642339	PNOC
del:8p21.2	del	8p21.2	1.5231e-13	8.5226e-05	8	6505116	36642339	PPP2CB
del:8p21.2	del	8p21.2	1.5231e-13	8.5226e-05	8	6505116	36642339	PPP2R2A
del:8p21.2	del	8p21.2	1.5231e-13	8.5226e-05	8	6505116	36642339	PPP3CC
del:8p21.2	del	8p21.2	1.5231e-13	8.5226e-05	8	6505116	36642339	SFTPC
del:8p21.2	del	8p21.2	1.5231e-13	8.5226e-05	8	6505116	36642339	SLC7A2
del:8p21.2	del	8p21.2	1.5231e-13	8.5226e-05	8	6505116	36642339	SLC18A1
del:8p21.2	del	8p21.2	1.5231e-13	8.5226e-05	8	6505116	36642339	STC1
del:8p21.2	del	8p21.2	1.5231e-13	8.5226e-05	8	6505116	36642339	WRN
del:8p21.2	del	8p21.2	1.5231e-13	8.5226e-05	8	6505116	36642339	FZD3
del:8p21.2	del	8p21.2	1.5231e-13	8.5226e-05	8	6505116	36642339	TUSC3
del:8p21.2	del	8p21.2	1.5231e-13	8.5226e-05	8	6505116	36642339	UBXN8
del:8p21.2	del	8p21.2	1.5231e-13	8.5226e-05	8	6505116	36642339	TNKS
del:8p21.2	del	8p21.2	1.5231e-13	8.5226e-05	8	6505116	36642339	ADAM7
del:8p21.2	del	8p21.2	1.5231e-13	8.5226e-05	8	6505116	36642339	TNFRSF10D
del:8p21.2	del	8p21.2	1.5231e-13	8.5226e-05	8	6505116	36642339	TNFRSF10C
del:8p21.2	del	8p21.2	1.5231e-13	8.5226e-05	8	6505116	36642339	TNFRSF10B
del:8p21.2	del	8p21.2	1.5231e-13	8.5226e-05	8	6505116	36642339	TNFRSF10A
del:8p21.2	del	8p21.2	1.5231e-13	8.5226e-05	8	6505116	36642339	FGF17
del:8p21.2	del	8p21.2	1.5231e-13	8.5226e-05	8	6505116	36642339	DOK2
del:8p21.2	del	8p21.2	1.5231e-13	8.5226e-05	8	6505116	36642339	MTMR7
del:8p21.2	del	8p21.2	1.5231e-13	8.5226e-05	8	6505116	36642339	MFHAS1
del:8p21.2	del	8p21.2	1.5231e-13	8.5226e-05	8	6505116	36642339	ENTPD4
del:8p21.2	del	8p21.2	1.5231e-13	8.5226e-05	8	6505116	36642339	PHYHIP
del:8p21.2	del	8p21.2	1.5231e-13	8.5226e-05	8	6505116	36642339	SORBS3
del:8p21.2	del	8p21.2	1.5231e-13	8.5226e-05	8	6505116	36642339	NPM2
del:8p21.2	del	8p21.2	1.5231e-13	8.5226e-05	8	6505116	36642339	DLC1
del:8p21.2	del	8p21.2	1.5231e-13	8.5226e-05	8	6505116	36642339	SPAG11B|10407|2of2
del:8p21.2	del	8p21.2	1.5231e-13	8.5226e-05	8	6505116	36642339	DCTN6
del:8p21.2	del	8p21.2	1.5231e-13	8.5226e-05	8	6505116	36642339	PNMA2
del:8p21.2	del	8p21.2	1.5231e-13	8.5226e-05	8	6505116	36642339	ADAM28
del:8p21.2	del	8p21.2	1.5231e-13	8.5226e-05	8	6505116	36642339	RBPMS
del:8p21.2	del	8p21.2	1.5231e-13	8.5226e-05	8	6505116	36642339	LZTS1
del:8p21.2	del	8p21.2	1.5231e-13	8.5226e-05	8	6505116	36642339	XPO7
del:8p21.2	del	8p21.2	1.5231e-13	8.5226e-05	8	6505116	36642339	TRIM35
del:8p21.2	del	8p21.2	1.5231e-13	8.5226e-05	8	6505116	36642339	RHOBTB2
del:8p21.2	del	8p21.2	1.5231e-13	8.5226e-05	8	6505116	36642339	KIF13B
del:8p21.2	del	8p21.2	1.5231e-13	8.5226e-05	8	6505116	36642339	PSD3
del:8p21.2	del	8p21.2	1.5231e-13	8.5226e-05	8	6505116	36642339	LEPROTL1
del:8p21.2	del	8p21.2	1.5231e-13	8.5226e-05	8	6505116	36642339	SLC39A14
del:8p21.2	del	8p21.2	1.5231e-13	8.5226e-05	8	6505116	36642339	FGF20
del:8p21.2	del	8p21.2	1.5231e-13	8.5226e-05	8	6505116	36642339	ADAMDEC1
del:8p21.2	del	8p21.2	1.5231e-13	8.5226e-05	8	6505116	36642339	CNOT7
del:8p21.2	del	8p21.2	1.5231e-13	8.5226e-05	8	6505116	36642339	PURG
del:8p21.2	del	8p21.2	1.5231e-13	8.5226e-05	8	6505116	36642339	ZDHHC2
del:8p21.2	del	8p21.2	1.5231e-13	8.5226e-05	8	6505116	36642339	SLC25A37
del:8p21.2	del	8p21.2	1.5231e-13	8.5226e-05	8	6505116	36642339	SCARA3
del:8p21.2	del	8p21.2	1.5231e-13	8.5226e-05	8	6505116	36642339	TMEM66
del:8p21.2	del	8p21.2	1.5231e-13	8.5226e-05	8	6505116	36642339	KCTD9
del:8p21.2	del	8p21.2	1.5231e-13	8.5226e-05	8	6505116	36642339	PINX1
del:8p21.2	del	8p21.2	1.5231e-13	8.5226e-05	8	6505116	36642339	PIWIL2
del:8p21.2	del	8p21.2	1.5231e-13	8.5226e-05	8	6505116	36642339	ELP3
del:8p21.2	del	8p21.2	1.5231e-13	8.5226e-05	8	6505116	36642339	INTS10
del:8p21.2	del	8p21.2	1.5231e-13	8.5226e-05	8	6505116	36642339	CCDC25
del:8p21.2	del	8p21.2	1.5231e-13	8.5226e-05	8	6505116	36642339	AGPAT5
del:8p21.2	del	8p21.2	1.5231e-13	8.5226e-05	8	6505116	36642339	INTS9
del:8p21.2	del	8p21.2	1.5231e-13	8.5226e-05	8	6505116	36642339	CSGALNACT1
del:8p21.2	del	8p21.2	1.5231e-13	8.5226e-05	8	6505116	36642339	HR
del:8p21.2	del	8p21.2	1.5231e-13	8.5226e-05	8	6505116	36642339	PBK
del:8p21.2	del	8p21.2	1.5231e-13	8.5226e-05	8	6505116	36642339	ZNF395
del:8p21.2	del	8p21.2	1.5231e-13	8.5226e-05	8	6505116	36642339	BIN3
del:8p21.2	del	8p21.2	1.5231e-13	8.5226e-05	8	6505116	36642339	TEX15
del:8p21.2	del	8p21.2	1.5231e-13	8.5226e-05	8	6505116	36642339	MTUS1
del:8p21.2	del	8p21.2	1.5231e-13	8.5226e-05	8	6505116	36642339	C8orf79
del:8p21.2	del	8p21.2	1.5231e-13	8.5226e-05	8	6505116	36642339	KIAA1967
del:8p21.2	del	8p21.2	1.5231e-13	8.5226e-05	8	6505116	36642339	SH2D4A
del:8p21.2	del	8p21.2	1.5231e-13	8.5226e-05	8	6505116	36642339	PDLIM2
del:8p21.2	del	8p21.2	1.5231e-13	8.5226e-05	8	6505116	36642339	EBF2
del:8p21.2	del	8p21.2	1.5231e-13	8.5226e-05	8	6505116	36642339	FAM160B2
del:8p21.2	del	8p21.2	1.5231e-13	8.5226e-05	8	6505116	36642339	MTMR9
del:8p21.2	del	8p21.2	1.5231e-13	8.5226e-05	8	6505116	36642339	DUSP26
del:8p21.2	del	8p21.2	1.5231e-13	8.5226e-05	8	6505116	36642339	HMBOX1
del:8p21.2	del	8p21.2	1.5231e-13	8.5226e-05	8	6505116	36642339	PPP1R3B
del:8p21.2	del	8p21.2	1.5231e-13	8.5226e-05	8	6505116	36642339	RNF122
del:8p21.2	del	8p21.2	1.5231e-13	8.5226e-05	8	6505116	36642339	NUDT18
del:8p21.2	del	8p21.2	1.5231e-13	8.5226e-05	8	6505116	36642339	DOCK5
del:8p21.2	del	8p21.2	1.5231e-13	8.5226e-05	8	6505116	36642339	FLJ14107
del:8p21.2	del	8p21.2	1.5231e-13	8.5226e-05	8	6505116	36642339	C8orf41
del:8p21.2	del	8p21.2	1.5231e-13	8.5226e-05	8	6505116	36642339	REEP4
del:8p21.2	del	8p21.2	1.5231e-13	8.5226e-05	8	6505116	36642339	STMN4
del:8p21.2	del	8p21.2	1.5231e-13	8.5226e-05	8	6505116	36642339	SOX7
del:8p21.2	del	8p21.2	1.5231e-13	8.5226e-05	8	6505116	36642339	FAM167A
del:8p21.2	del	8p21.2	1.5231e-13	8.5226e-05	8	6505116	36642339	AMAC1L2
del:8p21.2	del	8p21.2	1.5231e-13	8.5226e-05	8	6505116	36642339	C8orf12
del:8p21.2	del	8p21.2	1.5231e-13	8.5226e-05	8	6505116	36642339	MAK16
del:8p21.2	del	8p21.2	1.5231e-13	8.5226e-05	8	6505116	36642339	FUT10
del:8p21.2	del	8p21.2	1.5231e-13	8.5226e-05	8	6505116	36642339	FAM86B1
del:8p21.2	del	8p21.2	1.5231e-13	8.5226e-05	8	6505116	36642339	ERI1
del:8p21.2	del	8p21.2	1.5231e-13	8.5226e-05	8	6505116	36642339	LONRF1
del:8p21.2	del	8p21.2	1.5231e-13	8.5226e-05	8	6505116	36642339	CHMP7
del:8p21.2	del	8p21.2	1.5231e-13	8.5226e-05	8	6505116	36642339	RP1L1
del:8p21.2	del	8p21.2	1.5231e-13	8.5226e-05	8	6505116	36642339	CLDN23
del:8p21.2	del	8p21.2	1.5231e-13	8.5226e-05	8	6505116	36642339	VPS37A
del:8p21.2	del	8p21.2	1.5231e-13	8.5226e-05	8	6505116	36642339	NKX2-6
del:8p21.2	del	8p21.2	1.5231e-13	8.5226e-05	8	6505116	36642339	SGCZ
del:8p21.2	del	8p21.2	1.5231e-13	8.5226e-05	8	6505116	36642339	UNC5D
del:8p21.2	del	8p21.2	1.5231e-13	8.5226e-05	8	6505116	36642339	DEFB104A|140596|2of2
del:8p21.2	del	8p21.2	1.5231e-13	8.5226e-05	8	6505116	36642339	SGK223
del:8p21.2	del	8p21.2	1.5231e-13	8.5226e-05	8	6505116	36642339	PEBP4
del:8p21.2	del	8p21.2	1.5231e-13	8.5226e-05	8	6505116	36642339	CDCA2
del:8p21.2	del	8p21.2	1.5231e-13	8.5226e-05	8	6505116	36642339	ESCO2
del:8p21.2	del	8p21.2	1.5231e-13	8.5226e-05	8	6505116	36642339	FBXO16
del:8p21.2	del	8p21.2	1.5231e-13	8.5226e-05	8	6505116	36642339	LOC157627
del:8p21.2	del	8p21.2	1.5231e-13	8.5226e-05	8	6505116	36642339	TDH
del:8p21.2	del	8p21.2	1.5231e-13	8.5226e-05	8	6505116	36642339	C8orf48
del:8p21.2	del	8p21.2	1.5231e-13	8.5226e-05	8	6505116	36642339	R3HCC1
del:8p21.2	del	8p21.2	1.5231e-13	8.5226e-05	8	6505116	36642339	PRSS55
del:8p21.2	del	8p21.2	1.5231e-13	8.5226e-05	8	6505116	36642339	C8orf74
del:8p21.2	del	8p21.2	1.5231e-13	8.5226e-05	8	6505116	36642339	LGI3
del:8p21.2	del	8p21.2	1.5231e-13	8.5226e-05	8	6505116	36642339	DEFB105A|245908|2of2
del:8p21.2	del	8p21.2	1.5231e-13	8.5226e-05	8	6505116	36642339	DEFB106A|245909|2of2
del:8p21.2	del	8p21.2	1.5231e-13	8.5226e-05	8	6505116	36642339	DEFB107A|245910|2of2
del:8p21.2	del	8p21.2	1.5231e-13	8.5226e-05	8	6505116	36642339	DEFB109P1
del:8p21.2	del	8p21.2	1.5231e-13	8.5226e-05	8	6505116	36642339	DEFB130|245940|2of2
del:8p21.2	del	8p21.2	1.5231e-13	8.5226e-05	8	6505116	36642339	NEIL2
del:8p21.2	del	8p21.2	1.5231e-13	8.5226e-05	8	6505116	36642339	FLJ10661
del:8p21.2	del	8p21.2	1.5231e-13	8.5226e-05	8	6505116	36642339	XKR6
del:8p21.2	del	8p21.2	1.5231e-13	8.5226e-05	8	6505116	36642339	EFHA2
del:8p21.2	del	8p21.2	1.5231e-13	8.5226e-05	8	6505116	36642339	SCARA5
del:8p21.2	del	8p21.2	1.5231e-13	8.5226e-05	8	6505116	36642339	LOC286135
del:8p21.2	del	8p21.2	1.5231e-13	8.5226e-05	8	6505116	36642339	LOC340357
del:8p21.2	del	8p21.2	1.5231e-13	8.5226e-05	8	6505116	36642339	LOC349196
del:8p21.2	del	8p21.2	1.5231e-13	8.5226e-05	8	6505116	36642339	USP17L2
del:8p21.2	del	8p21.2	1.5231e-13	8.5226e-05	8	6505116	36642339	XKR5
del:8p21.2	del	8p21.2	1.5231e-13	8.5226e-05	8	6505116	36642339	C8orf80
del:8p21.2	del	8p21.2	1.5231e-13	8.5226e-05	8	6505116	36642339	LOC392196
del:8p21.2	del	8p21.2	1.5231e-13	8.5226e-05	8	6505116	36642339	DEFB103B|414325|2of2
del:8p21.2	del	8p21.2	1.5231e-13	8.5226e-05	8	6505116	36642339	FAM90A7
del:8p21.2	del	8p21.2	1.5231e-13	8.5226e-05	8	6505116	36642339	C8orf58
del:8p21.2	del	8p21.2	1.5231e-13	8.5226e-05	8	6505116	36642339	DEFB135
del:8p21.2	del	8p21.2	1.5231e-13	8.5226e-05	8	6505116	36642339	DEFB136
del:8p21.2	del	8p21.2	1.5231e-13	8.5226e-05	8	6505116	36642339	DEFB134
del:8p21.2	del	8p21.2	1.5231e-13	8.5226e-05	8	6505116	36642339	C8orf75
del:8p21.2	del	8p21.2	1.5231e-13	8.5226e-05	8	6505116	36642339	MBOAT4
del:8p21.2	del	8p21.2	1.5231e-13	8.5226e-05	8	6505116	36642339	DEFB109P1B|641517|2of2
del:8p21.2	del	8p21.2	1.5231e-13	8.5226e-05	8	6505116	36642339	FAM86B2
del:8p21.2	del	8p21.2	1.5231e-13	8.5226e-05	8	6505116	36642339	SPAG11A
del:8p21.2	del	8p21.2	1.5231e-13	8.5226e-05	8	6505116	36642339	DEFA1B|728358|3of3
del:8p21.2	del	8p21.2	1.5231e-13	8.5226e-05	8	6505116	36642339	ZNF705D
del:8p21.2	del	8p21.2	1.5231e-13	8.5226e-05	8	6505116	36642339	FAM66E
del:8p21.2	del	8p21.2	1.5231e-13	8.5226e-05	8	6505116	36642339	FAM66D
del:8p21.2	del	8p21.2	1.5231e-13	8.5226e-05	8	6505116	36642339	FAM66A
del:8p23.3	del	8p23.3	9.2195e-13	0.00011891	8	1	35110688	hsa-mir-4288
del:8p23.3	del	8p23.3	9.2195e-13	0.00011891	8	1	35110688	hsa-mir-4287
del:8p23.3	del	8p23.3	9.2195e-13	0.00011891	8	1	35110688	hsa-mir-4286
del:8p23.3	del	8p23.3	9.2195e-13	0.00011891	8	1	35110688	hsa-mir-3148
del:8p23.3	del	8p23.3	9.2195e-13	0.00011891	8	1	35110688	hsa-mir-548v
del:8p23.3	del	8p23.3	9.2195e-13	0.00011891	8	1	35110688	hsa-mir-1322
del:8p23.3	del	8p23.3	9.2195e-13	0.00011891	8	1	35110688	hsa-mir-548i-3
del:8p23.3	del	8p23.3	9.2195e-13	0.00011891	8	1	35110688	hsa-mir-548h-4
del:8p23.3	del	8p23.3	9.2195e-13	0.00011891	8	1	35110688	hsa-mir-598
del:8p23.3	del	8p23.3	9.2195e-13	0.00011891	8	1	35110688	hsa-mir-597
del:8p23.3	del	8p23.3	9.2195e-13	0.00011891	8	1	35110688	hsa-mir-596
del:8p23.3	del	8p23.3	9.2195e-13	0.00011891	8	1	35110688	hsa-mir-383
del:8p23.3	del	8p23.3	9.2195e-13	0.00011891	8	1	35110688	hsa-mir-320a
del:8p23.3	del	8p23.3	9.2195e-13	0.00011891	8	1	35110688	hsa-mir-124-1
del:8p23.3	del	8p23.3	9.2195e-13	0.00011891	8	1	35110688	NAT1
del:8p23.3	del	8p23.3	9.2195e-13	0.00011891	8	1	35110688	NAT2
del:8p23.3	del	8p23.3	9.2195e-13	0.00011891	8	1	35110688	ADRA1A
del:8p23.3	del	8p23.3	9.2195e-13	0.00011891	8	1	35110688	ANGPT2
del:8p23.3	del	8p23.3	9.2195e-13	0.00011891	8	1	35110688	ASAH1
del:8p23.3	del	8p23.3	9.2195e-13	0.00011891	8	1	35110688	ATP6V1B2
del:8p23.3	del	8p23.3	9.2195e-13	0.00011891	8	1	35110688	BLK
del:8p23.3	del	8p23.3	9.2195e-13	0.00011891	8	1	35110688	BMP1
del:8p23.3	del	8p23.3	9.2195e-13	0.00011891	8	1	35110688	POLR3D
del:8p23.3	del	8p23.3	9.2195e-13	0.00011891	8	1	35110688	BNIP3L
del:8p23.3	del	8p23.3	9.2195e-13	0.00011891	8	1	35110688	CHRNA2
del:8p23.3	del	8p23.3	9.2195e-13	0.00011891	8	1	35110688	CLU
del:8p23.3	del	8p23.3	9.2195e-13	0.00011891	8	1	35110688	CTSB
del:8p23.3	del	8p23.3	9.2195e-13	0.00011891	8	1	35110688	DEFA4
del:8p23.3	del	8p23.3	9.2195e-13	0.00011891	8	1	35110688	DEFA5
del:8p23.3	del	8p23.3	9.2195e-13	0.00011891	8	1	35110688	DEFA6
del:8p23.3	del	8p23.3	9.2195e-13	0.00011891	8	1	35110688	DEFB1
del:8p23.3	del	8p23.3	9.2195e-13	0.00011891	8	1	35110688	DEFB4A
del:8p23.3	del	8p23.3	9.2195e-13	0.00011891	8	1	35110688	DPYSL2
del:8p23.3	del	8p23.3	9.2195e-13	0.00011891	8	1	35110688	DUSP4
del:8p23.3	del	8p23.3	9.2195e-13	0.00011891	8	1	35110688	EGR3
del:8p23.3	del	8p23.3	9.2195e-13	0.00011891	8	1	35110688	EPB49
del:8p23.3	del	8p23.3	9.2195e-13	0.00011891	8	1	35110688	EPHX2
del:8p23.3	del	8p23.3	9.2195e-13	0.00011891	8	1	35110688	CLN8
del:8p23.3	del	8p23.3	9.2195e-13	0.00011891	8	1	35110688	EXTL3
del:8p23.3	del	8p23.3	9.2195e-13	0.00011891	8	1	35110688	PTK2B
del:8p23.3	del	8p23.3	9.2195e-13	0.00011891	8	1	35110688	FDFT1
del:8p23.3	del	8p23.3	9.2195e-13	0.00011891	8	1	35110688	FGL1
del:8p23.3	del	8p23.3	9.2195e-13	0.00011891	8	1	35110688	GATA4
del:8p23.3	del	8p23.3	9.2195e-13	0.00011891	8	1	35110688	GFRA2
del:8p23.3	del	8p23.3	9.2195e-13	0.00011891	8	1	35110688	GNRH1
del:8p23.3	del	8p23.3	9.2195e-13	0.00011891	8	1	35110688	GSR
del:8p23.3	del	8p23.3	9.2195e-13	0.00011891	8	1	35110688	GTF2E2
del:8p23.3	del	8p23.3	9.2195e-13	0.00011891	8	1	35110688	NRG1
del:8p23.3	del	8p23.3	9.2195e-13	0.00011891	8	1	35110688	LOXL2
del:8p23.3	del	8p23.3	9.2195e-13	0.00011891	8	1	35110688	LPL
del:8p23.3	del	8p23.3	9.2195e-13	0.00011891	8	1	35110688	MSR1
del:8p23.3	del	8p23.3	9.2195e-13	0.00011891	8	1	35110688	MSRA
del:8p23.3	del	8p23.3	9.2195e-13	0.00011891	8	1	35110688	NEFM
del:8p23.3	del	8p23.3	9.2195e-13	0.00011891	8	1	35110688	NEFL
del:8p23.3	del	8p23.3	9.2195e-13	0.00011891	8	1	35110688	NKX3-1
del:8p23.3	del	8p23.3	9.2195e-13	0.00011891	8	1	35110688	PCM1
del:8p23.3	del	8p23.3	9.2195e-13	0.00011891	8	1	35110688	PDGFRL
del:8p23.3	del	8p23.3	9.2195e-13	0.00011891	8	1	35110688	PNOC
del:8p23.3	del	8p23.3	9.2195e-13	0.00011891	8	1	35110688	PPP2CB
del:8p23.3	del	8p23.3	9.2195e-13	0.00011891	8	1	35110688	PPP2R2A
del:8p23.3	del	8p23.3	9.2195e-13	0.00011891	8	1	35110688	PPP3CC
del:8p23.3	del	8p23.3	9.2195e-13	0.00011891	8	1	35110688	SFTPC
del:8p23.3	del	8p23.3	9.2195e-13	0.00011891	8	1	35110688	SLC7A2
del:8p23.3	del	8p23.3	9.2195e-13	0.00011891	8	1	35110688	SLC18A1
del:8p23.3	del	8p23.3	9.2195e-13	0.00011891	8	1	35110688	STC1
del:8p23.3	del	8p23.3	9.2195e-13	0.00011891	8	1	35110688	WRN
del:8p23.3	del	8p23.3	9.2195e-13	0.00011891	8	1	35110688	FZD3
del:8p23.3	del	8p23.3	9.2195e-13	0.00011891	8	1	35110688	TUSC3
del:8p23.3	del	8p23.3	9.2195e-13	0.00011891	8	1	35110688	UBXN8
del:8p23.3	del	8p23.3	9.2195e-13	0.00011891	8	1	35110688	TNKS
del:8p23.3	del	8p23.3	9.2195e-13	0.00011891	8	1	35110688	ADAM7
del:8p23.3	del	8p23.3	9.2195e-13	0.00011891	8	1	35110688	TNFRSF10D
del:8p23.3	del	8p23.3	9.2195e-13	0.00011891	8	1	35110688	TNFRSF10C
del:8p23.3	del	8p23.3	9.2195e-13	0.00011891	8	1	35110688	TNFRSF10B
del:8p23.3	del	8p23.3	9.2195e-13	0.00011891	8	1	35110688	TNFRSF10A
del:8p23.3	del	8p23.3	9.2195e-13	0.00011891	8	1	35110688	FGF17
del:8p23.3	del	8p23.3	9.2195e-13	0.00011891	8	1	35110688	DOK2
del:8p23.3	del	8p23.3	9.2195e-13	0.00011891	8	1	35110688	MTMR7
del:8p23.3	del	8p23.3	9.2195e-13	0.00011891	8	1	35110688	MYOM2
del:8p23.3	del	8p23.3	9.2195e-13	0.00011891	8	1	35110688	DLGAP2
del:8p23.3	del	8p23.3	9.2195e-13	0.00011891	8	1	35110688	MFHAS1
del:8p23.3	del	8p23.3	9.2195e-13	0.00011891	8	1	35110688	ENTPD4
del:8p23.3	del	8p23.3	9.2195e-13	0.00011891	8	1	35110688	ARHGEF10
del:8p23.3	del	8p23.3	9.2195e-13	0.00011891	8	1	35110688	PHYHIP
del:8p23.3	del	8p23.3	9.2195e-13	0.00011891	8	1	35110688	KBTBD11
del:8p23.3	del	8p23.3	9.2195e-13	0.00011891	8	1	35110688	SORBS3
del:8p23.3	del	8p23.3	9.2195e-13	0.00011891	8	1	35110688	NPM2
del:8p23.3	del	8p23.3	9.2195e-13	0.00011891	8	1	35110688	DLC1
del:8p23.3	del	8p23.3	9.2195e-13	0.00011891	8	1	35110688	SPAG11B|10407|2of2
del:8p23.3	del	8p23.3	9.2195e-13	0.00011891	8	1	35110688	DCTN6
del:8p23.3	del	8p23.3	9.2195e-13	0.00011891	8	1	35110688	PNMA2
del:8p23.3	del	8p23.3	9.2195e-13	0.00011891	8	1	35110688	ADAM28
del:8p23.3	del	8p23.3	9.2195e-13	0.00011891	8	1	35110688	RBPMS
del:8p23.3	del	8p23.3	9.2195e-13	0.00011891	8	1	35110688	LZTS1
del:8p23.3	del	8p23.3	9.2195e-13	0.00011891	8	1	35110688	XPO7
del:8p23.3	del	8p23.3	9.2195e-13	0.00011891	8	1	35110688	TRIM35
del:8p23.3	del	8p23.3	9.2195e-13	0.00011891	8	1	35110688	RHOBTB2
del:8p23.3	del	8p23.3	9.2195e-13	0.00011891	8	1	35110688	KIF13B
del:8p23.3	del	8p23.3	9.2195e-13	0.00011891	8	1	35110688	PSD3
del:8p23.3	del	8p23.3	9.2195e-13	0.00011891	8	1	35110688	LEPROTL1
del:8p23.3	del	8p23.3	9.2195e-13	0.00011891	8	1	35110688	SLC39A14
del:8p23.3	del	8p23.3	9.2195e-13	0.00011891	8	1	35110688	FBXO25
del:8p23.3	del	8p23.3	9.2195e-13	0.00011891	8	1	35110688	FGF20
del:8p23.3	del	8p23.3	9.2195e-13	0.00011891	8	1	35110688	ADAMDEC1
del:8p23.3	del	8p23.3	9.2195e-13	0.00011891	8	1	35110688	CNOT7
del:8p23.3	del	8p23.3	9.2195e-13	0.00011891	8	1	35110688	PURG
del:8p23.3	del	8p23.3	9.2195e-13	0.00011891	8	1	35110688	ZDHHC2
del:8p23.3	del	8p23.3	9.2195e-13	0.00011891	8	1	35110688	SLC25A37
del:8p23.3	del	8p23.3	9.2195e-13	0.00011891	8	1	35110688	SCARA3
del:8p23.3	del	8p23.3	9.2195e-13	0.00011891	8	1	35110688	TMEM66
del:8p23.3	del	8p23.3	9.2195e-13	0.00011891	8	1	35110688	KCTD9
del:8p23.3	del	8p23.3	9.2195e-13	0.00011891	8	1	35110688	PINX1
del:8p23.3	del	8p23.3	9.2195e-13	0.00011891	8	1	35110688	PIWIL2
del:8p23.3	del	8p23.3	9.2195e-13	0.00011891	8	1	35110688	ELP3
del:8p23.3	del	8p23.3	9.2195e-13	0.00011891	8	1	35110688	INTS10
del:8p23.3	del	8p23.3	9.2195e-13	0.00011891	8	1	35110688	CCDC25
del:8p23.3	del	8p23.3	9.2195e-13	0.00011891	8	1	35110688	AGPAT5
del:8p23.3	del	8p23.3	9.2195e-13	0.00011891	8	1	35110688	INTS9
del:8p23.3	del	8p23.3	9.2195e-13	0.00011891	8	1	35110688	CSGALNACT1
del:8p23.3	del	8p23.3	9.2195e-13	0.00011891	8	1	35110688	HR
del:8p23.3	del	8p23.3	9.2195e-13	0.00011891	8	1	35110688	PBK
del:8p23.3	del	8p23.3	9.2195e-13	0.00011891	8	1	35110688	ZNF395
del:8p23.3	del	8p23.3	9.2195e-13	0.00011891	8	1	35110688	BIN3
del:8p23.3	del	8p23.3	9.2195e-13	0.00011891	8	1	35110688	TEX15
del:8p23.3	del	8p23.3	9.2195e-13	0.00011891	8	1	35110688	MTUS1
del:8p23.3	del	8p23.3	9.2195e-13	0.00011891	8	1	35110688	C8orf79
del:8p23.3	del	8p23.3	9.2195e-13	0.00011891	8	1	35110688	KIAA1967
del:8p23.3	del	8p23.3	9.2195e-13	0.00011891	8	1	35110688	SH2D4A
del:8p23.3	del	8p23.3	9.2195e-13	0.00011891	8	1	35110688	PDLIM2
del:8p23.3	del	8p23.3	9.2195e-13	0.00011891	8	1	35110688	CSMD1
del:8p23.3	del	8p23.3	9.2195e-13	0.00011891	8	1	35110688	EBF2
del:8p23.3	del	8p23.3	9.2195e-13	0.00011891	8	1	35110688	FAM160B2
del:8p23.3	del	8p23.3	9.2195e-13	0.00011891	8	1	35110688	MTMR9
del:8p23.3	del	8p23.3	9.2195e-13	0.00011891	8	1	35110688	DUSP26
del:8p23.3	del	8p23.3	9.2195e-13	0.00011891	8	1	35110688	HMBOX1
del:8p23.3	del	8p23.3	9.2195e-13	0.00011891	8	1	35110688	MCPH1
del:8p23.3	del	8p23.3	9.2195e-13	0.00011891	8	1	35110688	PPP1R3B
del:8p23.3	del	8p23.3	9.2195e-13	0.00011891	8	1	35110688	RNF122
del:8p23.3	del	8p23.3	9.2195e-13	0.00011891	8	1	35110688	NUDT18
del:8p23.3	del	8p23.3	9.2195e-13	0.00011891	8	1	35110688	DOCK5
del:8p23.3	del	8p23.3	9.2195e-13	0.00011891	8	1	35110688	FLJ14107
del:8p23.3	del	8p23.3	9.2195e-13	0.00011891	8	1	35110688	C8orf41
del:8p23.3	del	8p23.3	9.2195e-13	0.00011891	8	1	35110688	REEP4
del:8p23.3	del	8p23.3	9.2195e-13	0.00011891	8	1	35110688	STMN4
del:8p23.3	del	8p23.3	9.2195e-13	0.00011891	8	1	35110688	SOX7
del:8p23.3	del	8p23.3	9.2195e-13	0.00011891	8	1	35110688	FAM167A
del:8p23.3	del	8p23.3	9.2195e-13	0.00011891	8	1	35110688	AMAC1L2
del:8p23.3	del	8p23.3	9.2195e-13	0.00011891	8	1	35110688	C8orf12
del:8p23.3	del	8p23.3	9.2195e-13	0.00011891	8	1	35110688	MAK16
del:8p23.3	del	8p23.3	9.2195e-13	0.00011891	8	1	35110688	FUT10
del:8p23.3	del	8p23.3	9.2195e-13	0.00011891	8	1	35110688	FAM86B1
del:8p23.3	del	8p23.3	9.2195e-13	0.00011891	8	1	35110688	ERI1
del:8p23.3	del	8p23.3	9.2195e-13	0.00011891	8	1	35110688	LONRF1
del:8p23.3	del	8p23.3	9.2195e-13	0.00011891	8	1	35110688	CHMP7
del:8p23.3	del	8p23.3	9.2195e-13	0.00011891	8	1	35110688	RP1L1
del:8p23.3	del	8p23.3	9.2195e-13	0.00011891	8	1	35110688	CLDN23
del:8p23.3	del	8p23.3	9.2195e-13	0.00011891	8	1	35110688	VPS37A
del:8p23.3	del	8p23.3	9.2195e-13	0.00011891	8	1	35110688	NKX2-6
del:8p23.3	del	8p23.3	9.2195e-13	0.00011891	8	1	35110688	SGCZ
del:8p23.3	del	8p23.3	9.2195e-13	0.00011891	8	1	35110688	DEFB104A|140596|2of2
del:8p23.3	del	8p23.3	9.2195e-13	0.00011891	8	1	35110688	SGK223
del:8p23.3	del	8p23.3	9.2195e-13	0.00011891	8	1	35110688	PEBP4
del:8p23.3	del	8p23.3	9.2195e-13	0.00011891	8	1	35110688	CDCA2
del:8p23.3	del	8p23.3	9.2195e-13	0.00011891	8	1	35110688	ESCO2
del:8p23.3	del	8p23.3	9.2195e-13	0.00011891	8	1	35110688	FBXO16
del:8p23.3	del	8p23.3	9.2195e-13	0.00011891	8	1	35110688	LOC157627
del:8p23.3	del	8p23.3	9.2195e-13	0.00011891	8	1	35110688	C8orf42
del:8p23.3	del	8p23.3	9.2195e-13	0.00011891	8	1	35110688	ERICH1
del:8p23.3	del	8p23.3	9.2195e-13	0.00011891	8	1	35110688	TDH
del:8p23.3	del	8p23.3	9.2195e-13	0.00011891	8	1	35110688	C8orf48
del:8p23.3	del	8p23.3	9.2195e-13	0.00011891	8	1	35110688	ZNF596
del:8p23.3	del	8p23.3	9.2195e-13	0.00011891	8	1	35110688	R3HCC1
del:8p23.3	del	8p23.3	9.2195e-13	0.00011891	8	1	35110688	PRSS55
del:8p23.3	del	8p23.3	9.2195e-13	0.00011891	8	1	35110688	C8orf74
del:8p23.3	del	8p23.3	9.2195e-13	0.00011891	8	1	35110688	LGI3
del:8p23.3	del	8p23.3	9.2195e-13	0.00011891	8	1	35110688	DEFB105A|245908|2of2
del:8p23.3	del	8p23.3	9.2195e-13	0.00011891	8	1	35110688	DEFB106A|245909|2of2
del:8p23.3	del	8p23.3	9.2195e-13	0.00011891	8	1	35110688	DEFB107A|245910|2of2
del:8p23.3	del	8p23.3	9.2195e-13	0.00011891	8	1	35110688	DEFB109P1
del:8p23.3	del	8p23.3	9.2195e-13	0.00011891	8	1	35110688	DEFB130|245940|2of2
del:8p23.3	del	8p23.3	9.2195e-13	0.00011891	8	1	35110688	NEIL2
del:8p23.3	del	8p23.3	9.2195e-13	0.00011891	8	1	35110688	FLJ10661
del:8p23.3	del	8p23.3	9.2195e-13	0.00011891	8	1	35110688	XKR6
del:8p23.3	del	8p23.3	9.2195e-13	0.00011891	8	1	35110688	EFHA2
del:8p23.3	del	8p23.3	9.2195e-13	0.00011891	8	1	35110688	SCARA5
del:8p23.3	del	8p23.3	9.2195e-13	0.00011891	8	1	35110688	LOC286135
del:8p23.3	del	8p23.3	9.2195e-13	0.00011891	8	1	35110688	LOC340357
del:8p23.3	del	8p23.3	9.2195e-13	0.00011891	8	1	35110688	LOC349196
del:8p23.3	del	8p23.3	9.2195e-13	0.00011891	8	1	35110688	USP17L2
del:8p23.3	del	8p23.3	9.2195e-13	0.00011891	8	1	35110688	XKR5
del:8p23.3	del	8p23.3	9.2195e-13	0.00011891	8	1	35110688	C8orf80
del:8p23.3	del	8p23.3	9.2195e-13	0.00011891	8	1	35110688	LOC392196
del:8p23.3	del	8p23.3	9.2195e-13	0.00011891	8	1	35110688	DEFB103B|414325|2of2
del:8p23.3	del	8p23.3	9.2195e-13	0.00011891	8	1	35110688	OR4F21
del:8p23.3	del	8p23.3	9.2195e-13	0.00011891	8	1	35110688	FAM90A7
del:8p23.3	del	8p23.3	9.2195e-13	0.00011891	8	1	35110688	C8orf58
del:8p23.3	del	8p23.3	9.2195e-13	0.00011891	8	1	35110688	DEFB135
del:8p23.3	del	8p23.3	9.2195e-13	0.00011891	8	1	35110688	DEFB136
del:8p23.3	del	8p23.3	9.2195e-13	0.00011891	8	1	35110688	DEFB134
del:8p23.3	del	8p23.3	9.2195e-13	0.00011891	8	1	35110688	C8orf75
del:8p23.3	del	8p23.3	9.2195e-13	0.00011891	8	1	35110688	MBOAT4
del:8p23.3	del	8p23.3	9.2195e-13	0.00011891	8	1	35110688	DEFB109P1B|641517|2of2
del:8p23.3	del	8p23.3	9.2195e-13	0.00011891	8	1	35110688	RPL23AP53
del:8p23.3	del	8p23.3	9.2195e-13	0.00011891	8	1	35110688	FAM86B2
del:8p23.3	del	8p23.3	9.2195e-13	0.00011891	8	1	35110688	SPAG11A
del:8p23.3	del	8p23.3	9.2195e-13	0.00011891	8	1	35110688	DEFA1B|728358|3of3
del:8p23.3	del	8p23.3	9.2195e-13	0.00011891	8	1	35110688	ZNF705D
del:8p23.3	del	8p23.3	9.2195e-13	0.00011891	8	1	35110688	FAM66E
del:8p23.3	del	8p23.3	9.2195e-13	0.00011891	8	1	35110688	FAM66D
del:8p23.3	del	8p23.3	9.2195e-13	0.00011891	8	1	35110688	FAM66A
del:1p36.32	del	1p36.32	1.2824e-07	0.001087	1	1	23038731	hsa-mir-4252
del:1p36.32	del	1p36.32	1.2824e-07	0.001087	1	1	23038731	hsa-mir-4251
del:1p36.32	del	1p36.32	1.2824e-07	0.001087	1	1	23038731	hsa-mir-1273d
del:1p36.32	del	1p36.32	1.2824e-07	0.001087	1	1	23038731	hsa-mir-1256
del:1p36.32	del	1p36.32	1.2824e-07	0.001087	1	1	23038731	hsa-mir-1302-2
del:1p36.32	del	1p36.32	1.2824e-07	0.001087	1	1	23038731	hsa-mir-1290
del:1p36.32	del	1p36.32	1.2824e-07	0.001087	1	1	23038731	hsa-mir-551a
del:1p36.32	del	1p36.32	1.2824e-07	0.001087	1	1	23038731	hsa-mir-429
del:1p36.32	del	1p36.32	1.2824e-07	0.001087	1	1	23038731	hsa-mir-200a
del:1p36.32	del	1p36.32	1.2824e-07	0.001087	1	1	23038731	hsa-mir-200b
del:1p36.32	del	1p36.32	1.2824e-07	0.001087	1	1	23038731	hsa-mir-34a
del:1p36.32	del	1p36.32	1.2824e-07	0.001087	1	1	23038731	ALPL
del:1p36.32	del	1p36.32	1.2824e-07	0.001087	1	1	23038731	RERE
del:1p36.32	del	1p36.32	1.2824e-07	0.001087	1	1	23038731	C1QA
del:1p36.32	del	1p36.32	1.2824e-07	0.001087	1	1	23038731	C1QB
del:1p36.32	del	1p36.32	1.2824e-07	0.001087	1	1	23038731	C1QC
del:1p36.32	del	1p36.32	1.2824e-07	0.001087	1	1	23038731	CA6
del:1p36.32	del	1p36.32	1.2824e-07	0.001087	1	1	23038731	CAPZB
del:1p36.32	del	1p36.32	1.2824e-07	0.001087	1	1	23038731	CASP9
del:1p36.32	del	1p36.32	1.2824e-07	0.001087	1	1	23038731	TNFRSF8
del:1p36.32	del	1p36.32	1.2824e-07	0.001087	1	1	23038731	CDA
del:1p36.32	del	1p36.32	1.2824e-07	0.001087	1	1	23038731	CDK11B
del:1p36.32	del	1p36.32	1.2824e-07	0.001087	1	1	23038731	CDC42
del:1p36.32	del	1p36.32	1.2824e-07	0.001087	1	1	23038731	CLCN6
del:1p36.32	del	1p36.32	1.2824e-07	0.001087	1	1	23038731	CLCNKA
del:1p36.32	del	1p36.32	1.2824e-07	0.001087	1	1	23038731	CLCNKB
del:1p36.32	del	1p36.32	1.2824e-07	0.001087	1	1	23038731	CORT
del:1p36.32	del	1p36.32	1.2824e-07	0.001087	1	1	23038731	DDOST
del:1p36.32	del	1p36.32	1.2824e-07	0.001087	1	1	23038731	DFFA
del:1p36.32	del	1p36.32	1.2824e-07	0.001087	1	1	23038731	DFFB
del:1p36.32	del	1p36.32	1.2824e-07	0.001087	1	1	23038731	DVL1
del:1p36.32	del	1p36.32	1.2824e-07	0.001087	1	1	23038731	ECE1
del:1p36.32	del	1p36.32	1.2824e-07	0.001087	1	1	23038731	MEGF6
del:1p36.32	del	1p36.32	1.2824e-07	0.001087	1	1	23038731	EPHA2
del:1p36.32	del	1p36.32	1.2824e-07	0.001087	1	1	23038731	ENO1
del:1p36.32	del	1p36.32	1.2824e-07	0.001087	1	1	23038731	EPHA8
del:1p36.32	del	1p36.32	1.2824e-07	0.001087	1	1	23038731	MTOR
del:1p36.32	del	1p36.32	1.2824e-07	0.001087	1	1	23038731	GABRD
del:1p36.32	del	1p36.32	1.2824e-07	0.001087	1	1	23038731	GNB1
del:1p36.32	del	1p36.32	1.2824e-07	0.001087	1	1	23038731	ZBTB48
del:1p36.32	del	1p36.32	1.2824e-07	0.001087	1	1	23038731	HSPG2
del:1p36.32	del	1p36.32	1.2824e-07	0.001087	1	1	23038731	HTR6
del:1p36.32	del	1p36.32	1.2824e-07	0.001087	1	1	23038731	TNFRSF9
del:1p36.32	del	1p36.32	1.2824e-07	0.001087	1	1	23038731	MFAP2
del:1p36.32	del	1p36.32	1.2824e-07	0.001087	1	1	23038731	MTHFR
del:1p36.32	del	1p36.32	1.2824e-07	0.001087	1	1	23038731	NBL1
del:1p36.32	del	1p36.32	1.2824e-07	0.001087	1	1	23038731	NPPA
del:1p36.32	del	1p36.32	1.2824e-07	0.001087	1	1	23038731	NPPB
del:1p36.32	del	1p36.32	1.2824e-07	0.001087	1	1	23038731	PAX7
del:1p36.32	del	1p36.32	1.2824e-07	0.001087	1	1	23038731	PEX10
del:1p36.32	del	1p36.32	1.2824e-07	0.001087	1	1	23038731	PEX14
del:1p36.32	del	1p36.32	1.2824e-07	0.001087	1	1	23038731	PGD
del:1p36.32	del	1p36.32	1.2824e-07	0.001087	1	1	23038731	PIK3CD
del:1p36.32	del	1p36.32	1.2824e-07	0.001087	1	1	23038731	PLA2G2A
del:1p36.32	del	1p36.32	1.2824e-07	0.001087	1	1	23038731	PLA2G5
del:1p36.32	del	1p36.32	1.2824e-07	0.001087	1	1	23038731	PLOD1
del:1p36.32	del	1p36.32	1.2824e-07	0.001087	1	1	23038731	EXOSC10
del:1p36.32	del	1p36.32	1.2824e-07	0.001087	1	1	23038731	PRKCZ
del:1p36.32	del	1p36.32	1.2824e-07	0.001087	1	1	23038731	RAP1GAP
del:1p36.32	del	1p36.32	1.2824e-07	0.001087	1	1	23038731	RPL22
del:1p36.32	del	1p36.32	1.2824e-07	0.001087	1	1	23038731	RSC1A1
del:1p36.32	del	1p36.32	1.2824e-07	0.001087	1	1	23038731	SCNN1D
del:1p36.32	del	1p36.32	1.2824e-07	0.001087	1	1	23038731	SDHB
del:1p36.32	del	1p36.32	1.2824e-07	0.001087	1	1	23038731	SKI
del:1p36.32	del	1p36.32	1.2824e-07	0.001087	1	1	23038731	SLC2A5
del:1p36.32	del	1p36.32	1.2824e-07	0.001087	1	1	23038731	SRM
del:1p36.32	del	1p36.32	1.2824e-07	0.001087	1	1	23038731	TNFRSF1B
del:1p36.32	del	1p36.32	1.2824e-07	0.001087	1	1	23038731	TP73
del:1p36.32	del	1p36.32	1.2824e-07	0.001087	1	1	23038731	TNFRSF4
del:1p36.32	del	1p36.32	1.2824e-07	0.001087	1	1	23038731	ZBTB17
del:1p36.32	del	1p36.32	1.2824e-07	0.001087	1	1	23038731	PRDM2
del:1p36.32	del	1p36.32	1.2824e-07	0.001087	1	1	23038731	MMP23B
del:1p36.32	del	1p36.32	1.2824e-07	0.001087	1	1	23038731	MMP23A
del:1p36.32	del	1p36.32	1.2824e-07	0.001087	1	1	23038731	KCNAB2
del:1p36.32	del	1p36.32	1.2824e-07	0.001087	1	1	23038731	AKR7A2
del:1p36.32	del	1p36.32	1.2824e-07	0.001087	1	1	23038731	ALDH4A1
del:1p36.32	del	1p36.32	1.2824e-07	0.001087	1	1	23038731	EIF4G3
del:1p36.32	del	1p36.32	1.2824e-07	0.001087	1	1	23038731	TNFRSF25
del:1p36.32	del	1p36.32	1.2824e-07	0.001087	1	1	23038731	TNFRSF14
del:1p36.32	del	1p36.32	1.2824e-07	0.001087	1	1	23038731	TNFRSF18
del:1p36.32	del	1p36.32	1.2824e-07	0.001087	1	1	23038731	PER3
del:1p36.32	del	1p36.32	1.2824e-07	0.001087	1	1	23038731	DHRS3
del:1p36.32	del	1p36.32	1.2824e-07	0.001087	1	1	23038731	VAMP3
del:1p36.32	del	1p36.32	1.2824e-07	0.001087	1	1	23038731	H6PD
del:1p36.32	del	1p36.32	1.2824e-07	0.001087	1	1	23038731	ISG15
del:1p36.32	del	1p36.32	1.2824e-07	0.001087	1	1	23038731	PLCH2
del:1p36.32	del	1p36.32	1.2824e-07	0.001087	1	1	23038731	CROCC
del:1p36.32	del	1p36.32	1.2824e-07	0.001087	1	1	23038731	KIAA0562
del:1p36.32	del	1p36.32	1.2824e-07	0.001087	1	1	23038731	KLHL21
del:1p36.32	del	1p36.32	1.2824e-07	0.001087	1	1	23038731	SLC35E2|9906
del:1p36.32	del	1p36.32	1.2824e-07	0.001087	1	1	23038731	ZBTB40
del:1p36.32	del	1p36.32	1.2824e-07	0.001087	1	1	23038731	MFN2
del:1p36.32	del	1p36.32	1.2824e-07	0.001087	1	1	23038731	CELA3A
del:1p36.32	del	1p36.32	1.2824e-07	0.001087	1	1	23038731	ANGPTL7
del:1p36.32	del	1p36.32	1.2824e-07	0.001087	1	1	23038731	UBE4B
del:1p36.32	del	1p36.32	1.2824e-07	0.001087	1	1	23038731	MAD2L2
del:1p36.32	del	1p36.32	1.2824e-07	0.001087	1	1	23038731	PDPN
del:1p36.32	del	1p36.32	1.2824e-07	0.001087	1	1	23038731	MASP2
del:1p36.32	del	1p36.32	1.2824e-07	0.001087	1	1	23038731	UTS2
del:1p36.32	del	1p36.32	1.2824e-07	0.001087	1	1	23038731	RER1
del:1p36.32	del	1p36.32	1.2824e-07	0.001087	1	1	23038731	MST1P2
del:1p36.32	del	1p36.32	1.2824e-07	0.001087	1	1	23038731	MST1P9
del:1p36.32	del	1p36.32	1.2824e-07	0.001087	1	1	23038731	PADI2
del:1p36.32	del	1p36.32	1.2824e-07	0.001087	1	1	23038731	PARK7
del:1p36.32	del	1p36.32	1.2824e-07	0.001087	1	1	23038731	CTRC
del:1p36.32	del	1p36.32	1.2824e-07	0.001087	1	1	23038731	ACOT7
del:1p36.32	del	1p36.32	1.2824e-07	0.001087	1	1	23038731	CLSTN1
del:1p36.32	del	1p36.32	1.2824e-07	0.001087	1	1	23038731	AKR7A3
del:1p36.32	del	1p36.32	1.2824e-07	0.001087	1	1	23038731	SPEN
del:1p36.32	del	1p36.32	1.2824e-07	0.001087	1	1	23038731	KIAA0090
del:1p36.32	del	1p36.32	1.2824e-07	0.001087	1	1	23038731	KIF1B
del:1p36.32	del	1p36.32	1.2824e-07	0.001087	1	1	23038731	PLEKHM2
del:1p36.32	del	1p36.32	1.2824e-07	0.001087	1	1	23038731	OTUD3
del:1p36.32	del	1p36.32	1.2824e-07	0.001087	1	1	23038731	KAZ
del:1p36.32	del	1p36.32	1.2824e-07	0.001087	1	1	23038731	CAMTA1
del:1p36.32	del	1p36.32	1.2824e-07	0.001087	1	1	23038731	DNAJC16
del:1p36.32	del	1p36.32	1.2824e-07	0.001087	1	1	23038731	UBR4
del:1p36.32	del	1p36.32	1.2824e-07	0.001087	1	1	23038731	ATP13A2
del:1p36.32	del	1p36.32	1.2824e-07	0.001087	1	1	23038731	TARDBP
del:1p36.32	del	1p36.32	1.2824e-07	0.001087	1	1	23038731	CELA3B
del:1p36.32	del	1p36.32	1.2824e-07	0.001087	1	1	23038731	ICMT
del:1p36.32	del	1p36.32	1.2824e-07	0.001087	1	1	23038731	PADI4
del:1p36.32	del	1p36.32	1.2824e-07	0.001087	1	1	23038731	CHD5
del:1p36.32	del	1p36.32	1.2824e-07	0.001087	1	1	23038731	C1orf144
del:1p36.32	del	1p36.32	1.2824e-07	0.001087	1	1	23038731	NOC2L
del:1p36.32	del	1p36.32	1.2824e-07	0.001087	1	1	23038731	FBXO2
del:1p36.32	del	1p36.32	1.2824e-07	0.001087	1	1	23038731	FBXO6
del:1p36.32	del	1p36.32	1.2824e-07	0.001087	1	1	23038731	PLA2G2D
del:1p36.32	del	1p36.32	1.2824e-07	0.001087	1	1	23038731	HSPB7
del:1p36.32	del	1p36.32	1.2824e-07	0.001087	1	1	23038731	ARHGEF16
del:1p36.32	del	1p36.32	1.2824e-07	0.001087	1	1	23038731	HSPC157
del:1p36.32	del	1p36.32	1.2824e-07	0.001087	1	1	23038731	SSU72
del:1p36.32	del	1p36.32	1.2824e-07	0.001087	1	1	23038731	UBIAD1
del:1p36.32	del	1p36.32	1.2824e-07	0.001087	1	1	23038731	PADI1
del:1p36.32	del	1p36.32	1.2824e-07	0.001087	1	1	23038731	PLA2G2E
del:1p36.32	del	1p36.32	1.2824e-07	0.001087	1	1	23038731	WDR8
del:1p36.32	del	1p36.32	1.2824e-07	0.001087	1	1	23038731	SLC45A1
del:1p36.32	del	1p36.32	1.2824e-07	0.001087	1	1	23038731	HP1BP3
del:1p36.32	del	1p36.32	1.2824e-07	0.001087	1	1	23038731	CELA2B
del:1p36.32	del	1p36.32	1.2824e-07	0.001087	1	1	23038731	SDF4
del:1p36.32	del	1p36.32	1.2824e-07	0.001087	1	1	23038731	MRTO4
del:1p36.32	del	1p36.32	1.2824e-07	0.001087	1	1	23038731	PADI3
del:1p36.32	del	1p36.32	1.2824e-07	0.001087	1	1	23038731	ERRFI1
del:1p36.32	del	1p36.32	1.2824e-07	0.001087	1	1	23038731	WNT4
del:1p36.32	del	1p36.32	1.2824e-07	0.001087	1	1	23038731	FBXO42
del:1p36.32	del	1p36.32	1.2824e-07	0.001087	1	1	23038731	RNF186
del:1p36.32	del	1p36.32	1.2824e-07	0.001087	1	1	23038731	MXRA8
del:1p36.32	del	1p36.32	1.2824e-07	0.001087	1	1	23038731	HES2
del:1p36.32	del	1p36.32	1.2824e-07	0.001087	1	1	23038731	FBLIM1
del:1p36.32	del	1p36.32	1.2824e-07	0.001087	1	1	23038731	PQLC2
del:1p36.32	del	1p36.32	1.2824e-07	0.001087	1	1	23038731	CASZ1
del:1p36.32	del	1p36.32	1.2824e-07	0.001087	1	1	23038731	CPSF3L
del:1p36.32	del	1p36.32	1.2824e-07	0.001087	1	1	23038731	C1orf159
del:1p36.32	del	1p36.32	1.2824e-07	0.001087	1	1	23038731	AURKAIP1
del:1p36.32	del	1p36.32	1.2824e-07	0.001087	1	1	23038731	MRPL20
del:1p36.32	del	1p36.32	1.2824e-07	0.001087	1	1	23038731	TMEM51
del:1p36.32	del	1p36.32	1.2824e-07	0.001087	1	1	23038731	ARHGEF10L
del:1p36.32	del	1p36.32	1.2824e-07	0.001087	1	1	23038731	VPS13D
del:1p36.32	del	1p36.32	1.2824e-07	0.001087	1	1	23038731	ATAD3A
del:1p36.32	del	1p36.32	1.2824e-07	0.001087	1	1	23038731	PANK4
del:1p36.32	del	1p36.32	1.2824e-07	0.001087	1	1	23038731	CAMK2N1
del:1p36.32	del	1p36.32	1.2824e-07	0.001087	1	1	23038731	NBPF1
del:1p36.32	del	1p36.32	1.2824e-07	0.001087	1	1	23038731	NECAP2
del:1p36.32	del	1p36.32	1.2824e-07	0.001087	1	1	23038731	DNAJC11
del:1p36.32	del	1p36.32	1.2824e-07	0.001087	1	1	23038731	RCC2
del:1p36.32	del	1p36.32	1.2824e-07	0.001087	1	1	23038731	AJAP1
del:1p36.32	del	1p36.32	1.2824e-07	0.001087	1	1	23038731	CTNNBIP1
del:1p36.32	del	1p36.32	1.2824e-07	0.001087	1	1	23038731	AGTRAP
del:1p36.32	del	1p36.32	1.2824e-07	0.001087	1	1	23038731	KIAA0495
del:1p36.32	del	1p36.32	1.2824e-07	0.001087	1	1	23038731	PLEKHG5
del:1p36.32	del	1p36.32	1.2824e-07	0.001087	1	1	23038731	LRRC47
del:1p36.32	del	1p36.32	1.2824e-07	0.001087	1	1	23038731	PTCHD2
del:1p36.32	del	1p36.32	1.2824e-07	0.001087	1	1	23038731	KIF17
del:1p36.32	del	1p36.32	1.2824e-07	0.001087	1	1	23038731	HES4
del:1p36.32	del	1p36.32	1.2824e-07	0.001087	1	1	23038731	MIIP
del:1p36.32	del	1p36.32	1.2824e-07	0.001087	1	1	23038731	CELA2A
del:1p36.32	del	1p36.32	1.2824e-07	0.001087	1	1	23038731	PRDM16
del:1p36.32	del	1p36.32	1.2824e-07	0.001087	1	1	23038731	PLA2G2F
del:1p36.32	del	1p36.32	1.2824e-07	0.001087	1	1	23038731	NMNAT1
del:1p36.32	del	1p36.32	1.2824e-07	0.001087	1	1	23038731	VWA1
del:1p36.32	del	1p36.32	1.2824e-07	0.001087	1	1	23038731	PINK1
del:1p36.32	del	1p36.32	1.2824e-07	0.001087	1	1	23038731	PRAMEF1
del:1p36.32	del	1p36.32	1.2824e-07	0.001087	1	1	23038731	PRAMEF2
del:1p36.32	del	1p36.32	1.2824e-07	0.001087	1	1	23038731	NADK
del:1p36.32	del	1p36.32	1.2824e-07	0.001087	1	1	23038731	EFHD2
del:1p36.32	del	1p36.32	1.2824e-07	0.001087	1	1	23038731	MMEL1
del:1p36.32	del	1p36.32	1.2824e-07	0.001087	1	1	23038731	C1orf89
del:1p36.32	del	1p36.32	1.2824e-07	0.001087	1	1	23038731	OR4F5
del:1p36.32	del	1p36.32	1.2824e-07	0.001087	1	1	23038731	MUL1
del:1p36.32	del	1p36.32	1.2824e-07	0.001087	1	1	23038731	NOL9
del:1p36.32	del	1p36.32	1.2824e-07	0.001087	1	1	23038731	AGMAT
del:1p36.32	del	1p36.32	1.2824e-07	0.001087	1	1	23038731	NCRNA00115
del:1p36.32	del	1p36.32	1.2824e-07	0.001087	1	1	23038731	MORN1
del:1p36.32	del	1p36.32	1.2824e-07	0.001087	1	1	23038731	GPR157
del:1p36.32	del	1p36.32	1.2824e-07	0.001087	1	1	23038731	SPSB1
del:1p36.32	del	1p36.32	1.2824e-07	0.001087	1	1	23038731	GLTPD1
del:1p36.32	del	1p36.32	1.2824e-07	0.001087	1	1	23038731	TAS1R2
del:1p36.32	del	1p36.32	1.2824e-07	0.001087	1	1	23038731	TAS1R1
del:1p36.32	del	1p36.32	1.2824e-07	0.001087	1	1	23038731	ACTL8
del:1p36.32	del	1p36.32	1.2824e-07	0.001087	1	1	23038731	CCNL2
del:1p36.32	del	1p36.32	1.2824e-07	0.001087	1	1	23038731	ESPN
del:1p36.32	del	1p36.32	1.2824e-07	0.001087	1	1	23038731	TAS1R3
del:1p36.32	del	1p36.32	1.2824e-07	0.001087	1	1	23038731	ATAD3B
del:1p36.32	del	1p36.32	1.2824e-07	0.001087	1	1	23038731	PLEKHN1
del:1p36.32	del	1p36.32	1.2824e-07	0.001087	1	1	23038731	USP48
del:1p36.32	del	1p36.32	1.2824e-07	0.001087	1	1	23038731	NBPF3
del:1p36.32	del	1p36.32	1.2824e-07	0.001087	1	1	23038731	SLC25A33
del:1p36.32	del	1p36.32	1.2824e-07	0.001087	1	1	23038731	DDI2
del:1p36.32	del	1p36.32	1.2824e-07	0.001087	1	1	23038731	LZIC
del:1p36.32	del	1p36.32	1.2824e-07	0.001087	1	1	23038731	C1orf170
del:1p36.32	del	1p36.32	1.2824e-07	0.001087	1	1	23038731	CROCCL1
del:1p36.32	del	1p36.32	1.2824e-07	0.001087	1	1	23038731	IGSF21
del:1p36.32	del	1p36.32	1.2824e-07	0.001087	1	1	23038731	KIAA1751
del:1p36.32	del	1p36.32	1.2824e-07	0.001087	1	1	23038731	KIAA2013
del:1p36.32	del	1p36.32	1.2824e-07	0.001087	1	1	23038731	THAP3
del:1p36.32	del	1p36.32	1.2824e-07	0.001087	1	1	23038731	C1orf158
del:1p36.32	del	1p36.32	1.2824e-07	0.001087	1	1	23038731	FBXO44
del:1p36.32	del	1p36.32	1.2824e-07	0.001087	1	1	23038731	CROCCL2
del:1p36.32	del	1p36.32	1.2824e-07	0.001087	1	1	23038731	FHAD1
del:1p36.32	del	1p36.32	1.2824e-07	0.001087	1	1	23038731	LOC115110
del:1p36.32	del	1p36.32	1.2824e-07	0.001087	1	1	23038731	RBP7
del:1p36.32	del	1p36.32	1.2824e-07	0.001087	1	1	23038731	ACAP3
del:1p36.32	del	1p36.32	1.2824e-07	0.001087	1	1	23038731	UBE2J2
del:1p36.32	del	1p36.32	1.2824e-07	0.001087	1	1	23038731	AADACL3
del:1p36.32	del	1p36.32	1.2824e-07	0.001087	1	1	23038731	PUSL1
del:1p36.32	del	1p36.32	1.2824e-07	0.001087	1	1	23038731	B3GALT6
del:1p36.32	del	1p36.32	1.2824e-07	0.001087	1	1	23038731	IFFO2
del:1p36.32	del	1p36.32	1.2824e-07	0.001087	1	1	23038731	TPRG1L
del:1p36.32	del	1p36.32	1.2824e-07	0.001087	1	1	23038731	C1orf93
del:1p36.32	del	1p36.32	1.2824e-07	0.001087	1	1	23038731	KLHDC7A
del:1p36.32	del	1p36.32	1.2824e-07	0.001087	1	1	23038731	VWA5B1
del:1p36.32	del	1p36.32	1.2824e-07	0.001087	1	1	23038731	UBXN10
del:1p36.32	del	1p36.32	1.2824e-07	0.001087	1	1	23038731	ARHGEF19
del:1p36.32	del	1p36.32	1.2824e-07	0.001087	1	1	23038731	ACTRT2
del:1p36.32	del	1p36.32	1.2824e-07	0.001087	1	1	23038731	MIB2
del:1p36.32	del	1p36.32	1.2824e-07	0.001087	1	1	23038731	C1orf127
del:1p36.32	del	1p36.32	1.2824e-07	0.001087	1	1	23038731	SAMD11
del:1p36.32	del	1p36.32	1.2824e-07	0.001087	1	1	23038731	LOC148413
del:1p36.32	del	1p36.32	1.2824e-07	0.001087	1	1	23038731	PHF13
del:1p36.32	del	1p36.32	1.2824e-07	0.001087	1	1	23038731	CCDC27
del:1p36.32	del	1p36.32	1.2824e-07	0.001087	1	1	23038731	C1orf64
del:1p36.32	del	1p36.32	1.2824e-07	0.001087	1	1	23038731	SLC2A7
del:1p36.32	del	1p36.32	1.2824e-07	0.001087	1	1	23038731	CALML6
del:1p36.32	del	1p36.32	1.2824e-07	0.001087	1	1	23038731	FAM43B
del:1p36.32	del	1p36.32	1.2824e-07	0.001087	1	1	23038731	TMEM201
del:1p36.32	del	1p36.32	1.2824e-07	0.001087	1	1	23038731	C1orf86
del:1p36.32	del	1p36.32	1.2824e-07	0.001087	1	1	23038731	C1orf126
del:1p36.32	del	1p36.32	1.2824e-07	0.001087	1	1	23038731	ATAD3C
del:1p36.32	del	1p36.32	1.2824e-07	0.001087	1	1	23038731	AKR7L
del:1p36.32	del	1p36.32	1.2824e-07	0.001087	1	1	23038731	TTLL10
del:1p36.32	del	1p36.32	1.2824e-07	0.001087	1	1	23038731	TMCO4
del:1p36.32	del	1p36.32	1.2824e-07	0.001087	1	1	23038731	NPHP4
del:1p36.32	del	1p36.32	1.2824e-07	0.001087	1	1	23038731	FAM41C
del:1p36.32	del	1p36.32	1.2824e-07	0.001087	1	1	23038731	LOC284661
del:1p36.32	del	1p36.32	1.2824e-07	0.001087	1	1	23038731	SLC25A34
del:1p36.32	del	1p36.32	1.2824e-07	0.001087	1	1	23038731	ESPNP
del:1p36.32	del	1p36.32	1.2824e-07	0.001087	1	1	23038731	C1orf174
del:1p36.32	del	1p36.32	1.2824e-07	0.001087	1	1	23038731	KLHL17
del:1p36.32	del	1p36.32	1.2824e-07	0.001087	1	1	23038731	C1orf70
del:1p36.32	del	1p36.32	1.2824e-07	0.001087	1	1	23038731	TMEM52
del:1p36.32	del	1p36.32	1.2824e-07	0.001087	1	1	23038731	AADACL4
del:1p36.32	del	1p36.32	1.2824e-07	0.001087	1	1	23038731	PRAMEF5|343068|2of2
del:1p36.32	del	1p36.32	1.2824e-07	0.001087	1	1	23038731	HNRNPCL1
del:1p36.32	del	1p36.32	1.2824e-07	0.001087	1	1	23038731	PRAMEF9|343070|2of2
del:1p36.32	del	1p36.32	1.2824e-07	0.001087	1	1	23038731	PRAMEF10
del:1p36.32	del	1p36.32	1.2824e-07	0.001087	1	1	23038731	FAM131C
del:1p36.32	del	1p36.32	1.2824e-07	0.001087	1	1	23038731	PADI6
del:1p36.32	del	1p36.32	1.2824e-07	0.001087	1	1	23038731	C1orf187
del:1p36.32	del	1p36.32	1.2824e-07	0.001087	1	1	23038731	SPATA21
del:1p36.32	del	1p36.32	1.2824e-07	0.001087	1	1	23038731	AGRN
del:1p36.32	del	1p36.32	1.2824e-07	0.001087	1	1	23038731	APITD1
del:1p36.32	del	1p36.32	1.2824e-07	0.001087	1	1	23038731	GPR153
del:1p36.32	del	1p36.32	1.2824e-07	0.001087	1	1	23038731	FAM132A
del:1p36.32	del	1p36.32	1.2824e-07	0.001087	1	1	23038731	HES5
del:1p36.32	del	1p36.32	1.2824e-07	0.001087	1	1	23038731	LOC388588
del:1p36.32	del	1p36.32	1.2824e-07	0.001087	1	1	23038731	RNF207
del:1p36.32	del	1p36.32	1.2824e-07	0.001087	1	1	23038731	TMEM82
del:1p36.32	del	1p36.32	1.2824e-07	0.001087	1	1	23038731	HES3
del:1p36.32	del	1p36.32	1.2824e-07	0.001087	1	1	23038731	PRAMEF12
del:1p36.32	del	1p36.32	1.2824e-07	0.001087	1	1	23038731	PRAMEF8|391002|3of3
del:1p36.32	del	1p36.32	1.2824e-07	0.001087	1	1	23038731	PRAMEF18|391003|2of2
del:1p36.32	del	1p36.32	1.2824e-07	0.001087	1	1	23038731	PRAMEF17
del:1p36.32	del	1p36.32	1.2824e-07	0.001087	1	1	23038731	PLA2G2C
del:1p36.32	del	1p36.32	1.2824e-07	0.001087	1	1	23038731	PRAMEF4
del:1p36.32	del	1p36.32	1.2824e-07	0.001087	1	1	23038731	PRAMEF13
del:1p36.32	del	1p36.32	1.2824e-07	0.001087	1	1	23038731	SH2D5
del:1p36.32	del	1p36.32	1.2824e-07	0.001087	1	1	23038731	PRAMEF3
del:1p36.32	del	1p36.32	1.2824e-07	0.001087	1	1	23038731	LDLRAD2
del:1p36.32	del	1p36.32	1.2824e-07	0.001087	1	1	23038731	FLJ42875|440556|2of2
del:1p36.32	del	1p36.32	1.2824e-07	0.001087	1	1	23038731	PRAMEF11
del:1p36.32	del	1p36.32	1.2824e-07	0.001087	1	1	23038731	PRAMEF6
del:1p36.32	del	1p36.32	1.2824e-07	0.001087	1	1	23038731	LOC440563
del:1p36.32	del	1p36.32	1.2824e-07	0.001087	1	1	23038731	UQCRHL
del:1p36.32	del	1p36.32	1.2824e-07	0.001087	1	1	23038731	C1orf151
del:1p36.32	del	1p36.32	1.2824e-07	0.001087	1	1	23038731	LOC441869
del:1p36.32	del	1p36.32	1.2824e-07	0.001087	1	1	23038731	FAM138F|641702|1of3
del:1p36.32	del	1p36.32	1.2824e-07	0.001087	1	1	23038731	LOC643837
del:1p36.32	del	1p36.32	1.2824e-07	0.001087	1	1	23038731	TMEM88B
del:1p36.32	del	1p36.32	1.2824e-07	0.001087	1	1	23038731	C1orf200
del:1p36.32	del	1p36.32	1.2824e-07	0.001087	1	1	23038731	PRAMEF20|645425|2of2
del:1p36.32	del	1p36.32	1.2824e-07	0.001087	1	1	23038731	LOC649330
del:1p36.32	del	1p36.32	1.2824e-07	0.001087	1	1	23038731	PRAMEF22
del:1p36.32	del	1p36.32	1.2824e-07	0.001087	1	1	23038731	WASH7P
del:1p36.32	del	1p36.32	1.2824e-07	0.001087	1	1	23038731	PRAMEF16
del:1p36.32	del	1p36.32	1.2824e-07	0.001087	1	1	23038731	SNORA59B|677882|1of2
del:1p36.32	del	1p36.32	1.2824e-07	0.001087	1	1	23038731	CDK11A
del:1p36.32	del	1p36.32	1.2824e-07	0.001087	1	1	23038731	SLC35E2|728661
del:1p36.32	del	1p36.32	1.2824e-07	0.001087	1	1	23038731	PRAMEF14|729528|2of2
del:1p36.32	del	1p36.32	1.2824e-07	0.001087	1	1	23038731	FLJ37453
del:1p36.32	del	1p36.32	1.2824e-07	0.001087	1	1	23038731	OR4F29|729759|3of3
del:1p36.32	del	1p36.32	1.2824e-07	0.001087	1	1	23038731	LOC100128842
del:1p36.32	del	1p36.32	1.2824e-07	0.001087	1	1	23038731	LOC100129534
del:1p36.32	del	1p36.32	1.2824e-07	0.001087	1	1	23038731	FLJ39609
del:1p36.32	del	1p36.32	1.2824e-07	0.001087	1	1	23038731	LOC100132287|100132287|1of2
del:1p36.32	del	1p36.32	1.2824e-07	0.001087	1	1	23038731	LOC100133331
del:1p36.32	del	1p36.32	1.2824e-07	0.001087	1	1	23038731	LOC100133612
del:3p14.2	del	3p14.2	0.0011231	0.0011231	3	27762089	93734670	hsa-mir-4273
del:3p14.2	del	3p14.2	0.0011231	0.0011231	3	27762089	93734670	hsa-mir-4272
del:3p14.2	del	3p14.2	0.0011231	0.0011231	3	27762089	93734670	hsa-mir-4271
del:3p14.2	del	3p14.2	0.0011231	0.0011231	3	27762089	93734670	hsa-mir-3136
del:3p14.2	del	3p14.2	0.0011231	0.0011231	3	27762089	93734670	hsa-mir-466
del:3p14.2	del	3p14.2	0.0011231	0.0011231	3	27762089	93734670	hsa-mir-711
del:3p14.2	del	3p14.2	0.0011231	0.0011231	3	27762089	93734670	hsa-mir-2115
del:3p14.2	del	3p14.2	0.0011231	0.0011231	3	27762089	93734670	hsa-mir-1324
del:3p14.2	del	3p14.2	0.0011231	0.0011231	3	27762089	93734670	hsa-mir-1284
del:3p14.2	del	3p14.2	0.0011231	0.0011231	3	27762089	93734670	hsa-mir-1226
del:3p14.2	del	3p14.2	0.0011231	0.0011231	3	27762089	93734670	hsa-mir-566
del:3p14.2	del	3p14.2	0.0011231	0.0011231	3	27762089	93734670	hsa-mir-564
del:3p14.2	del	3p14.2	0.0011231	0.0011231	3	27762089	93734670	hsa-mir-425
del:3p14.2	del	3p14.2	0.0011231	0.0011231	3	27762089	93734670	hsa-mir-128-2
del:3p14.2	del	3p14.2	0.0011231	0.0011231	3	27762089	93734670	hsa-mir-138-1
del:3p14.2	del	3p14.2	0.0011231	0.0011231	3	27762089	93734670	hsa-mir-191
del:3p14.2	del	3p14.2	0.0011231	0.0011231	3	27762089	93734670	hsa-mir-135a-1
del:3p14.2	del	3p14.2	0.0011231	0.0011231	3	27762089	93734670	hsa-let-7g
del:3p14.2	del	3p14.2	0.0011231	0.0011231	3	27762089	93734670	hsa-mir-26a-1
del:3p14.2	del	3p14.2	0.0011231	0.0011231	3	27762089	93734670	ACAA1
del:3p14.2	del	3p14.2	0.0011231	0.0011231	3	27762089	93734670	ACVR2B
del:3p14.2	del	3p14.2	0.0011231	0.0011231	3	27762089	93734670	ACY1
del:3p14.2	del	3p14.2	0.0011231	0.0011231	3	27762089	93734670	ALAS1
del:3p14.2	del	3p14.2	0.0011231	0.0011231	3	27762089	93734670	AMT
del:3p14.2	del	3p14.2	0.0011231	0.0011231	3	27762089	93734670	APEH
del:3p14.2	del	3p14.2	0.0011231	0.0011231	3	27762089	93734670	ARF4
del:3p14.2	del	3p14.2	0.0011231	0.0011231	3	27762089	93734670	RHOA
del:3p14.2	del	3p14.2	0.0011231	0.0011231	3	27762089	93734670	C3orf51
del:3p14.2	del	3p14.2	0.0011231	0.0011231	3	27762089	93734670	CACNA1D
del:3p14.2	del	3p14.2	0.0011231	0.0011231	3	27762089	93734670	SLC25A20
del:3p14.2	del	3p14.2	0.0011231	0.0011231	3	27762089	93734670	CAMP
del:3p14.2	del	3p14.2	0.0011231	0.0011231	3	27762089	93734670	CCK
del:3p14.2	del	3p14.2	0.0011231	0.0011231	3	27762089	93734670	ENTPD3
del:3p14.2	del	3p14.2	0.0011231	0.0011231	3	27762089	93734670	CDC25A
del:3p14.2	del	3p14.2	0.0011231	0.0011231	3	27762089	93734670	CISH
del:3p14.2	del	3p14.2	0.0011231	0.0011231	3	27762089	93734670	CCR1
del:3p14.2	del	3p14.2	0.0011231	0.0011231	3	27762089	93734670	CCR3
del:3p14.2	del	3p14.2	0.0011231	0.0011231	3	27762089	93734670	CCR4
del:3p14.2	del	3p14.2	0.0011231	0.0011231	3	27762089	93734670	CCR5
del:3p14.2	del	3p14.2	0.0011231	0.0011231	3	27762089	93734670	CCR8
del:3p14.2	del	3p14.2	0.0011231	0.0011231	3	27762089	93734670	CCBP2
del:3p14.2	del	3p14.2	0.0011231	0.0011231	3	27762089	93734670	COL7A1
del:3p14.2	del	3p14.2	0.0011231	0.0011231	3	27762089	93734670	CTNNB1
del:3p14.2	del	3p14.2	0.0011231	0.0011231	3	27762089	93734670	CX3CR1
del:3p14.2	del	3p14.2	0.0011231	0.0011231	3	27762089	93734670	CYP8B1
del:3p14.2	del	3p14.2	0.0011231	0.0011231	3	27762089	93734670	DAG1
del:3p14.2	del	3p14.2	0.0011231	0.0011231	3	27762089	93734670	DNASE1L3
del:3p14.2	del	3p14.2	0.0011231	0.0011231	3	27762089	93734670	DOCK3
del:3p14.2	del	3p14.2	0.0011231	0.0011231	3	27762089	93734670	DUSP7
del:3p14.2	del	3p14.2	0.0011231	0.0011231	3	27762089	93734670	CELSR3
del:3p14.2	del	3p14.2	0.0011231	0.0011231	3	27762089	93734670	EPHA3
del:3p14.2	del	3p14.2	0.0011231	0.0011231	3	27762089	93734670	FHIT
del:3p14.2	del	3p14.2	0.0011231	0.0011231	3	27762089	93734670	FLNB
del:3p14.2	del	3p14.2	0.0011231	0.0011231	3	27762089	93734670	GBE1
del:3p14.2	del	3p14.2	0.0011231	0.0011231	3	27762089	93734670	GLB1
del:3p14.2	del	3p14.2	0.0011231	0.0011231	3	27762089	93734670	GNAI2
del:3p14.2	del	3p14.2	0.0011231	0.0011231	3	27762089	93734670	GNAT1
del:3p14.2	del	3p14.2	0.0011231	0.0011231	3	27762089	93734670	GOLGA4
del:3p14.2	del	3p14.2	0.0011231	0.0011231	3	27762089	93734670	XCR1
del:3p14.2	del	3p14.2	0.0011231	0.0011231	3	27762089	93734670	GPR27
del:3p14.2	del	3p14.2	0.0011231	0.0011231	3	27762089	93734670	GPX1
del:3p14.2	del	3p14.2	0.0011231	0.0011231	3	27762089	93734670	GRM2
del:3p14.2	del	3p14.2	0.0011231	0.0011231	3	27762089	93734670	HTR1F
del:3p14.2	del	3p14.2	0.0011231	0.0011231	3	27762089	93734670	HYAL1
del:3p14.2	del	3p14.2	0.0011231	0.0011231	3	27762089	93734670	IMPDH2
del:3p14.2	del	3p14.2	0.0011231	0.0011231	3	27762089	93734670	ITGA9
del:3p14.2	del	3p14.2	0.0011231	0.0011231	3	27762089	93734670	ITIH1
del:3p14.2	del	3p14.2	0.0011231	0.0011231	3	27762089	93734670	ITIH3
del:3p14.2	del	3p14.2	0.0011231	0.0011231	3	27762089	93734670	ITIH4
del:3p14.2	del	3p14.2	0.0011231	0.0011231	3	27762089	93734670	LAMB2
del:3p14.2	del	3p14.2	0.0011231	0.0011231	3	27762089	93734670	RPSA
del:3p14.2	del	3p14.2	0.0011231	0.0011231	3	27762089	93734670	LTF
del:3p14.2	del	3p14.2	0.0011231	0.0011231	3	27762089	93734670	MAP4
del:3p14.2	del	3p14.2	0.0011231	0.0011231	3	27762089	93734670	MITF
del:3p14.2	del	3p14.2	0.0011231	0.0011231	3	27762089	93734670	MLH1
del:3p14.2	del	3p14.2	0.0011231	0.0011231	3	27762089	93734670	MOBP
del:3p14.2	del	3p14.2	0.0011231	0.0011231	3	27762089	93734670	MST1
del:3p14.2	del	3p14.2	0.0011231	0.0011231	3	27762089	93734670	MST1R
del:3p14.2	del	3p14.2	0.0011231	0.0011231	3	27762089	93734670	MYD88
del:3p14.2	del	3p14.2	0.0011231	0.0011231	3	27762089	93734670	MYL3
del:3p14.2	del	3p14.2	0.0011231	0.0011231	3	27762089	93734670	NKTR
del:3p14.2	del	3p14.2	0.0011231	0.0011231	3	27762089	93734670	CNTN3
del:3p14.2	del	3p14.2	0.0011231	0.0011231	3	27762089	93734670	PDHB
del:3p14.2	del	3p14.2	0.0011231	0.0011231	3	27762089	93734670	PFKFB4
del:3p14.2	del	3p14.2	0.0011231	0.0011231	3	27762089	93734670	PLCD1
del:3p14.2	del	3p14.2	0.0011231	0.0011231	3	27762089	93734670	PLXNB1
del:3p14.2	del	3p14.2	0.0011231	0.0011231	3	27762089	93734670	POU1F1
del:3p14.2	del	3p14.2	0.0011231	0.0011231	3	27762089	93734670	PRKAR2A
del:3p14.2	del	3p14.2	0.0011231	0.0011231	3	27762089	93734670	PRKCD
del:3p14.2	del	3p14.2	0.0011231	0.0011231	3	27762089	93734670	PROS1
del:3p14.2	del	3p14.2	0.0011231	0.0011231	3	27762089	93734670	PTH1R
del:3p14.2	del	3p14.2	0.0011231	0.0011231	3	27762089	93734670	PTPRG
del:3p14.2	del	3p14.2	0.0011231	0.0011231	3	27762089	93734670	QARS
del:3p14.2	del	3p14.2	0.0011231	0.0011231	3	27762089	93734670	SNORA62
del:3p14.2	del	3p14.2	0.0011231	0.0011231	3	27762089	93734670	ROBO1
del:3p14.2	del	3p14.2	0.0011231	0.0011231	3	27762089	93734670	ROBO2
del:3p14.2	del	3p14.2	0.0011231	0.0011231	3	27762089	93734670	RPL29
del:3p14.2	del	3p14.2	0.0011231	0.0011231	3	27762089	93734670	ATXN7
del:3p14.2	del	3p14.2	0.0011231	0.0011231	3	27762089	93734670	SCN5A
del:3p14.2	del	3p14.2	0.0011231	0.0011231	3	27762089	93734670	SCN10A
del:3p14.2	del	3p14.2	0.0011231	0.0011231	3	27762089	93734670	SEMA3F
del:3p14.2	del	3p14.2	0.0011231	0.0011231	3	27762089	93734670	SMARCC1
del:3p14.2	del	3p14.2	0.0011231	0.0011231	3	27762089	93734670	STAC
del:3p14.2	del	3p14.2	0.0011231	0.0011231	3	27762089	93734670	NEK4
del:3p14.2	del	3p14.2	0.0011231	0.0011231	3	27762089	93734670	TCTA
del:3p14.2	del	3p14.2	0.0011231	0.0011231	3	27762089	93734670	TDGF1
del:3p14.2	del	3p14.2	0.0011231	0.0011231	3	27762089	93734670	TGM4
del:3p14.2	del	3p14.2	0.0011231	0.0011231	3	27762089	93734670	TGFBR2
del:3p14.2	del	3p14.2	0.0011231	0.0011231	3	27762089	93734670	TKT
del:3p14.2	del	3p14.2	0.0011231	0.0011231	3	27762089	93734670	TMF1
del:3p14.2	del	3p14.2	0.0011231	0.0011231	3	27762089	93734670	CLEC3B
del:3p14.2	del	3p14.2	0.0011231	0.0011231	3	27762089	93734670	TNNC1
del:3p14.2	del	3p14.2	0.0011231	0.0011231	3	27762089	93734670	UBA7
del:3p14.2	del	3p14.2	0.0011231	0.0011231	3	27762089	93734670	UBP1
del:3p14.2	del	3p14.2	0.0011231	0.0011231	3	27762089	93734670	USP4
del:3p14.2	del	3p14.2	0.0011231	0.0011231	3	27762089	93734670	UQCRC1
del:3p14.2	del	3p14.2	0.0011231	0.0011231	3	27762089	93734670	VIPR1
del:3p14.2	del	3p14.2	0.0011231	0.0011231	3	27762089	93734670	WNT5A
del:3p14.2	del	3p14.2	0.0011231	0.0011231	3	27762089	93734670	ZNF35
del:3p14.2	del	3p14.2	0.0011231	0.0011231	3	27762089	93734670	IFRD2
del:3p14.2	del	3p14.2	0.0011231	0.0011231	3	27762089	93734670	MAPKAPK3
del:3p14.2	del	3p14.2	0.0011231	0.0011231	3	27762089	93734670	SEMA3B
del:3p14.2	del	3p14.2	0.0011231	0.0011231	3	27762089	93734670	SLMAP
del:3p14.2	del	3p14.2	0.0011231	0.0011231	3	27762089	93734670	MANF
del:3p14.2	del	3p14.2	0.0011231	0.0011231	3	27762089	93734670	ACOX2
del:3p14.2	del	3p14.2	0.0011231	0.0011231	3	27762089	93734670	BAP1
del:3p14.2	del	3p14.2	0.0011231	0.0011231	3	27762089	93734670	HYAL3
del:3p14.2	del	3p14.2	0.0011231	0.0011231	3	27762089	93734670	CGGBP1
del:3p14.2	del	3p14.2	0.0011231	0.0011231	3	27762089	93734670	CADPS
del:3p14.2	del	3p14.2	0.0011231	0.0011231	3	27762089	93734670	HYAL2
del:3p14.2	del	3p14.2	0.0011231	0.0011231	3	27762089	93734670	SUCLG2
del:3p14.2	del	3p14.2	0.0011231	0.0011231	3	27762089	93734670	HESX1
del:3p14.2	del	3p14.2	0.0011231	0.0011231	3	27762089	93734670	BSN
del:3p14.2	del	3p14.2	0.0011231	0.0011231	3	27762089	93734670	LIMD1
del:3p14.2	del	3p14.2	0.0011231	0.0011231	3	27762089	93734670	CCRL2
del:3p14.2	del	3p14.2	0.0011231	0.0011231	3	27762089	93734670	UBA3
del:3p14.2	del	3p14.2	0.0011231	0.0011231	3	27762089	93734670	RPL14
del:3p14.2	del	3p14.2	0.0011231	0.0011231	3	27762089	93734670	SEC22C
del:3p14.2	del	3p14.2	0.0011231	0.0011231	3	27762089	93734670	RRP9
del:3p14.2	del	3p14.2	0.0011231	0.0011231	3	27762089	93734670	LRRFIP2
del:3p14.2	del	3p14.2	0.0011231	0.0011231	3	27762089	93734670	MAGI1
del:3p14.2	del	3p14.2	0.0011231	0.0011231	3	27762089	93734670	CACNA2D2
del:3p14.2	del	3p14.2	0.0011231	0.0011231	3	27762089	93734670	SLC22A14
del:3p14.2	del	3p14.2	0.0011231	0.0011231	3	27762089	93734670	SLC22A13
del:3p14.2	del	3p14.2	0.0011231	0.0011231	3	27762089	93734670	VPRBP
del:3p14.2	del	3p14.2	0.0011231	0.0011231	3	27762089	93734670	IP6K1
del:3p14.2	del	3p14.2	0.0011231	0.0011231	3	27762089	93734670	EPM2AIP1
del:3p14.2	del	3p14.2	0.0011231	0.0011231	3	27762089	93734670	PSMD6
del:3p14.2	del	3p14.2	0.0011231	0.0011231	3	27762089	93734670	TRANK1
del:3p14.2	del	3p14.2	0.0011231	0.0011231	3	27762089	93734670	DLEC1
del:3p14.2	del	3p14.2	0.0011231	0.0011231	3	27762089	93734670	EXOG
del:3p14.2	del	3p14.2	0.0011231	0.0011231	3	27762089	93734670	XYLB
del:3p14.2	del	3p14.2	0.0011231	0.0011231	3	27762089	93734670	OXSR1
del:3p14.2	del	3p14.2	0.0011231	0.0011231	3	27762089	93734670	PDCD6IP
del:3p14.2	del	3p14.2	0.0011231	0.0011231	3	27762089	93734670	PARP3
del:3p14.2	del	3p14.2	0.0011231	0.0011231	3	27762089	93734670	ZNF197
del:3p14.2	del	3p14.2	0.0011231	0.0011231	3	27762089	93734670	RBM6
del:3p14.2	del	3p14.2	0.0011231	0.0011231	3	27762089	93734670	RBM5
del:3p14.2	del	3p14.2	0.0011231	0.0011231	3	27762089	93734670	NME6
del:3p14.2	del	3p14.2	0.0011231	0.0011231	3	27762089	93734670	CTDSPL
del:3p14.2	del	3p14.2	0.0011231	0.0011231	3	27762089	93734670	EIF1B
del:3p14.2	del	3p14.2	0.0011231	0.0011231	3	27762089	93734670	TRAIP
del:3p14.2	del	3p14.2	0.0011231	0.0011231	3	27762089	93734670	ARIH2
del:3p14.2	del	3p14.2	0.0011231	0.0011231	3	27762089	93734670	CRTAP
del:3p14.2	del	3p14.2	0.0011231	0.0011231	3	27762089	93734670	ARL6IP5
del:3p14.2	del	3p14.2	0.0011231	0.0011231	3	27762089	93734670	NPRL2
del:3p14.2	del	3p14.2	0.0011231	0.0011231	3	27762089	93734670	CXCR6
del:3p14.2	del	3p14.2	0.0011231	0.0011231	3	27762089	93734670	CSPG5
del:3p14.2	del	3p14.2	0.0011231	0.0011231	3	27762089	93734670	ARPP21
del:3p14.2	del	3p14.2	0.0011231	0.0011231	3	27762089	93734670	CCR9
del:3p14.2	del	3p14.2	0.0011231	0.0011231	3	27762089	93734670	USP19
del:3p14.2	del	3p14.2	0.0011231	0.0011231	3	27762089	93734670	SLC38A3
del:3p14.2	del	3p14.2	0.0011231	0.0011231	3	27762089	93734670	CYB561D2
del:3p14.2	del	3p14.2	0.0011231	0.0011231	3	27762089	93734670	TMEM115
del:3p14.2	del	3p14.2	0.0011231	0.0011231	3	27762089	93734670	RPP14
del:3p14.2	del	3p14.2	0.0011231	0.0011231	3	27762089	93734670	FAM107A
del:3p14.2	del	3p14.2	0.0011231	0.0011231	3	27762089	93734670	WDR6
del:3p14.2	del	3p14.2	0.0011231	0.0011231	3	27762089	93734670	RASSF1
del:3p14.2	del	3p14.2	0.0011231	0.0011231	3	27762089	93734670	NISCH
del:3p14.2	del	3p14.2	0.0011231	0.0011231	3	27762089	93734670	TREX1
del:3p14.2	del	3p14.2	0.0011231	0.0011231	3	27762089	93734670	SCN11A
del:3p14.2	del	3p14.2	0.0011231	0.0011231	3	27762089	93734670	TUSC2
del:3p14.2	del	3p14.2	0.0011231	0.0011231	3	27762089	93734670	TWF2
del:3p14.2	del	3p14.2	0.0011231	0.0011231	3	27762089	93734670	TRAK1
del:3p14.2	del	3p14.2	0.0011231	0.0011231	3	27762089	93734670	DHX30
del:3p14.2	del	3p14.2	0.0011231	0.0011231	3	27762089	93734670	SACM1L
del:3p14.2	del	3p14.2	0.0011231	0.0011231	3	27762089	93734670	SCAP
del:3p14.2	del	3p14.2	0.0011231	0.0011231	3	27762089	93734670	LAMB2L
del:3p14.2	del	3p14.2	0.0011231	0.0011231	3	27762089	93734670	EXOSC7
del:3p14.2	del	3p14.2	0.0011231	0.0011231	3	27762089	93734670	PDZRN3
del:3p14.2	del	3p14.2	0.0011231	0.0011231	3	27762089	93734670	CLASP2
del:3p14.2	del	3p14.2	0.0011231	0.0011231	3	27762089	93734670	RAD54L2
del:3p14.2	del	3p14.2	0.0011231	0.0011231	3	27762089	93734670	FRMD4B
del:3p14.2	del	3p14.2	0.0011231	0.0011231	3	27762089	93734670	STAB1
del:3p14.2	del	3p14.2	0.0011231	0.0011231	3	27762089	93734670	GPD1L
del:3p14.2	del	3p14.2	0.0011231	0.0011231	3	27762089	93734670	NBEAL2
del:3p14.2	del	3p14.2	0.0011231	0.0011231	3	27762089	93734670	C3orf63
del:3p14.2	del	3p14.2	0.0011231	0.0011231	3	27762089	93734670	KLHL18
del:3p14.2	del	3p14.2	0.0011231	0.0011231	3	27762089	93734670	LARS2
del:3p14.2	del	3p14.2	0.0011231	0.0011231	3	27762089	93734670	RYBP
del:3p14.2	del	3p14.2	0.0011231	0.0011231	3	27762089	93734670	NAT6
del:3p14.2	del	3p14.2	0.0011231	0.0011231	3	27762089	93734670	FBXL2
del:3p14.2	del	3p14.2	0.0011231	0.0011231	3	27762089	93734670	ABHD14A
del:3p14.2	del	3p14.2	0.0011231	0.0011231	3	27762089	93734670	POC1A
del:3p14.2	del	3p14.2	0.0011231	0.0011231	3	27762089	93734670	CNOT10
del:3p14.2	del	3p14.2	0.0011231	0.0011231	3	27762089	93734670	TMEM158
del:3p14.2	del	3p14.2	0.0011231	0.0011231	3	27762089	93734670	NDUFAF3
del:3p14.2	del	3p14.2	0.0011231	0.0011231	3	27762089	93734670	MYRIP
del:3p14.2	del	3p14.2	0.0011231	0.0011231	3	27762089	93734670	PTPN23
del:3p14.2	del	3p14.2	0.0011231	0.0011231	3	27762089	93734670	CHMP2B
del:3p14.2	del	3p14.2	0.0011231	0.0011231	3	27762089	93734670	DNAH1
del:3p14.2	del	3p14.2	0.0011231	0.0011231	3	27762089	93734670	HIGD1A
del:3p14.2	del	3p14.2	0.0011231	0.0011231	3	27762089	93734670	LRIG1
del:3p14.2	del	3p14.2	0.0011231	0.0011231	3	27762089	93734670	SUSD5
del:3p14.2	del	3p14.2	0.0011231	0.0011231	3	27762089	93734670	ERC2
del:3p14.2	del	3p14.2	0.0011231	0.0011231	3	27762089	93734670	APPL1
del:3p14.2	del	3p14.2	0.0011231	0.0011231	3	27762089	93734670	GNL3
del:3p14.2	del	3p14.2	0.0011231	0.0011231	3	27762089	93734670	FOXP1
del:3p14.2	del	3p14.2	0.0011231	0.0011231	3	27762089	93734670	RBMS3
del:3p14.2	del	3p14.2	0.0011231	0.0011231	3	27762089	93734670	SPCS1
del:3p14.2	del	3p14.2	0.0011231	0.0011231	3	27762089	93734670	SETD2
del:3p14.2	del	3p14.2	0.0011231	0.0011231	3	27762089	93734670	PRSS50
del:3p14.2	del	3p14.2	0.0011231	0.0011231	3	27762089	93734670	RBM15B
del:3p14.2	del	3p14.2	0.0011231	0.0011231	3	27762089	93734670	GMPPB
del:3p14.2	del	3p14.2	0.0011231	0.0011231	3	27762089	93734670	ARHGEF3
del:3p14.2	del	3p14.2	0.0011231	0.0011231	3	27762089	93734670	VILL
del:3p14.2	del	3p14.2	0.0011231	0.0011231	3	27762089	93734670	ABHD5
del:3p14.2	del	3p14.2	0.0011231	0.0011231	3	27762089	93734670	DYNC1LI1
del:3p14.2	del	3p14.2	0.0011231	0.0011231	3	27762089	93734670	C3orf18
del:3p14.2	del	3p14.2	0.0011231	0.0011231	3	27762089	93734670	SS18L2
del:3p14.2	del	3p14.2	0.0011231	0.0011231	3	27762089	93734670	SHISA5
del:3p14.2	del	3p14.2	0.0011231	0.0011231	3	27762089	93734670	ZDHHC3
del:3p14.2	del	3p14.2	0.0011231	0.0011231	3	27762089	93734670	ZMYND10
del:3p14.2	del	3p14.2	0.0011231	0.0011231	3	27762089	93734670	TEX264
del:3p14.2	del	3p14.2	0.0011231	0.0011231	3	27762089	93734670	CCDC72
del:3p14.2	del	3p14.2	0.0011231	0.0011231	3	27762089	93734670	ZNF589
del:3p14.2	del	3p14.2	0.0011231	0.0011231	3	27762089	93734670	HEMK1
del:3p14.2	del	3p14.2	0.0011231	0.0011231	3	27762089	93734670	IP6K2
del:3p14.2	del	3p14.2	0.0011231	0.0011231	3	27762089	93734670	SFMBT1
del:3p14.2	del	3p14.2	0.0011231	0.0011231	3	27762089	93734670	NCKIPSD
del:3p14.2	del	3p14.2	0.0011231	0.0011231	3	27762089	93734670	PHF7
del:3p14.2	del	3p14.2	0.0011231	0.0011231	3	27762089	93734670	TLR9
del:3p14.2	del	3p14.2	0.0011231	0.0011231	3	27762089	93734670	LZTFL1
del:3p14.2	del	3p14.2	0.0011231	0.0011231	3	27762089	93734670	P4HTM
del:3p14.2	del	3p14.2	0.0011231	0.0011231	3	27762089	93734670	SLC6A20
del:3p14.2	del	3p14.2	0.0011231	0.0011231	3	27762089	93734670	IL17RD
del:3p14.2	del	3p14.2	0.0011231	0.0011231	3	27762089	93734670	C3orf75
del:3p14.2	del	3p14.2	0.0011231	0.0011231	3	27762089	93734670	SNRK
del:3p14.2	del	3p14.2	0.0011231	0.0011231	3	27762089	93734670	QRICH1
del:3p14.2	del	3p14.2	0.0011231	0.0011231	3	27762089	93734670	PXK
del:3p14.2	del	3p14.2	0.0011231	0.0011231	3	27762089	93734670	CMTM6
del:3p14.2	del	3p14.2	0.0011231	0.0011231	3	27762089	93734670	SLC25A38
del:3p14.2	del	3p14.2	0.0011231	0.0011231	3	27762089	93734670	ULK4
del:3p14.2	del	3p14.2	0.0011231	0.0011231	3	27762089	93734670	FEZF2
del:3p14.2	del	3p14.2	0.0011231	0.0011231	3	27762089	93734670	FLJ10213
del:3p14.2	del	3p14.2	0.0011231	0.0011231	3	27762089	93734670	ANO10
del:3p14.2	del	3p14.2	0.0011231	0.0011231	3	27762089	93734670	DALRD3
del:3p14.2	del	3p14.2	0.0011231	0.0011231	3	27762089	93734670	SHQ1
del:3p14.2	del	3p14.2	0.0011231	0.0011231	3	27762089	93734670	PBRM1
del:3p14.2	del	3p14.2	0.0011231	0.0011231	3	27762089	93734670	ZNF654
del:3p14.2	del	3p14.2	0.0011231	0.0011231	3	27762089	93734670	CHDH
del:3p14.2	del	3p14.2	0.0011231	0.0011231	3	27762089	93734670	IL17RB
del:3p14.2	del	3p14.2	0.0011231	0.0011231	3	27762089	93734670	CACNA2D3
del:3p14.2	del	3p14.2	0.0011231	0.0011231	3	27762089	93734670	DCP1A
del:3p14.2	del	3p14.2	0.0011231	0.0011231	3	27762089	93734670	GLT8D1
del:3p14.2	del	3p14.2	0.0011231	0.0011231	3	27762089	93734670	ZNF167
del:3p14.2	del	3p14.2	0.0011231	0.0011231	3	27762089	93734670	LMOD3
del:3p14.2	del	3p14.2	0.0011231	0.0011231	3	27762089	93734670	SEMA3G
del:3p14.2	del	3p14.2	0.0011231	0.0011231	3	27762089	93734670	KIF15
del:3p14.2	del	3p14.2	0.0011231	0.0011231	3	27762089	93734670	ADAMTS9
del:3p14.2	del	3p14.2	0.0011231	0.0011231	3	27762089	93734670	PCBP4
del:3p14.2	del	3p14.2	0.0011231	0.0011231	3	27762089	93734670	ABHD6
del:3p14.2	del	3p14.2	0.0011231	0.0011231	3	27762089	93734670	LRTM1
del:3p14.2	del	3p14.2	0.0011231	0.0011231	3	27762089	93734670	C3orf14
del:3p14.2	del	3p14.2	0.0011231	0.0011231	3	27762089	93734670	KIAA1143
del:3p14.2	del	3p14.2	0.0011231	0.0011231	3	27762089	93734670	HHATL
del:3p14.2	del	3p14.2	0.0011231	0.0011231	3	27762089	93734670	WDR48
del:3p14.2	del	3p14.2	0.0011231	0.0011231	3	27762089	93734670	SELK
del:3p14.2	del	3p14.2	0.0011231	0.0011231	3	27762089	93734670	PROK2
del:3p14.2	del	3p14.2	0.0011231	0.0011231	3	27762089	93734670	RNF123
del:3p14.2	del	3p14.2	0.0011231	0.0011231	3	27762089	93734670	KIF9
del:3p14.2	del	3p14.2	0.0011231	0.0011231	3	27762089	93734670	AZI2
del:3p14.2	del	3p14.2	0.0011231	0.0011231	3	27762089	93734670	CSRNP1
del:3p14.2	del	3p14.2	0.0011231	0.0011231	3	27762089	93734670	GORASP1
del:3p14.2	del	3p14.2	0.0011231	0.0011231	3	27762089	93734670	CDCP1
del:3p14.2	del	3p14.2	0.0011231	0.0011231	3	27762089	93734670	CCDC71
del:3p14.2	del	3p14.2	0.0011231	0.0011231	3	27762089	93734670	NT5DC2
del:3p14.2	del	3p14.2	0.0011231	0.0011231	3	27762089	93734670	SLC26A6
del:3p14.2	del	3p14.2	0.0011231	0.0011231	3	27762089	93734670	CAMKV
del:3p14.2	del	3p14.2	0.0011231	0.0011231	3	27762089	93734670	LRRC2
del:3p14.2	del	3p14.2	0.0011231	0.0011231	3	27762089	93734670	FYCO1
del:3p14.2	del	3p14.2	0.0011231	0.0011231	3	27762089	93734670	CCDC51
del:3p14.2	del	3p14.2	0.0011231	0.0011231	3	27762089	93734670	THOC7
del:3p14.2	del	3p14.2	0.0011231	0.0011231	3	27762089	93734670	WDR82
del:3p14.2	del	3p14.2	0.0011231	0.0011231	3	27762089	93734670	RTP3
del:3p14.2	del	3p14.2	0.0011231	0.0011231	3	27762089	93734670	ID2B
del:3p14.2	del	3p14.2	0.0011231	0.0011231	3	27762089	93734670	ATRIP
del:3p14.2	del	3p14.2	0.0011231	0.0011231	3	27762089	93734670	NICN1
del:3p14.2	del	3p14.2	0.0011231	0.0011231	3	27762089	93734670	MON1A
del:3p14.2	del	3p14.2	0.0011231	0.0011231	3	27762089	93734670	KBTBD8
del:3p14.2	del	3p14.2	0.0011231	0.0011231	3	27762089	93734670	ABHD14B
del:3p14.2	del	3p14.2	0.0011231	0.0011231	3	27762089	93734670	C3orf39
del:3p14.2	del	3p14.2	0.0011231	0.0011231	3	27762089	93734670	DCLK3
del:3p14.2	del	3p14.2	0.0011231	0.0011231	3	27762089	93734670	UCN2
del:3p14.2	del	3p14.2	0.0011231	0.0011231	3	27762089	93734670	ZNF502
del:3p14.2	del	3p14.2	0.0011231	0.0011231	3	27762089	93734670	RFT1
del:3p14.2	del	3p14.2	0.0011231	0.0011231	3	27762089	93734670	ZBTB47
del:3p14.2	del	3p14.2	0.0011231	0.0011231	3	27762089	93734670	ACTR8
del:3p14.2	del	3p14.2	0.0011231	0.0011231	3	27762089	93734670	CMTM7
del:3p14.2	del	3p14.2	0.0011231	0.0011231	3	27762089	93734670	OSBPL10
del:3p14.2	del	3p14.2	0.0011231	0.0011231	3	27762089	93734670	SLC25A26
del:3p14.2	del	3p14.2	0.0011231	0.0011231	3	27762089	93734670	ZNF501
del:3p14.2	del	3p14.2	0.0011231	0.0011231	3	27762089	93734670	GPR62
del:3p14.2	del	3p14.2	0.0011231	0.0011231	3	27762089	93734670	FAM3D
del:3p14.2	del	3p14.2	0.0011231	0.0011231	3	27762089	93734670	LYZL4
del:3p14.2	del	3p14.2	0.0011231	0.0011231	3	27762089	93734670	KBTBD5
del:3p14.2	del	3p14.2	0.0011231	0.0011231	3	27762089	93734670	TRIM71
del:3p14.2	del	3p14.2	0.0011231	0.0011231	3	27762089	93734670	TMEM42
del:3p14.2	del	3p14.2	0.0011231	0.0011231	3	27762089	93734670	IQCF1
del:3p14.2	del	3p14.2	0.0011231	0.0011231	3	27762089	93734670	GLYCTK
del:3p14.2	del	3p14.2	0.0011231	0.0011231	3	27762089	93734670	PPM1M
del:3p14.2	del	3p14.2	0.0011231	0.0011231	3	27762089	93734670	C3orf49
del:3p14.2	del	3p14.2	0.0011231	0.0011231	3	27762089	93734670	SNTN
del:3p14.2	del	3p14.2	0.0011231	0.0011231	3	27762089	93734670	SYNPR
del:3p14.2	del	3p14.2	0.0011231	0.0011231	3	27762089	93734670	C3orf45
del:3p14.2	del	3p14.2	0.0011231	0.0011231	3	27762089	93734670	ASB14
del:3p14.2	del	3p14.2	0.0011231	0.0011231	3	27762089	93734670	FAM19A4
del:3p14.2	del	3p14.2	0.0011231	0.0011231	3	27762089	93734670	CCDC12
del:3p14.2	del	3p14.2	0.0011231	0.0011231	3	27762089	93734670	PPP4R2
del:3p14.2	del	3p14.2	0.0011231	0.0011231	3	27762089	93734670	ZCWPW2
del:3p14.2	del	3p14.2	0.0011231	0.0011231	3	27762089	93734670	CMC1
del:3p14.2	del	3p14.2	0.0011231	0.0011231	3	27762089	93734670	CMTM8
del:3p14.2	del	3p14.2	0.0011231	0.0011231	3	27762089	93734670	CCDC13
del:3p14.2	del	3p14.2	0.0011231	0.0011231	3	27762089	93734670	XIRP1
del:3p14.2	del	3p14.2	0.0011231	0.0011231	3	27762089	93734670	PRICKLE2
del:3p14.2	del	3p14.2	0.0011231	0.0011231	3	27762089	93734670	TTC21A
del:3p14.2	del	3p14.2	0.0011231	0.0011231	3	27762089	93734670	C3orf67
del:3p14.2	del	3p14.2	0.0011231	0.0011231	3	27762089	93734670	KCTD6
del:3p14.2	del	3p14.2	0.0011231	0.0011231	3	27762089	93734670	KLHDC8B
del:3p14.2	del	3p14.2	0.0011231	0.0011231	3	27762089	93734670	STT3B
del:3p14.2	del	3p14.2	0.0011231	0.0011231	3	27762089	93734670	DNAH12
del:3p14.2	del	3p14.2	0.0011231	0.0011231	3	27762089	93734670	PDE12
del:3p14.2	del	3p14.2	0.0011231	0.0011231	3	27762089	93734670	FAM116A
del:3p14.2	del	3p14.2	0.0011231	0.0011231	3	27762089	93734670	CADM2
del:3p14.2	del	3p14.2	0.0011231	0.0011231	3	27762089	93734670	ZNF620
del:3p14.2	del	3p14.2	0.0011231	0.0011231	3	27762089	93734670	ALS2CL
del:3p14.2	del	3p14.2	0.0011231	0.0011231	3	27762089	93734670	TMIE
del:3p14.2	del	3p14.2	0.0011231	0.0011231	3	27762089	93734670	C3orf64
del:3p14.2	del	3p14.2	0.0011231	0.0011231	3	27762089	93734670	FBXW12
del:3p14.2	del	3p14.2	0.0011231	0.0011231	3	27762089	93734670	C3orf38
del:3p14.2	del	3p14.2	0.0011231	0.0011231	3	27762089	93734670	ZNF619
del:3p14.2	del	3p14.2	0.0011231	0.0011231	3	27762089	93734670	ZNF621
del:3p14.2	del	3p14.2	0.0011231	0.0011231	3	27762089	93734670	CCDC66
del:3p14.2	del	3p14.2	0.0011231	0.0011231	3	27762089	93734670	C3orf23
del:3p14.2	del	3p14.2	0.0011231	0.0011231	3	27762089	93734670	ZNF660
del:3p14.2	del	3p14.2	0.0011231	0.0011231	3	27762089	93734670	LOC285401
del:3p14.2	del	3p14.2	0.0011231	0.0011231	3	27762089	93734670	EIF4E3
del:3p14.2	del	3p14.2	0.0011231	0.0011231	3	27762089	93734670	CCDC36
del:3p14.2	del	3p14.2	0.0011231	0.0011231	3	27762089	93734670	C3orf35
del:3p14.2	del	3p14.2	0.0011231	0.0011231	3	27762089	93734670	GADL1
del:3p14.2	del	3p14.2	0.0011231	0.0011231	3	27762089	93734670	PRSS42
del:3p14.2	del	3p14.2	0.0011231	0.0011231	3	27762089	93734670	ZNF860
del:3p14.2	del	3p14.2	0.0011231	0.0011231	3	27762089	93734670	ZNF445
del:3p14.2	del	3p14.2	0.0011231	0.0011231	3	27762089	93734670	SPATA12
del:3p14.2	del	3p14.2	0.0011231	0.0011231	3	27762089	93734670	C3orf77
del:3p14.2	del	3p14.2	0.0011231	0.0011231	3	27762089	93734670	C3orf62
del:3p14.2	del	3p14.2	0.0011231	0.0011231	3	27762089	93734670	TMEM110
del:3p14.2	del	3p14.2	0.0011231	0.0011231	3	27762089	93734670	PRSS45
del:3p14.2	del	3p14.2	0.0011231	0.0011231	3	27762089	93734670	AMIGO3
del:3p14.2	del	3p14.2	0.0011231	0.0011231	3	27762089	93734670	ZNF662
del:3p14.2	del	3p14.2	0.0011231	0.0011231	3	27762089	93734670	CDHR4
del:3p14.2	del	3p14.2	0.0011231	0.0011231	3	27762089	93734670	C3orf54
del:3p14.2	del	3p14.2	0.0011231	0.0011231	3	27762089	93734670	IQCF2
del:3p14.2	del	3p14.2	0.0011231	0.0011231	3	27762089	93734670	IQCF5
del:3p14.2	del	3p14.2	0.0011231	0.0011231	3	27762089	93734670	MUSTN1
del:3p14.2	del	3p14.2	0.0011231	0.0011231	3	27762089	93734670	VGLL3
del:3p14.2	del	3p14.2	0.0011231	0.0011231	3	27762089	93734670	IQCF3
del:3p14.2	del	3p14.2	0.0011231	0.0011231	3	27762089	93734670	FAM19A1
del:3p14.2	del	3p14.2	0.0011231	0.0011231	3	27762089	93734670	TMEM89
del:3p14.2	del	3p14.2	0.0011231	0.0011231	3	27762089	93734670	IQCF6
del:3p14.2	del	3p14.2	0.0011231	0.0011231	3	27762089	93734670	LOC440957
del:3p14.2	del	3p14.2	0.0011231	0.0011231	3	27762089	93734670	SNORA6
del:3p14.2	del	3p14.2	0.0011231	0.0011231	3	27762089	93734670	TMPPE
del:3p14.2	del	3p14.2	0.0011231	0.0011231	3	27762089	93734670	SPINK8
del:3p14.2	del	3p14.2	0.0011231	0.0011231	3	27762089	93734670	C3orf71
del:3p14.2	del	3p14.2	0.0011231	0.0011231	3	27762089	93734670	LOC646498
del:3p14.2	del	3p14.2	0.0011231	0.0011231	3	27762089	93734670	SNORD19
del:3p14.2	del	3p14.2	0.0011231	0.0011231	3	27762089	93734670	FAM86D
del:3p14.2	del	3p14.2	0.0011231	0.0011231	3	27762089	93734670	SNORD69
del:3p14.2	del	3p14.2	0.0011231	0.0011231	3	27762089	93734670	GXYLT2
del:3p14.2	del	3p14.2	0.0011231	0.0011231	3	27762089	93734670	FAM198A
del:3p14.2	del	3p14.2	0.0011231	0.0011231	3	27762089	93734670	CCR2
del:3p14.2	del	3p14.2	0.0011231	0.0011231	3	27762089	93734670	HESRG
del:3p14.2	del	3p14.2	0.0011231	0.0011231	3	27762089	93734670	SNORD19B
del:3p14.2	del	3p14.2	0.0011231	0.0011231	3	27762089	93734670	C3orf74
del:3p14.2	del	3p14.2	0.0011231	0.0011231	3	27762089	93734670	LOC100128640
del:3p14.2	del	3p14.2	0.0011231	0.0011231	3	27762089	93734670	NRADDP
del:3p14.2	del	3p14.2	0.0011231	0.0011231	3	27762089	93734670	ZNF717
del:3p14.2	del	3p14.2	0.0011231	0.0011231	3	27762089	93734670	FRG2C
del:15q15.1	del	15q15.1	0.0013833	0.0014077	15	27776739	47478056	hsa-mir-1233-2
del:15q15.1	del	15q15.1	0.0013833	0.0014077	15	27776739	47478056	hsa-mir-4310
del:15q15.1	del	15q15.1	0.0013833	0.0014077	15	27776739	47478056	hsa-mir-1282
del:15q15.1	del	15q15.1	0.0013833	0.0014077	15	27776739	47478056	hsa-mir-1233-1
del:15q15.1	del	15q15.1	0.0013833	0.0014077	15	27776739	47478056	hsa-mir-147b
del:15q15.1	del	15q15.1	0.0013833	0.0014077	15	27776739	47478056	hsa-mir-627
del:15q15.1	del	15q15.1	0.0013833	0.0014077	15	27776739	47478056	hsa-mir-626
del:15q15.1	del	15q15.1	0.0013833	0.0014077	15	27776739	47478056	hsa-mir-211
del:15q15.1	del	15q15.1	0.0013833	0.0014077	15	27776739	47478056	ACTC1
del:15q15.1	del	15q15.1	0.0013833	0.0014077	15	27776739	47478056	APBA2
del:15q15.1	del	15q15.1	0.0013833	0.0014077	15	27776739	47478056	B2M
del:15q15.1	del	15q15.1	0.0013833	0.0014077	15	27776739	47478056	BUB1B
del:15q15.1	del	15q15.1	0.0013833	0.0014077	15	27776739	47478056	CAPN3
del:15q15.1	del	15q15.1	0.0013833	0.0014077	15	27776739	47478056	CHRM5
del:15q15.1	del	15q15.1	0.0013833	0.0014077	15	27776739	47478056	CHRNA7
del:15q15.1	del	15q15.1	0.0013833	0.0014077	15	27776739	47478056	CKMT1B
del:15q15.1	del	15q15.1	0.0013833	0.0014077	15	27776739	47478056	EPB42
del:15q15.1	del	15q15.1	0.0013833	0.0014077	15	27776739	47478056	GANC
del:15q15.1	del	15q15.1	0.0013833	0.0014077	15	27776739	47478056	GATM
del:15q15.1	del	15q15.1	0.0013833	0.0014077	15	27776739	47478056	GCHFR
del:15q15.1	del	15q15.1	0.0013833	0.0014077	15	27776739	47478056	PDIA3
del:15q15.1	del	15q15.1	0.0013833	0.0014077	15	27776739	47478056	ITPKA
del:15q15.1	del	15q15.1	0.0013833	0.0014077	15	27776739	47478056	IVD
del:15q15.1	del	15q15.1	0.0013833	0.0014077	15	27776739	47478056	LTK
del:15q15.1	del	15q15.1	0.0013833	0.0014077	15	27776739	47478056	MAP1A
del:15q15.1	del	15q15.1	0.0013833	0.0014077	15	27776739	47478056	MEIS2
del:15q15.1	del	15q15.1	0.0013833	0.0014077	15	27776739	47478056	MFAP1
del:15q15.1	del	15q15.1	0.0013833	0.0014077	15	27776739	47478056	TRPM1
del:15q15.1	del	15q15.1	0.0013833	0.0014077	15	27776739	47478056	OCA2
del:15q15.1	del	15q15.1	0.0013833	0.0014077	15	27776739	47478056	PLCB2
del:15q15.1	del	15q15.1	0.0013833	0.0014077	15	27776739	47478056	RAD51
del:15q15.1	del	15q15.1	0.0013833	0.0014077	15	27776739	47478056	RYR3
del:15q15.1	del	15q15.1	0.0013833	0.0014077	15	27776739	47478056	SCG5
del:15q15.1	del	15q15.1	0.0013833	0.0014077	15	27776739	47478056	SORD
del:15q15.1	del	15q15.1	0.0013833	0.0014077	15	27776739	47478056	SPINT1
del:15q15.1	del	15q15.1	0.0013833	0.0014077	15	27776739	47478056	SRP14
del:15q15.1	del	15q15.1	0.0013833	0.0014077	15	27776739	47478056	THBS1
del:15q15.1	del	15q15.1	0.0013833	0.0014077	15	27776739	47478056	TJP1
del:15q15.1	del	15q15.1	0.0013833	0.0014077	15	27776739	47478056	TP53BP1
del:15q15.1	del	15q15.1	0.0013833	0.0014077	15	27776739	47478056	TYRO3
del:15q15.1	del	15q15.1	0.0013833	0.0014077	15	27776739	47478056	SLC30A4
del:15q15.1	del	15q15.1	0.0013833	0.0014077	15	27776739	47478056	EIF3J
del:15q15.1	del	15q15.1	0.0013833	0.0014077	15	27776739	47478056	JMJD7-PLA2G4B
del:15q15.1	del	15q15.1	0.0013833	0.0014077	15	27776739	47478056	SNAP23
del:15q15.1	del	15q15.1	0.0013833	0.0014077	15	27776739	47478056	HERC2
del:15q15.1	del	15q15.1	0.0013833	0.0014077	15	27776739	47478056	SLC28A2
del:15q15.1	del	15q15.1	0.0013833	0.0014077	15	27776739	47478056	TGM5
del:15q15.1	del	15q15.1	0.0013833	0.0014077	15	27776739	47478056	PPIP5K1
del:15q15.1	del	15q15.1	0.0013833	0.0014077	15	27776739	47478056	AQR
del:15q15.1	del	15q15.1	0.0013833	0.0014077	15	27776739	47478056	ARHGAP11A
del:15q15.1	del	15q15.1	0.0013833	0.0014077	15	27776739	47478056	LCMT2
del:15q15.1	del	15q15.1	0.0013833	0.0014077	15	27776739	47478056	SLC12A6
del:15q15.1	del	15q15.1	0.0013833	0.0014077	15	27776739	47478056	RASGRP1
del:15q15.1	del	15q15.1	0.0013833	0.0014077	15	27776739	47478056	SERF2
del:15q15.1	del	15q15.1	0.0013833	0.0014077	15	27776739	47478056	GPR176
del:15q15.1	del	15q15.1	0.0013833	0.0014077	15	27776739	47478056	CHP
del:15q15.1	del	15q15.1	0.0013833	0.0014077	15	27776739	47478056	OIP5
del:15q15.1	del	15q15.1	0.0013833	0.0014077	15	27776739	47478056	BAHD1
del:15q15.1	del	15q15.1	0.0013833	0.0014077	15	27776739	47478056	MTMR15
del:15q15.1	del	15q15.1	0.0013833	0.0014077	15	27776739	47478056	MAPKBP1
del:15q15.1	del	15q15.1	0.0013833	0.0014077	15	27776739	47478056	GOLGA8A
del:15q15.1	del	15q15.1	0.0013833	0.0014077	15	27776739	47478056	RTF1
del:15q15.1	del	15q15.1	0.0013833	0.0014077	15	27776739	47478056	MGA
del:15q15.1	del	15q15.1	0.0013833	0.0014077	15	27776739	47478056	VPS39
del:15q15.1	del	15q15.1	0.0013833	0.0014077	15	27776739	47478056	FAM189A1
del:15q15.1	del	15q15.1	0.0013833	0.0014077	15	27776739	47478056	CCNDBP1
del:15q15.1	del	15q15.1	0.0013833	0.0014077	15	27776739	47478056	C15orf63
del:15q15.1	del	15q15.1	0.0013833	0.0014077	15	27776739	47478056	TMEM87A
del:15q15.1	del	15q15.1	0.0013833	0.0014077	15	27776739	47478056	RPAP1
del:15q15.1	del	15q15.1	0.0013833	0.0014077	15	27776739	47478056	DKFZP434L187
del:15q15.1	del	15q15.1	0.0013833	0.0014077	15	27776739	47478056	PLDN
del:15q15.1	del	15q15.1	0.0013833	0.0014077	15	27776739	47478056	GREM1
del:15q15.1	del	15q15.1	0.0013833	0.0014077	15	27776739	47478056	RPUSD2
del:15q15.1	del	15q15.1	0.0013833	0.0014077	15	27776739	47478056	TUBGCP4
del:15q15.1	del	15q15.1	0.0013833	0.0014077	15	27776739	47478056	EHD4
del:15q15.1	del	15q15.1	0.0013833	0.0014077	15	27776739	47478056	DUOX2
del:15q15.1	del	15q15.1	0.0013833	0.0014077	15	27776739	47478056	NDUFAF1
del:15q15.1	del	15q15.1	0.0013833	0.0014077	15	27776739	47478056	NUSAP1
del:15q15.1	del	15q15.1	0.0013833	0.0014077	15	27776739	47478056	TMEM85
del:15q15.1	del	15q15.1	0.0013833	0.0014077	15	27776739	47478056	SPTBN5
del:15q15.1	del	15q15.1	0.0013833	0.0014077	15	27776739	47478056	CTDSPL2
del:15q15.1	del	15q15.1	0.0013833	0.0014077	15	27776739	47478056	KLF13
del:15q15.1	del	15q15.1	0.0013833	0.0014077	15	27776739	47478056	DUOX1
del:15q15.1	del	15q15.1	0.0013833	0.0014077	15	27776739	47478056	DLL4
del:15q15.1	del	15q15.1	0.0013833	0.0014077	15	27776739	47478056	INO80
del:15q15.1	del	15q15.1	0.0013833	0.0014077	15	27776739	47478056	PPP1R14D
del:15q15.1	del	15q15.1	0.0013833	0.0014077	15	27776739	47478056	MTMR10
del:15q15.1	del	15q15.1	0.0013833	0.0014077	15	27776739	47478056	ZNF770
del:15q15.1	del	15q15.1	0.0013833	0.0014077	15	27776739	47478056	HAUS2
del:15q15.1	del	15q15.1	0.0013833	0.0014077	15	27776739	47478056	FAM82A2
del:15q15.1	del	15q15.1	0.0013833	0.0014077	15	27776739	47478056	DNAJC17
del:15q15.1	del	15q15.1	0.0013833	0.0014077	15	27776739	47478056	NOP10
del:15q15.1	del	15q15.1	0.0013833	0.0014077	15	27776739	47478056	NDNL2
del:15q15.1	del	15q15.1	0.0013833	0.0014077	15	27776739	47478056	C15orf24
del:15q15.1	del	15q15.1	0.0013833	0.0014077	15	27776739	47478056	PAK6
del:15q15.1	del	15q15.1	0.0013833	0.0014077	15	27776739	47478056	CASC5
del:15q15.1	del	15q15.1	0.0013833	0.0014077	15	27776739	47478056	AVEN
del:15q15.1	del	15q15.1	0.0013833	0.0014077	15	27776739	47478056	GJD2
del:15q15.1	del	15q15.1	0.0013833	0.0014077	15	27776739	47478056	VPS18
del:15q15.1	del	15q15.1	0.0013833	0.0014077	15	27776739	47478056	SQRDL
del:15q15.1	del	15q15.1	0.0013833	0.0014077	15	27776739	47478056	ZFP106
del:15q15.1	del	15q15.1	0.0013833	0.0014077	15	27776739	47478056	SPATA5L1
del:15q15.1	del	15q15.1	0.0013833	0.0014077	15	27776739	47478056	CHAC1
del:15q15.1	del	15q15.1	0.0013833	0.0014077	15	27776739	47478056	C15orf29
del:15q15.1	del	15q15.1	0.0013833	0.0014077	15	27776739	47478056	WDR76
del:15q15.1	del	15q15.1	0.0013833	0.0014077	15	27776739	47478056	TMEM62
del:15q15.1	del	15q15.1	0.0013833	0.0014077	15	27776739	47478056	SPG11
del:15q15.1	del	15q15.1	0.0013833	0.0014077	15	27776739	47478056	ELL3
del:15q15.1	del	15q15.1	0.0013833	0.0014077	15	27776739	47478056	C15orf48
del:15q15.1	del	15q15.1	0.0013833	0.0014077	15	27776739	47478056	C15orf41
del:15q15.1	del	15q15.1	0.0013833	0.0014077	15	27776739	47478056	ZFYVE19
del:15q15.1	del	15q15.1	0.0013833	0.0014077	15	27776739	47478056	FRMD5
del:15q15.1	del	15q15.1	0.0013833	0.0014077	15	27776739	47478056	DISP2
del:15q15.1	del	15q15.1	0.0013833	0.0014077	15	27776739	47478056	CHRFAM7A
del:15q15.1	del	15q15.1	0.0013833	0.0014077	15	27776739	47478056	FAM7A3|89837|2of2
del:15q15.1	del	15q15.1	0.0013833	0.0014077	15	27776739	47478056	ARHGAP11B
del:15q15.1	del	15q15.1	0.0013833	0.0014077	15	27776739	47478056	ATPBD4
del:15q15.1	del	15q15.1	0.0013833	0.0014077	15	27776739	47478056	C15orf57
del:15q15.1	del	15q15.1	0.0013833	0.0014077	15	27776739	47478056	C15orf23
del:15q15.1	del	15q15.1	0.0013833	0.0014077	15	27776739	47478056	BMF
del:15q15.1	del	15q15.1	0.0013833	0.0014077	15	27776739	47478056	SHF
del:15q15.1	del	15q15.1	0.0013833	0.0014077	15	27776739	47478056	DUOXA1
del:15q15.1	del	15q15.1	0.0013833	0.0014077	15	27776739	47478056	CHST14
del:15q15.1	del	15q15.1	0.0013833	0.0014077	15	27776739	47478056	CASC4
del:15q15.1	del	15q15.1	0.0013833	0.0014077	15	27776739	47478056	TGM7
del:15q15.1	del	15q15.1	0.0013833	0.0014077	15	27776739	47478056	CATSPER2
del:15q15.1	del	15q15.1	0.0013833	0.0014077	15	27776739	47478056	PLA2G4E
del:15q15.1	del	15q15.1	0.0013833	0.0014077	15	27776739	47478056	TRIM69
del:15q15.1	del	15q15.1	0.0013833	0.0014077	15	27776739	47478056	C15orf43
del:15q15.1	del	15q15.1	0.0013833	0.0014077	15	27776739	47478056	LOC145845
del:15q15.1	del	15q15.1	0.0013833	0.0014077	15	27776739	47478056	TMCO5A
del:15q15.1	del	15q15.1	0.0013833	0.0014077	15	27776739	47478056	ZSCAN29
del:15q15.1	del	15q15.1	0.0013833	0.0014077	15	27776739	47478056	TTBK2
del:15q15.1	del	15q15.1	0.0013833	0.0014077	15	27776739	47478056	CDAN1
del:15q15.1	del	15q15.1	0.0013833	0.0014077	15	27776739	47478056	STRC
del:15q15.1	del	15q15.1	0.0013833	0.0014077	15	27776739	47478056	CSNK1A1P
del:15q15.1	del	15q15.1	0.0013833	0.0014077	15	27776739	47478056	OTUD7A
del:15q15.1	del	15q15.1	0.0013833	0.0014077	15	27776739	47478056	SPRED1
del:15q15.1	del	15q15.1	0.0013833	0.0014077	15	27776739	47478056	PGBD4
del:15q15.1	del	15q15.1	0.0013833	0.0014077	15	27776739	47478056	ADAL
del:15q15.1	del	15q15.1	0.0013833	0.0014077	15	27776739	47478056	EXD1
del:15q15.1	del	15q15.1	0.0013833	0.0014077	15	27776739	47478056	FSIP1
del:15q15.1	del	15q15.1	0.0013833	0.0014077	15	27776739	47478056	RHOV
del:15q15.1	del	15q15.1	0.0013833	0.0014077	15	27776739	47478056	UBR1
del:15q15.1	del	15q15.1	0.0013833	0.0014077	15	27776739	47478056	PATL2
del:15q15.1	del	15q15.1	0.0013833	0.0014077	15	27776739	47478056	LPCAT4
del:15q15.1	del	15q15.1	0.0013833	0.0014077	15	27776739	47478056	PLA2G4F
del:15q15.1	del	15q15.1	0.0013833	0.0014077	15	27776739	47478056	LRRC57
del:15q15.1	del	15q15.1	0.0013833	0.0014077	15	27776739	47478056	C15orf55
del:15q15.1	del	15q15.1	0.0013833	0.0014077	15	27776739	47478056	C15orf21
del:15q15.1	del	15q15.1	0.0013833	0.0014077	15	27776739	47478056	FAM98B
del:15q15.1	del	15q15.1	0.0013833	0.0014077	15	27776739	47478056	PLA2G4D
del:15q15.1	del	15q15.1	0.0013833	0.0014077	15	27776739	47478056	GOLGA8G|283768|2of2
del:15q15.1	del	15q15.1	0.0013833	0.0014077	15	27776739	47478056	FMN1
del:15q15.1	del	15q15.1	0.0013833	0.0014077	15	27776739	47478056	MRPL42P5
del:15q15.1	del	15q15.1	0.0013833	0.0014077	15	27776739	47478056	C15orf52
del:15q15.1	del	15q15.1	0.0013833	0.0014077	15	27776739	47478056	C15orf53
del:15q15.1	del	15q15.1	0.0013833	0.0014077	15	27776739	47478056	C15orf54
del:15q15.1	del	15q15.1	0.0013833	0.0014077	15	27776739	47478056	DUOXA2
del:15q15.1	del	15q15.1	0.0013833	0.0014077	15	27776739	47478056	WHAMML2
del:15q15.1	del	15q15.1	0.0013833	0.0014077	15	27776739	47478056	GOLGA8B
del:15q15.1	del	15q15.1	0.0013833	0.0014077	15	27776739	47478056	EIF2AK4
del:15q15.1	del	15q15.1	0.0013833	0.0014077	15	27776739	47478056	CATSPER2P1
del:15q15.1	del	15q15.1	0.0013833	0.0014077	15	27776739	47478056	CKMT1A
del:15q15.1	del	15q15.1	0.0013833	0.0014077	15	27776739	47478056	SERINC4
del:15q15.1	del	15q15.1	0.0013833	0.0014077	15	27776739	47478056	C15orf62
del:15q15.1	del	15q15.1	0.0013833	0.0014077	15	27776739	47478056	C15orf56
del:15q15.1	del	15q15.1	0.0013833	0.0014077	15	27776739	47478056	PHGR1
del:15q15.1	del	15q15.1	0.0013833	0.0014077	15	27776739	47478056	LOC723972
del:15q15.1	del	15q15.1	0.0013833	0.0014077	15	27776739	47478056	LOC728758
del:15q15.1	del	15q15.1	0.0013833	0.0014077	15	27776739	47478056	LOC729082
del:15q15.1	del	15q15.1	0.0013833	0.0014077	15	27776739	47478056	GOLGA8F|100132565|2of2
del:15q15.1	del	15q15.1	0.0013833	0.0014077	15	27776739	47478056	FAM7A2
del:13q14.2	del	13q14.2	0.0017967	0.0017967	13	48833767	49064807	RB1
del:13q14.2	del	13q14.2	0.0017967	0.0017967	13	48833767	49064807	LPAR6
del:7q36.1	del	7q36.1	0.0019786	0.0018758	7	128589505	159138663	hsa-mir-1975
del:7q36.1	del	7q36.1	0.0019786	0.0018758	7	128589505	159138663	hsa-mir-548f-4
del:7q36.1	del	7q36.1	0.0019786	0.0018758	7	128589505	159138663	hsa-mir-671
del:7q36.1	del	7q36.1	0.0019786	0.0018758	7	128589505	159138663	hsa-mir-595
del:7q36.1	del	7q36.1	0.0019786	0.0018758	7	128589505	159138663	hsa-mir-490
del:7q36.1	del	7q36.1	0.0019786	0.0018758	7	128589505	159138663	hsa-mir-335
del:7q36.1	del	7q36.1	0.0019786	0.0018758	7	128589505	159138663	hsa-mir-153-2
del:7q36.1	del	7q36.1	0.0019786	0.0018758	7	128589505	159138663	hsa-mir-183
del:7q36.1	del	7q36.1	0.0019786	0.0018758	7	128589505	159138663	hsa-mir-182
del:7q36.1	del	7q36.1	0.0019786	0.0018758	7	128589505	159138663	hsa-mir-29b-1
del:7q36.1	del	7q36.1	0.0019786	0.0018758	7	128589505	159138663	hsa-mir-96
del:7q36.1	del	7q36.1	0.0019786	0.0018758	7	128589505	159138663	hsa-mir-29a
del:7q36.1	del	7q36.1	0.0019786	0.0018758	7	128589505	159138663	ABP1
del:7q36.1	del	7q36.1	0.0019786	0.0018758	7	128589505	159138663	AKR1B1
del:7q36.1	del	7q36.1	0.0019786	0.0018758	7	128589505	159138663	BPGM
del:7q36.1	del	7q36.1	0.0019786	0.0018758	7	128589505	159138663	BRAF
del:7q36.1	del	7q36.1	0.0019786	0.0018758	7	128589505	159138663	CALD1
del:7q36.1	del	7q36.1	0.0019786	0.0018758	7	128589505	159138663	CASP2
del:7q36.1	del	7q36.1	0.0019786	0.0018758	7	128589505	159138663	CDK5
del:7q36.1	del	7q36.1	0.0019786	0.0018758	7	128589505	159138663	CHRM2
del:7q36.1	del	7q36.1	0.0019786	0.0018758	7	128589505	159138663	CLCN1
del:7q36.1	del	7q36.1	0.0019786	0.0018758	7	128589505	159138663	CPA1
del:7q36.1	del	7q36.1	0.0019786	0.0018758	7	128589505	159138663	CPA2
del:7q36.1	del	7q36.1	0.0019786	0.0018758	7	128589505	159138663	DPP6
del:7q36.1	del	7q36.1	0.0019786	0.0018758	7	128589505	159138663	EN2
del:7q36.1	del	7q36.1	0.0019786	0.0018758	7	128589505	159138663	EPHA1
del:7q36.1	del	7q36.1	0.0019786	0.0018758	7	128589505	159138663	EPHB6
del:7q36.1	del	7q36.1	0.0019786	0.0018758	7	128589505	159138663	EZH2
del:7q36.1	del	7q36.1	0.0019786	0.0018758	7	128589505	159138663	GBX1
del:7q36.1	del	7q36.1	0.0019786	0.0018758	7	128589505	159138663	MNX1
del:7q36.1	del	7q36.1	0.0019786	0.0018758	7	128589505	159138663	HTR5A
del:7q36.1	del	7q36.1	0.0019786	0.0018758	7	128589505	159138663	INSIG1
del:7q36.1	del	7q36.1	0.0019786	0.0018758	7	128589505	159138663	KCNH2
del:7q36.1	del	7q36.1	0.0019786	0.0018758	7	128589505	159138663	KEL
del:7q36.1	del	7q36.1	0.0019786	0.0018758	7	128589505	159138663	MEST
del:7q36.1	del	7q36.1	0.0019786	0.0018758	7	128589505	159138663	MKLN1
del:7q36.1	del	7q36.1	0.0019786	0.0018758	7	128589505	159138663	NDUFB2
del:7q36.1	del	7q36.1	0.0019786	0.0018758	7	128589505	159138663	NOS3
del:7q36.1	del	7q36.1	0.0019786	0.0018758	7	128589505	159138663	CNOT4
del:7q36.1	del	7q36.1	0.0019786	0.0018758	7	128589505	159138663	NRF1
del:7q36.1	del	7q36.1	0.0019786	0.0018758	7	128589505	159138663	PIP
del:7q36.1	del	7q36.1	0.0019786	0.0018758	7	128589505	159138663	PODXL
del:7q36.1	del	7q36.1	0.0019786	0.0018758	7	128589505	159138663	PRSS1
del:7q36.1	del	7q36.1	0.0019786	0.0018758	7	128589505	159138663	TAS2R38
del:7q36.1	del	7q36.1	0.0019786	0.0018758	7	128589505	159138663	PTN
del:7q36.1	del	7q36.1	0.0019786	0.0018758	7	128589505	159138663	PTPRN2
del:7q36.1	del	7q36.1	0.0019786	0.0018758	7	128589505	159138663	RARRES2
del:7q36.1	del	7q36.1	0.0019786	0.0018758	7	128589505	159138663	RHEB
del:7q36.1	del	7q36.1	0.0019786	0.0018758	7	128589505	159138663	SHH
del:7q36.1	del	7q36.1	0.0019786	0.0018758	7	128589505	159138663	SLC4A2
del:7q36.1	del	7q36.1	0.0019786	0.0018758	7	128589505	159138663	SMARCD3
del:7q36.1	del	7q36.1	0.0019786	0.0018758	7	128589505	159138663	SMO
del:7q36.1	del	7q36.1	0.0019786	0.0018758	7	128589505	159138663	AKR1D1
del:7q36.1	del	7q36.1	0.0019786	0.0018758	7	128589505	159138663	SSBP1
del:7q36.1	del	7q36.1	0.0019786	0.0018758	7	128589505	159138663	TBXAS1
del:7q36.1	del	7q36.1	0.0019786	0.0018758	7	128589505	159138663	UBE2H
del:7q36.1	del	7q36.1	0.0019786	0.0018758	7	128589505	159138663	VIPR2
del:7q36.1	del	7q36.1	0.0019786	0.0018758	7	128589505	159138663	XRCC2
del:7q36.1	del	7q36.1	0.0019786	0.0018758	7	128589505	159138663	ZYX
del:7q36.1	del	7q36.1	0.0019786	0.0018758	7	128589505	159138663	ARHGEF5
del:7q36.1	del	7q36.1	0.0019786	0.0018758	7	128589505	159138663	ZNF212
del:7q36.1	del	7q36.1	0.0019786	0.0018758	7	128589505	159138663	ZNF282
del:7q36.1	del	7q36.1	0.0019786	0.0018758	7	128589505	159138663	CUL1
del:7q36.1	del	7q36.1	0.0019786	0.0018758	7	128589505	159138663	TRIM24
del:7q36.1	del	7q36.1	0.0019786	0.0018758	7	128589505	159138663	MGAM
del:7q36.1	del	7q36.1	0.0019786	0.0018758	7	128589505	159138663	DGKI
del:7q36.1	del	7q36.1	0.0019786	0.0018758	7	128589505	159138663	ACCN3
del:7q36.1	del	7q36.1	0.0019786	0.0018758	7	128589505	159138663	PDIA4
del:7q36.1	del	7q36.1	0.0019786	0.0018758	7	128589505	159138663	UBE3C
del:7q36.1	del	7q36.1	0.0019786	0.0018758	7	128589505	159138663	FAM131B
del:7q36.1	del	7q36.1	0.0019786	0.0018758	7	128589505	159138663	FAM115A
del:7q36.1	del	7q36.1	0.0019786	0.0018758	7	128589505	159138663	DNAJB6
del:7q36.1	del	7q36.1	0.0019786	0.0018758	7	128589505	159138663	ABCF2
del:7q36.1	del	7q36.1	0.0019786	0.0018758	7	128589505	159138663	FASTK
del:7q36.1	del	7q36.1	0.0019786	0.0018758	7	128589505	159138663	ABCB8
del:7q36.1	del	7q36.1	0.0019786	0.0018758	7	128589505	159138663	PAXIP1
del:7q36.1	del	7q36.1	0.0019786	0.0018758	7	128589505	159138663	KLHDC10
del:7q36.1	del	7q36.1	0.0019786	0.0018758	7	128589505	159138663	SSPO
del:7q36.1	del	7q36.1	0.0019786	0.0018758	7	128589505	159138663	NUP205
del:7q36.1	del	7q36.1	0.0019786	0.0018758	7	128589505	159138663	AHCYL2
del:7q36.1	del	7q36.1	0.0019786	0.0018758	7	128589505	159138663	TNPO3
del:7q36.1	del	7q36.1	0.0019786	0.0018758	7	128589505	159138663	CLEC5A
del:7q36.1	del	7q36.1	0.0019786	0.0018758	7	128589505	159138663	MKRN1
del:7q36.1	del	7q36.1	0.0019786	0.0018758	7	128589505	159138663	CNTNAP2
del:7q36.1	del	7q36.1	0.0019786	0.0018758	7	128589505	159138663	GIMAP2
del:7q36.1	del	7q36.1	0.0019786	0.0018758	7	128589505	159138663	OR2F1
del:7q36.1	del	7q36.1	0.0019786	0.0018758	7	128589505	159138663	SLC13A4
del:7q36.1	del	7q36.1	0.0019786	0.0018758	7	128589505	159138663	COPG2
del:7q36.1	del	7q36.1	0.0019786	0.0018758	7	128589505	159138663	TPK1
del:7q36.1	del	7q36.1	0.0019786	0.0018758	7	128589505	159138663	DENND2A
del:7q36.1	del	7q36.1	0.0019786	0.0018758	7	128589505	159138663	ZNF777
del:7q36.1	del	7q36.1	0.0019786	0.0018758	7	128589505	159138663	TMEM176B
del:7q36.1	del	7q36.1	0.0019786	0.0018758	7	128589505	159138663	HIPK2
del:7q36.1	del	7q36.1	0.0019786	0.0018758	7	128589505	159138663	WDR91
del:7q36.1	del	7q36.1	0.0019786	0.0018758	7	128589505	159138663	REPIN1
del:7q36.1	del	7q36.1	0.0019786	0.0018758	7	128589505	159138663	ATP6V0A4
del:7q36.1	del	7q36.1	0.0019786	0.0018758	7	128589505	159138663	TAS2R3
del:7q36.1	del	7q36.1	0.0019786	0.0018758	7	128589505	159138663	TAS2R4
del:7q36.1	del	7q36.1	0.0019786	0.0018758	7	128589505	159138663	CPA4
del:7q36.1	del	7q36.1	0.0019786	0.0018758	7	128589505	159138663	PRKAG2
del:7q36.1	del	7q36.1	0.0019786	0.0018758	7	128589505	159138663	ZC3HC1
del:7q36.1	del	7q36.1	0.0019786	0.0018758	7	128589505	159138663	LUC7L2
del:7q36.1	del	7q36.1	0.0019786	0.0018758	7	128589505	159138663	MRPS33
del:7q36.1	del	7q36.1	0.0019786	0.0018758	7	128589505	159138663	NUB1
del:7q36.1	del	7q36.1	0.0019786	0.0018758	7	128589505	159138663	TAS2R5
del:7q36.1	del	7q36.1	0.0019786	0.0018758	7	128589505	159138663	CHPF2
del:7q36.1	del	7q36.1	0.0019786	0.0018758	7	128589505	159138663	NCAPG2
del:7q36.1	del	7q36.1	0.0019786	0.0018758	7	128589505	159138663	CHCHD3
del:7q36.1	del	7q36.1	0.0019786	0.0018758	7	128589505	159138663	WDR60
del:7q36.1	del	7q36.1	0.0019786	0.0018758	7	128589505	159138663	TMEM140
del:7q36.1	del	7q36.1	0.0019786	0.0018758	7	128589505	159138663	GIMAP4
del:7q36.1	del	7q36.1	0.0019786	0.0018758	7	128589505	159138663	GIMAP5
del:7q36.1	del	7q36.1	0.0019786	0.0018758	7	128589505	159138663	TMEM176A
del:7q36.1	del	7q36.1	0.0019786	0.0018758	7	128589505	159138663	TRPV6
del:7q36.1	del	7q36.1	0.0019786	0.0018758	7	128589505	159138663	AGK
del:7q36.1	del	7q36.1	0.0019786	0.0018758	7	128589505	159138663	TRPV5
del:7q36.1	del	7q36.1	0.0019786	0.0018758	7	128589505	159138663	ZC3HAV1
del:7q36.1	del	7q36.1	0.0019786	0.0018758	7	128589505	159138663	AKR1B10
del:7q36.1	del	7q36.1	0.0019786	0.0018758	7	128589505	159138663	ACTR3B
del:7q36.1	del	7q36.1	0.0019786	0.0018758	7	128589505	159138663	KIAA1147
del:7q36.1	del	7q36.1	0.0019786	0.0018758	7	128589505	159138663	FAM40B
del:7q36.1	del	7q36.1	0.0019786	0.0018758	7	128589505	159138663	ESYT2
del:7q36.1	del	7q36.1	0.0019786	0.0018758	7	128589505	159138663	ZNF398
del:7q36.1	del	7q36.1	0.0019786	0.0018758	7	128589505	159138663	KIAA1549
del:7q36.1	del	7q36.1	0.0019786	0.0018758	7	128589505	159138663	MLL3
del:7q36.1	del	7q36.1	0.0019786	0.0018758	7	128589505	159138663	EXOC4
del:7q36.1	del	7q36.1	0.0019786	0.0018758	7	128589505	159138663	GALNT11
del:7q36.1	del	7q36.1	0.0019786	0.0018758	7	128589505	159138663	LMBR1
del:7q36.1	del	7q36.1	0.0019786	0.0018758	7	128589505	159138663	C7orf4
del:7q36.1	del	7q36.1	0.0019786	0.0018758	7	128589505	159138663	NOM1
del:7q36.1	del	7q36.1	0.0019786	0.0018758	7	128589505	159138663	PARP12
del:7q36.1	del	7q36.1	0.0019786	0.0018758	7	128589505	159138663	CREB3L2
del:7q36.1	del	7q36.1	0.0019786	0.0018758	7	128589505	159138663	LRRC61
del:7q36.1	del	7q36.1	0.0019786	0.0018758	7	128589505	159138663	C7orf49
del:7q36.1	del	7q36.1	0.0019786	0.0018758	7	128589505	159138663	ZNF767
del:7q36.1	del	7q36.1	0.0019786	0.0018758	7	128589505	159138663	TTC26
del:7q36.1	del	7q36.1	0.0019786	0.0018758	7	128589505	159138663	JHDM1D
del:7q36.1	del	7q36.1	0.0019786	0.0018758	7	128589505	159138663	TMUB1
del:7q36.1	del	7q36.1	0.0019786	0.0018758	7	128589505	159138663	SLC37A3
del:7q36.1	del	7q36.1	0.0019786	0.0018758	7	128589505	159138663	KRBA1
del:7q36.1	del	7q36.1	0.0019786	0.0018758	7	128589505	159138663	SLC35B4
del:7q36.1	del	7q36.1	0.0019786	0.0018758	7	128589505	159138663	TMEM209
del:7q36.1	del	7q36.1	0.0019786	0.0018758	7	128589505	159138663	OR6W1P
del:7q36.1	del	7q36.1	0.0019786	0.0018758	7	128589505	159138663	ADCK2
del:7q36.1	del	7q36.1	0.0019786	0.0018758	7	128589505	159138663	PLXNA4
del:7q36.1	del	7q36.1	0.0019786	0.0018758	7	128589505	159138663	ZC3HAV1L
del:7q36.1	del	7q36.1	0.0019786	0.0018758	7	128589505	159138663	LOC93432
del:7q36.1	del	7q36.1	0.0019786	0.0018758	7	128589505	159138663	CPA5
del:7q36.1	del	7q36.1	0.0019786	0.0018758	7	128589505	159138663	TSGA14
del:7q36.1	del	7q36.1	0.0019786	0.0018758	7	128589505	159138663	C7orf29
del:7q36.1	del	7q36.1	0.0019786	0.0018758	7	128589505	159138663	TSGA13
del:7q36.1	del	7q36.1	0.0019786	0.0018758	7	128589505	159138663	AGAP3
del:7q36.1	del	7q36.1	0.0019786	0.0018758	7	128589505	159138663	C7orf13
del:7q36.1	del	7q36.1	0.0019786	0.0018758	7	128589505	159138663	OR9A4
del:7q36.1	del	7q36.1	0.0019786	0.0018758	7	128589505	159138663	OR9A2
del:7q36.1	del	7q36.1	0.0019786	0.0018758	7	128589505	159138663	C7orf34
del:7q36.1	del	7q36.1	0.0019786	0.0018758	7	128589505	159138663	TMEM139
del:7q36.1	del	7q36.1	0.0019786	0.0018758	7	128589505	159138663	NOBOX
del:7q36.1	del	7q36.1	0.0019786	0.0018758	7	128589505	159138663	OR2A14
del:7q36.1	del	7q36.1	0.0019786	0.0018758	7	128589505	159138663	OR6B1
del:7q36.1	del	7q36.1	0.0019786	0.0018758	7	128589505	159138663	OR2F2
del:7q36.1	del	7q36.1	0.0019786	0.0018758	7	128589505	159138663	ZNF786
del:7q36.1	del	7q36.1	0.0019786	0.0018758	7	128589505	159138663	PRSS37
del:7q36.1	del	7q36.1	0.0019786	0.0018758	7	128589505	159138663	KLF14
del:7q36.1	del	7q36.1	0.0019786	0.0018758	7	128589505	159138663	C7orf45
del:7q36.1	del	7q36.1	0.0019786	0.0018758	7	128589505	159138663	SVOPL
del:7q36.1	del	7q36.1	0.0019786	0.0018758	7	128589505	159138663	LRGUK
del:7q36.1	del	7q36.1	0.0019786	0.0018758	7	128589505	159138663	ASB10
del:7q36.1	del	7q36.1	0.0019786	0.0018758	7	128589505	159138663	TRYX3
del:7q36.1	del	7q36.1	0.0019786	0.0018758	7	128589505	159138663	?|136542
del:7q36.1	del	7q36.1	0.0019786	0.0018758	7	128589505	159138663	RNF32
del:7q36.1	del	7q36.1	0.0019786	0.0018758	7	128589505	159138663	TRY6
del:7q36.1	del	7q36.1	0.0019786	0.0018758	7	128589505	159138663	LOC154761
del:7q36.1	del	7q36.1	0.0019786	0.0018758	7	128589505	159138663	CLEC2L
del:7q36.1	del	7q36.1	0.0019786	0.0018758	7	128589505	159138663	C7orf55
del:7q36.1	del	7q36.1	0.0019786	0.0018758	7	128589505	159138663	LOC154822
del:7q36.1	del	7q36.1	0.0019786	0.0018758	7	128589505	159138663	TMEM213
del:7q36.1	del	7q36.1	0.0019786	0.0018758	7	128589505	159138663	GIMAP8
del:7q36.1	del	7q36.1	0.0019786	0.0018758	7	128589505	159138663	CRYGN
del:7q36.1	del	7q36.1	0.0019786	0.0018758	7	128589505	159138663	ZNF425
del:7q36.1	del	7q36.1	0.0019786	0.0018758	7	128589505	159138663	?|155060
del:7q36.1	del	7q36.1	0.0019786	0.0018758	7	128589505	159138663	ZNF746
del:7q36.1	del	7q36.1	0.0019786	0.0018758	7	128589505	159138663	ATP6V0E2
del:7q36.1	del	7q36.1	0.0019786	0.0018758	7	128589505	159138663	RBM33
del:7q36.1	del	7q36.1	0.0019786	0.0018758	7	128589505	159138663	GALNTL5
del:7q36.1	del	7q36.1	0.0019786	0.0018758	7	128589505	159138663	GIMAP7
del:7q36.1	del	7q36.1	0.0019786	0.0018758	7	128589505	159138663	ZNF467
del:7q36.1	del	7q36.1	0.0019786	0.0018758	7	128589505	159138663	GIMAP1
del:7q36.1	del	7q36.1	0.0019786	0.0018758	7	128589505	159138663	LOC202781
del:7q36.1	del	7q36.1	0.0019786	0.0018758	7	128589505	159138663	C7orf33
del:7q36.1	del	7q36.1	0.0019786	0.0018758	7	128589505	159138663	FABP5L3
del:7q36.1	del	7q36.1	0.0019786	0.0018758	7	128589505	159138663	UBN2
del:7q36.1	del	7q36.1	0.0019786	0.0018758	7	128589505	159138663	TAS2R39
del:7q36.1	del	7q36.1	0.0019786	0.0018758	7	128589505	159138663	TAS2R40
del:7q36.1	del	7q36.1	0.0019786	0.0018758	7	128589505	159138663	TAS2R41
del:7q36.1	del	7q36.1	0.0019786	0.0018758	7	128589505	159138663	CNPY1
del:7q36.1	del	7q36.1	0.0019786	0.0018758	7	128589505	159138663	FLJ40852
del:7q36.1	del	7q36.1	0.0019786	0.0018758	7	128589505	159138663	FAM115C
del:7q36.1	del	7q36.1	0.0019786	0.0018758	7	128589505	159138663	ZNF775
del:7q36.1	del	7q36.1	0.0019786	0.0018758	7	128589505	159138663	ATG9B
del:7q36.1	del	7q36.1	0.0019786	0.0018758	7	128589505	159138663	TPI1P2
del:7q36.1	del	7q36.1	0.0019786	0.0018758	7	128589505	159138663	MESTIT1
del:7q36.1	del	7q36.1	0.0019786	0.0018758	7	128589505	159138663	TAS2R60
del:7q36.1	del	7q36.1	0.0019786	0.0018758	7	128589505	159138663	CTAGE6
del:7q36.1	del	7q36.1	0.0019786	0.0018758	7	128589505	159138663	TSPAN33
del:7q36.1	del	7q36.1	0.0019786	0.0018758	7	128589505	159138663	AGBL3
del:7q36.1	del	7q36.1	0.0019786	0.0018758	7	128589505	159138663	OR6V1
del:7q36.1	del	7q36.1	0.0019786	0.0018758	7	128589505	159138663	OR2A12
del:7q36.1	del	7q36.1	0.0019786	0.0018758	7	128589505	159138663	OR2A1|346528|2of2
del:7q36.1	del	7q36.1	0.0019786	0.0018758	7	128589505	159138663	STRA8
del:7q36.1	del	7q36.1	0.0019786	0.0018758	7	128589505	159138663	KLRG2
del:7q36.1	del	7q36.1	0.0019786	0.0018758	7	128589505	159138663	WDR86
del:7q36.1	del	7q36.1	0.0019786	0.0018758	7	128589505	159138663	GSTK1
del:7q36.1	del	7q36.1	0.0019786	0.0018758	7	128589505	159138663	FLJ43663
del:7q36.1	del	7q36.1	0.0019786	0.0018758	7	128589505	159138663	FAM180A
del:7q36.1	del	7q36.1	0.0019786	0.0018758	7	128589505	159138663	OR2A25
del:7q36.1	del	7q36.1	0.0019786	0.0018758	7	128589505	159138663	OR2A5
del:7q36.1	del	7q36.1	0.0019786	0.0018758	7	128589505	159138663	RAB19
del:7q36.1	del	7q36.1	0.0019786	0.0018758	7	128589505	159138663	OR2A7
del:7q36.1	del	7q36.1	0.0019786	0.0018758	7	128589505	159138663	LOC401431
del:7q36.1	del	7q36.1	0.0019786	0.0018758	7	128589505	159138663	LOC407835
del:7q36.1	del	7q36.1	0.0019786	0.0018758	7	128589505	159138663	AKR1B15
del:7q36.1	del	7q36.1	0.0019786	0.0018758	7	128589505	159138663	LOC441294
del:7q36.1	del	7q36.1	0.0019786	0.0018758	7	128589505	159138663	OR2A9P|441295|2of2
del:7q36.1	del	7q36.1	0.0019786	0.0018758	7	128589505	159138663	OR2A2
del:7q36.1	del	7q36.1	0.0019786	0.0018758	7	128589505	159138663	ARHGEF35
del:7q36.1	del	7q36.1	0.0019786	0.0018758	7	128589505	159138663	GIMAP6
del:7q36.1	del	7q36.1	0.0019786	0.0018758	7	128589505	159138663	WEE2
del:7q36.1	del	7q36.1	0.0019786	0.0018758	7	128589505	159138663	ZNF862
del:7q36.1	del	7q36.1	0.0019786	0.0018758	7	128589505	159138663	PL-5283
del:7q36.1	del	7q36.1	0.0019786	0.0018758	7	128589505	159138663	ACTR3C
del:7q36.1	del	7q36.1	0.0019786	0.0018758	7	128589505	159138663	LOC728743
del:7q36.1	del	7q36.1	0.0019786	0.0018758	7	128589505	159138663	LUZP6
del:7q36.1	del	7q36.1	0.0019786	0.0018758	7	128589505	159138663	LOC100124692
del:7q36.1	del	7q36.1	0.0019786	0.0018758	7	128589505	159138663	LOC100128542
del:7q36.1	del	7q36.1	0.0019786	0.0018758	7	128589505	159138663	CTAGE4|100128553|2of2
del:7q36.1	del	7q36.1	0.0019786	0.0018758	7	128589505	159138663	LOC100128822
del:7q36.1	del	7q36.1	0.0019786	0.0018758	7	128589505	159138663	LOC100132707
del:7q36.1	del	7q36.1	0.0019786	0.0018758	7	128589505	159138663	LOC100134229
del:7q36.1	del	7q36.1	0.0019786	0.0018758	7	128589505	159138663	LOC100134713
del:22q13.31	del	22q13.31	0.0021159	0.0021159	22	45095899	51304566	hsa-mir-3201
del:22q13.31	del	22q13.31	0.0021159	0.0021159	22	45095899	51304566	hsa-mir-1249
del:22q13.31	del	22q13.31	0.0021159	0.0021159	22	45095899	51304566	hsa-let-7b
del:22q13.31	del	22q13.31	0.0021159	0.0021159	22	45095899	51304566	hsa-let-7a-3
del:22q13.31	del	22q13.31	0.0021159	0.0021159	22	45095899	51304566	ACR
del:22q13.31	del	22q13.31	0.0021159	0.0021159	22	45095899	51304566	ARSA
del:22q13.31	del	22q13.31	0.0021159	0.0021159	22	45095899	51304566	CHKB
del:22q13.31	del	22q13.31	0.0021159	0.0021159	22	45095899	51304566	CPT1B
del:22q13.31	del	22q13.31	0.0021159	0.0021159	22	45095899	51304566	TYMP
del:22q13.31	del	22q13.31	0.0021159	0.0021159	22	45095899	51304566	FBLN1
del:22q13.31	del	22q13.31	0.0021159	0.0021159	22	45095899	51304566	PPARA
del:22q13.31	del	22q13.31	0.0021159	0.0021159	22	45095899	51304566	MAPK11
del:22q13.31	del	22q13.31	0.0021159	0.0021159	22	45095899	51304566	MAPK12
del:22q13.31	del	22q13.31	0.0021159	0.0021159	22	45095899	51304566	SBF1
del:22q13.31	del	22q13.31	0.0021159	0.0021159	22	45095899	51304566	UPK3A
del:22q13.31	del	22q13.31	0.0021159	0.0021159	22	45095899	51304566	WNT7B
del:22q13.31	del	22q13.31	0.0021159	0.0021159	22	45095899	51304566	CELSR1
del:22q13.31	del	22q13.31	0.0021159	0.0021159	22	45095899	51304566	SAPS2
del:22q13.31	del	22q13.31	0.0021159	0.0021159	22	45095899	51304566	ZBED4
del:22q13.31	del	22q13.31	0.0021159	0.0021159	22	45095899	51304566	SCO2
del:22q13.31	del	22q13.31	0.0021159	0.0021159	22	45095899	51304566	PKDREJ
del:22q13.31	del	22q13.31	0.0021159	0.0021159	22	45095899	51304566	NUP50
del:22q13.31	del	22q13.31	0.0021159	0.0021159	22	45095899	51304566	RABL2B
del:22q13.31	del	22q13.31	0.0021159	0.0021159	22	45095899	51304566	GRAMD4
del:22q13.31	del	22q13.31	0.0021159	0.0021159	22	45095899	51304566	MLC1
del:22q13.31	del	22q13.31	0.0021159	0.0021159	22	45095899	51304566	C22orf9
del:22q13.31	del	22q13.31	0.0021159	0.0021159	22	45095899	51304566	MAPK8IP2
del:22q13.31	del	22q13.31	0.0021159	0.0021159	22	45095899	51304566	PLXNB2
del:22q13.31	del	22q13.31	0.0021159	0.0021159	22	45095899	51304566	BRD1
del:22q13.31	del	22q13.31	0.0021159	0.0021159	22	45095899	51304566	ARHGAP8
del:22q13.31	del	22q13.31	0.0021159	0.0021159	22	45095899	51304566	TBC1D22A
del:22q13.31	del	22q13.31	0.0021159	0.0021159	22	45095899	51304566	ATXN10
del:22q13.31	del	22q13.31	0.0021159	0.0021159	22	45095899	51304566	FAM19A5
del:22q13.31	del	22q13.31	0.0021159	0.0021159	22	45095899	51304566	RIBC2
del:22q13.31	del	22q13.31	0.0021159	0.0021159	22	45095899	51304566	SMC1B
del:22q13.31	del	22q13.31	0.0021159	0.0021159	22	45095899	51304566	NCAPH2
del:22q13.31	del	22q13.31	0.0021159	0.0021159	22	45095899	51304566	GTSE1
del:22q13.31	del	22q13.31	0.0021159	0.0021159	22	45095899	51304566	MOV10L1
del:22q13.31	del	22q13.31	0.0021159	0.0021159	22	45095899	51304566	FAM118A
del:22q13.31	del	22q13.31	0.0021159	0.0021159	22	45095899	51304566	TTC38
del:22q13.31	del	22q13.31	0.0021159	0.0021159	22	45095899	51304566	C22orf26
del:22q13.31	del	22q13.31	0.0021159	0.0021159	22	45095899	51304566	MIOX
del:22q13.31	del	22q13.31	0.0021159	0.0021159	22	45095899	51304566	TRMU
del:22q13.31	del	22q13.31	0.0021159	0.0021159	22	45095899	51304566	PANX2
del:22q13.31	del	22q13.31	0.0021159	0.0021159	22	45095899	51304566	CERK
del:22q13.31	del	22q13.31	0.0021159	0.0021159	22	45095899	51304566	ALG12
del:22q13.31	del	22q13.31	0.0021159	0.0021159	22	45095899	51304566	CRELD2
del:22q13.31	del	22q13.31	0.0021159	0.0021159	22	45095899	51304566	ADM2
del:22q13.31	del	22q13.31	0.0021159	0.0021159	22	45095899	51304566	TRABD
del:22q13.31	del	22q13.31	0.0021159	0.0021159	22	45095899	51304566	SELO
del:22q13.31	del	22q13.31	0.0021159	0.0021159	22	45095899	51304566	HDAC10
del:22q13.31	del	22q13.31	0.0021159	0.0021159	22	45095899	51304566	SHANK3
del:22q13.31	del	22q13.31	0.0021159	0.0021159	22	45095899	51304566	TUBGCP6
del:22q13.31	del	22q13.31	0.0021159	0.0021159	22	45095899	51304566	LOC90834
del:22q13.31	del	22q13.31	0.0021159	0.0021159	22	45095899	51304566	LMF2
del:22q13.31	del	22q13.31	0.0021159	0.0021159	22	45095899	51304566	PHF21B
del:22q13.31	del	22q13.31	0.0021159	0.0021159	22	45095899	51304566	KLHDC7B
del:22q13.31	del	22q13.31	0.0021159	0.0021159	22	45095899	51304566	LOC150381
del:22q13.31	del	22q13.31	0.0021159	0.0021159	22	45095899	51304566	C22orf40
del:22q13.31	del	22q13.31	0.0021159	0.0021159	22	45095899	51304566	CN5H6.4
del:22q13.31	del	22q13.31	0.0021159	0.0021159	22	45095899	51304566	TTLL8
del:22q13.31	del	22q13.31	0.0021159	0.0021159	22	45095899	51304566	RPL23AP82
del:22q13.31	del	22q13.31	0.0021159	0.0021159	22	45095899	51304566	C22orf34
del:22q13.31	del	22q13.31	0.0021159	0.0021159	22	45095899	51304566	CHKB-CPT1B
del:22q13.31	del	22q13.31	0.0021159	0.0021159	22	45095899	51304566	LOC400931
del:22q13.31	del	22q13.31	0.0021159	0.0021159	22	45095899	51304566	IL17REL
del:22q13.31	del	22q13.31	0.0021159	0.0021159	22	45095899	51304566	FAM116B
del:22q13.31	del	22q13.31	0.0021159	0.0021159	22	45095899	51304566	PIM3
del:22q13.31	del	22q13.31	0.0021159	0.0021159	22	45095899	51304566	ODF3B
del:22q13.31	del	22q13.31	0.0021159	0.0021159	22	45095899	51304566	PRR5-ARHGAP8
del:22q13.31	del	22q13.31	0.0021159	0.0021159	22	45095899	51304566	C22orf41
del:22q13.31	del	22q13.31	0.0021159	0.0021159	22	45095899	51304566	LOC730668
del:22q13.31	del	22q13.31	0.0021159	0.0021159	22	45095899	51304566	LOC100144603
del:22q13.31	del	22q13.31	0.0021159	0.0021159	22	45095899	51304566	LOC100271722
del:7p22.3	del	7p22.3	0.0021875	0.0023589	7	1	16503059	hsa-mir-589
del:7p22.3	del	7p22.3	0.0021875	0.0023589	7	1	16503059	hsa-mir-339
del:7p22.3	del	7p22.3	0.0021875	0.0023589	7	1	16503059	ACTB
del:7p22.3	del	7p22.3	0.0021875	0.0023589	7	1	16503059	DGKB
del:7p22.3	del	7p22.3	0.0021875	0.0023589	7	1	16503059	ETV1
del:7p22.3	del	7p22.3	0.0021875	0.0023589	7	1	16503059	GNA12
del:7p22.3	del	7p22.3	0.0021875	0.0023589	7	1	16503059	GPER
del:7p22.3	del	7p22.3	0.0021875	0.0023589	7	1	16503059	ICA1
del:7p22.3	del	7p22.3	0.0021875	0.0023589	7	1	16503059	LFNG
del:7p22.3	del	7p22.3	0.0021875	0.0023589	7	1	16503059	MEOX2
del:7p22.3	del	7p22.3	0.0021875	0.0023589	7	1	16503059	NUDT1
del:7p22.3	del	7p22.3	0.0021875	0.0023589	7	1	16503059	NDUFA4
del:7p22.3	del	7p22.3	0.0021875	0.0023589	7	1	16503059	PDGFA
del:7p22.3	del	7p22.3	0.0021875	0.0023589	7	1	16503059	PMS2
del:7p22.3	del	7p22.3	0.0021875	0.0023589	7	1	16503059	PRKAR1B
del:7p22.3	del	7p22.3	0.0021875	0.0023589	7	1	16503059	RAC1
del:7p22.3	del	7p22.3	0.0021875	0.0023589	7	1	16503059	RPA3
del:7p22.3	del	7p22.3	0.0021875	0.0023589	7	1	16503059	FSCN1
del:7p22.3	del	7p22.3	0.0021875	0.0023589	7	1	16503059	ZNF12
del:7p22.3	del	7p22.3	0.0021875	0.0023589	7	1	16503059	AIMP2
del:7p22.3	del	7p22.3	0.0021875	0.0023589	7	1	16503059	MAFK
del:7p22.3	del	7p22.3	0.0021875	0.0023589	7	1	16503059	MAD1L1
del:7p22.3	del	7p22.3	0.0021875	0.0023589	7	1	16503059	EIF3B
del:7p22.3	del	7p22.3	0.0021875	0.0023589	7	1	16503059	CYTH3
del:7p22.3	del	7p22.3	0.0021875	0.0023589	7	1	16503059	PHF14
del:7p22.3	del	7p22.3	0.0021875	0.0023589	7	1	16503059	KIAA0415
del:7p22.3	del	7p22.3	0.0021875	0.0023589	7	1	16503059	ARL4A
del:7p22.3	del	7p22.3	0.0021875	0.0023589	7	1	16503059	KDELR2
del:7p22.3	del	7p22.3	0.0021875	0.0023589	7	1	16503059	ADAP1
del:7p22.3	del	7p22.3	0.0021875	0.0023589	7	1	16503059	IQCE
del:7p22.3	del	7p22.3	0.0021875	0.0023589	7	1	16503059	SUN1
del:7p22.3	del	7p22.3	0.0021875	0.0023589	7	1	16503059	WIPI2
del:7p22.3	del	7p22.3	0.0021875	0.0023589	7	1	16503059	INTS1
del:7p22.3	del	7p22.3	0.0021875	0.0023589	7	1	16503059	EIF2AK1
del:7p22.3	del	7p22.3	0.0021875	0.0023589	7	1	16503059	SNX8
del:7p22.3	del	7p22.3	0.0021875	0.0023589	7	1	16503059	FTSJ2
del:7p22.3	del	7p22.3	0.0021875	0.0023589	7	1	16503059	NXPH1
del:7p22.3	del	7p22.3	0.0021875	0.0023589	7	1	16503059	GET4
del:7p22.3	del	7p22.3	0.0021875	0.0023589	7	1	16503059	C7orf28A
del:7p22.3	del	7p22.3	0.0021875	0.0023589	7	1	16503059	MIOS
del:7p22.3	del	7p22.3	0.0021875	0.0023589	7	1	16503059	RNF216
del:7p22.3	del	7p22.3	0.0021875	0.0023589	7	1	16503059	TMEM106B
del:7p22.3	del	7p22.3	0.0021875	0.0023589	7	1	16503059	ZNF853
del:7p22.3	del	7p22.3	0.0021875	0.0023589	7	1	16503059	CYP2W1
del:7p22.3	del	7p22.3	0.0021875	0.0023589	7	1	16503059	HEATR2
del:7p22.3	del	7p22.3	0.0021875	0.0023589	7	1	16503059	ZDHHC4
del:7p22.3	del	7p22.3	0.0021875	0.0023589	7	1	16503059	CHST12
del:7p22.3	del	7p22.3	0.0021875	0.0023589	7	1	16503059	RADIL
del:7p22.3	del	7p22.3	0.0021875	0.0023589	7	1	16503059	PAPOLB
del:7p22.3	del	7p22.3	0.0021875	0.0023589	7	1	16503059	C1GALT1
del:7p22.3	del	7p22.3	0.0021875	0.0023589	7	1	16503059	FAM20C
del:7p22.3	del	7p22.3	0.0021875	0.0023589	7	1	16503059	RBAK
del:7p22.3	del	7p22.3	0.0021875	0.0023589	7	1	16503059	C7orf26
del:7p22.3	del	7p22.3	0.0021875	0.0023589	7	1	16503059	MICALL2
del:7p22.3	del	7p22.3	0.0021875	0.0023589	7	1	16503059	FBXL18
del:7p22.3	del	7p22.3	0.0021875	0.0023589	7	1	16503059	TTYH3
del:7p22.3	del	7p22.3	0.0021875	0.0023589	7	1	16503059	USP42
del:7p22.3	del	7p22.3	0.0021875	0.0023589	7	1	16503059	PSMG3
del:7p22.3	del	7p22.3	0.0021875	0.0023589	7	1	16503059	C7orf50
del:7p22.3	del	7p22.3	0.0021875	0.0023589	7	1	16503059	CARD11
del:7p22.3	del	7p22.3	0.0021875	0.0023589	7	1	16503059	TNRC18
del:7p22.3	del	7p22.3	0.0021875	0.0023589	7	1	16503059	C7orf70
del:7p22.3	del	7p22.3	0.0021875	0.0023589	7	1	16503059	SCIN
del:7p22.3	del	7p22.3	0.0021875	0.0023589	7	1	16503059	ZFAND2A
del:7p22.3	del	7p22.3	0.0021875	0.0023589	7	1	16503059	COX19
del:7p22.3	del	7p22.3	0.0021875	0.0023589	7	1	16503059	GLCCI1
del:7p22.3	del	7p22.3	0.0021875	0.0023589	7	1	16503059	KIAA1908
del:7p22.3	del	7p22.3	0.0021875	0.0023589	7	1	16503059	GPR146
del:7p22.3	del	7p22.3	0.0021875	0.0023589	7	1	16503059	AMZ1
del:7p22.3	del	7p22.3	0.0021875	0.0023589	7	1	16503059	PER4
del:7p22.3	del	7p22.3	0.0021875	0.0023589	7	1	16503059	TMEM184A
del:7p22.3	del	7p22.3	0.0021875	0.0023589	7	1	16503059	VWDE
del:7p22.3	del	7p22.3	0.0021875	0.0023589	7	1	16503059	C7orf27
del:7p22.3	del	7p22.3	0.0021875	0.0023589	7	1	16503059	SDK1
del:7p22.3	del	7p22.3	0.0021875	0.0023589	7	1	16503059	FOXK1
del:7p22.3	del	7p22.3	0.0021875	0.0023589	7	1	16503059	MMD2
del:7p22.3	del	7p22.3	0.0021875	0.0023589	7	1	16503059	DAGLB
del:7p22.3	del	7p22.3	0.0021875	0.0023589	7	1	16503059	C7orf28B
del:7p22.3	del	7p22.3	0.0021875	0.0023589	7	1	16503059	THSD7A
del:7p22.3	del	7p22.3	0.0021875	0.0023589	7	1	16503059	SLC29A4
del:7p22.3	del	7p22.3	0.0021875	0.0023589	7	1	16503059	TFAMP1
del:7p22.3	del	7p22.3	0.0021875	0.0023589	7	1	16503059	UNCX
del:7p22.3	del	7p22.3	0.0021875	0.0023589	7	1	16503059	COL28A1
del:7p22.3	del	7p22.3	0.0021875	0.0023589	7	1	16503059	LOC389458
del:7p22.3	del	7p22.3	0.0021875	0.0023589	7	1	16503059	ELFN1
del:7p22.3	del	7p22.3	0.0021875	0.0023589	7	1	16503059	TMEM195
del:7p22.3	del	7p22.3	0.0021875	0.0023589	7	1	16503059	GRID2IP
del:7p22.3	del	7p22.3	0.0021875	0.0023589	7	1	16503059	ZNF815
del:7p22.3	del	7p22.3	0.0021875	0.0023589	7	1	16503059	RNF216L
del:7p22.3	del	7p22.3	0.0021875	0.0023589	7	1	16503059	PMS2CL
del:7p22.3	del	7p22.3	0.0021875	0.0023589	7	1	16503059	OCM
del:7p22.3	del	7p22.3	0.0021875	0.0023589	7	1	16503059	RSPH10B2|728194|2of2
del:7p22.3	del	7p22.3	0.0021875	0.0023589	7	1	16503059	ISPD
del:16q13	del	16q13	2.1137e-07	0.0031781	16	51183223	69350160	hsa-mir-328
del:16q13	del	16q13	2.1137e-07	0.0031781	16	51183223	69350160	hsa-mir-138-2
del:16q13	del	16q13	2.1137e-07	0.0031781	16	51183223	69350160	AGRP
del:16q13	del	16q13	2.1137e-07	0.0031781	16	51183223	69350160	AMFR
del:16q13	del	16q13	2.1137e-07	0.0031781	16	51183223	69350160	BBS2
del:16q13	del	16q13	2.1137e-07	0.0031781	16	51183223	69350160	CA7
del:16q13	del	16q13	2.1137e-07	0.0031781	16	51183223	69350160	CBFB
del:16q13	del	16q13	2.1137e-07	0.0031781	16	51183223	69350160	CDH1
del:16q13	del	16q13	2.1137e-07	0.0031781	16	51183223	69350160	CDH3
del:16q13	del	16q13	2.1137e-07	0.0031781	16	51183223	69350160	CDH5
del:16q13	del	16q13	2.1137e-07	0.0031781	16	51183223	69350160	CDH8
del:16q13	del	16q13	2.1137e-07	0.0031781	16	51183223	69350160	CDH11
del:16q13	del	16q13	2.1137e-07	0.0031781	16	51183223	69350160	CDH16
del:16q13	del	16q13	2.1137e-07	0.0031781	16	51183223	69350160	CES1
del:16q13	del	16q13	2.1137e-07	0.0031781	16	51183223	69350160	CETP
del:16q13	del	16q13	2.1137e-07	0.0031781	16	51183223	69350160	CNGB1
del:16q13	del	16q13	2.1137e-07	0.0031781	16	51183223	69350160	CSNK2A2
del:16q13	del	16q13	2.1137e-07	0.0031781	16	51183223	69350160	CTRL
del:16q13	del	16q13	2.1137e-07	0.0031781	16	51183223	69350160	DYNC1LI2
del:16q13	del	16q13	2.1137e-07	0.0031781	16	51183223	69350160	E2F4
del:16q13	del	16q13	2.1137e-07	0.0031781	16	51183223	69350160	GNAO1
del:16q13	del	16q13	2.1137e-07	0.0031781	16	51183223	69350160	GOT2
del:16q13	del	16q13	2.1137e-07	0.0031781	16	51183223	69350160	HAS3
del:16q13	del	16q13	2.1137e-07	0.0031781	16	51183223	69350160	HSD11B2
del:16q13	del	16q13	2.1137e-07	0.0031781	16	51183223	69350160	HSF4
del:16q13	del	16q13	2.1137e-07	0.0031781	16	51183223	69350160	KIFC3
del:16q13	del	16q13	2.1137e-07	0.0031781	16	51183223	69350160	LCAT
del:16q13	del	16q13	2.1137e-07	0.0031781	16	51183223	69350160	MMP2
del:16q13	del	16q13	2.1137e-07	0.0031781	16	51183223	69350160	MMP15
del:16q13	del	16q13	2.1137e-07	0.0031781	16	51183223	69350160	MT1A
del:16q13	del	16q13	2.1137e-07	0.0031781	16	51183223	69350160	MT1B
del:16q13	del	16q13	2.1137e-07	0.0031781	16	51183223	69350160	MT1E
del:16q13	del	16q13	2.1137e-07	0.0031781	16	51183223	69350160	MT1F
del:16q13	del	16q13	2.1137e-07	0.0031781	16	51183223	69350160	MT1G
del:16q13	del	16q13	2.1137e-07	0.0031781	16	51183223	69350160	MT1H
del:16q13	del	16q13	2.1137e-07	0.0031781	16	51183223	69350160	MT1M
del:16q13	del	16q13	2.1137e-07	0.0031781	16	51183223	69350160	MT1L
del:16q13	del	16q13	2.1137e-07	0.0031781	16	51183223	69350160	MT1X
del:16q13	del	16q13	2.1137e-07	0.0031781	16	51183223	69350160	MT2A
del:16q13	del	16q13	2.1137e-07	0.0031781	16	51183223	69350160	MT3
del:16q13	del	16q13	2.1137e-07	0.0031781	16	51183223	69350160	NFATC3
del:16q13	del	16q13	2.1137e-07	0.0031781	16	51183223	69350160	POLR2C
del:16q13	del	16q13	2.1137e-07	0.0031781	16	51183223	69350160	PSKH1
del:16q13	del	16q13	2.1137e-07	0.0031781	16	51183223	69350160	PSMB10
del:16q13	del	16q13	2.1137e-07	0.0031781	16	51183223	69350160	RBL2
del:16q13	del	16q13	2.1137e-07	0.0031781	16	51183223	69350160	RRAD
del:16q13	del	16q13	2.1137e-07	0.0031781	16	51183223	69350160	CCL17
del:16q13	del	16q13	2.1137e-07	0.0031781	16	51183223	69350160	CCL22
del:16q13	del	16q13	2.1137e-07	0.0031781	16	51183223	69350160	CX3CL1
del:16q13	del	16q13	2.1137e-07	0.0031781	16	51183223	69350160	SLC6A2
del:16q13	del	16q13	2.1137e-07	0.0031781	16	51183223	69350160	SLC9A5
del:16q13	del	16q13	2.1137e-07	0.0031781	16	51183223	69350160	SLC12A3
del:16q13	del	16q13	2.1137e-07	0.0031781	16	51183223	69350160	SLC12A4
del:16q13	del	16q13	2.1137e-07	0.0031781	16	51183223	69350160	SNTB2
del:16q13	del	16q13	2.1137e-07	0.0031781	16	51183223	69350160	TK2
del:16q13	del	16q13	2.1137e-07	0.0031781	16	51183223	69350160	TRADD
del:16q13	del	16q13	2.1137e-07	0.0031781	16	51183223	69350160	CES2
del:16q13	del	16q13	2.1137e-07	0.0031781	16	51183223	69350160	NAE1
del:16q13	del	16q13	2.1137e-07	0.0031781	16	51183223	69350160	NOL3
del:16q13	del	16q13	2.1137e-07	0.0031781	16	51183223	69350160	SLC7A6
del:16q13	del	16q13	2.1137e-07	0.0031781	16	51183223	69350160	ATP6V0D1
del:16q13	del	16q13	2.1137e-07	0.0031781	16	51183223	69350160	GPR56
del:16q13	del	16q13	2.1137e-07	0.0031781	16	51183223	69350160	NUP93
del:16q13	del	16q13	2.1137e-07	0.0031781	16	51183223	69350160	HERPUD1
del:16q13	del	16q13	2.1137e-07	0.0031781	16	51183223	69350160	NUTF2
del:16q13	del	16q13	2.1137e-07	0.0031781	16	51183223	69350160	IRX5
del:16q13	del	16q13	2.1137e-07	0.0031781	16	51183223	69350160	KATNB1
del:16q13	del	16q13	2.1137e-07	0.0031781	16	51183223	69350160	CTCF
del:16q13	del	16q13	2.1137e-07	0.0031781	16	51183223	69350160	NUDT21
del:16q13	del	16q13	2.1137e-07	0.0031781	16	51183223	69350160	CNOT1
del:16q13	del	16q13	2.1137e-07	0.0031781	16	51183223	69350160	RPGRIP1L
del:16q13	del	16q13	2.1137e-07	0.0031781	16	51183223	69350160	CES3
del:16q13	del	16q13	2.1137e-07	0.0031781	16	51183223	69350160	ARL2BP
del:16q13	del	16q13	2.1137e-07	0.0031781	16	51183223	69350160	EDC4
del:16q13	del	16q13	2.1137e-07	0.0031781	16	51183223	69350160	PLA2G15
del:16q13	del	16q13	2.1137e-07	0.0031781	16	51183223	69350160	PLEKHG4
del:16q13	del	16q13	2.1137e-07	0.0031781	16	51183223	69350160	DKFZP434H168
del:16q13	del	16q13	2.1137e-07	0.0031781	16	51183223	69350160	LRRC29
del:16q13	del	16q13	2.1137e-07	0.0031781	16	51183223	69350160	TOX3
del:16q13	del	16q13	2.1137e-07	0.0031781	16	51183223	69350160	CCDC113
del:16q13	del	16q13	2.1137e-07	0.0031781	16	51183223	69350160	TMEM208
del:16q13	del	16q13	2.1137e-07	0.0031781	16	51183223	69350160	C16orf80
del:16q13	del	16q13	2.1137e-07	0.0031781	16	51183223	69350160	FHOD1
del:16q13	del	16q13	2.1137e-07	0.0031781	16	51183223	69350160	ZDHHC1
del:16q13	del	16q13	2.1137e-07	0.0031781	16	51183223	69350160	PARD6A
del:16q13	del	16q13	2.1137e-07	0.0031781	16	51183223	69350160	PLLP
del:16q13	del	16q13	2.1137e-07	0.0031781	16	51183223	69350160	CKLF
del:16q13	del	16q13	2.1137e-07	0.0031781	16	51183223	69350160	FAM96B
del:16q13	del	16q13	2.1137e-07	0.0031781	16	51183223	69350160	TPPP3
del:16q13	del	16q13	2.1137e-07	0.0031781	16	51183223	69350160	CES4
del:16q13	del	16q13	2.1137e-07	0.0031781	16	51183223	69350160	PRMT7
del:16q13	del	16q13	2.1137e-07	0.0031781	16	51183223	69350160	DUS2L
del:16q13	del	16q13	2.1137e-07	0.0031781	16	51183223	69350160	CHTF8
del:16q13	del	16q13	2.1137e-07	0.0031781	16	51183223	69350160	LPCAT2
del:16q13	del	16q13	2.1137e-07	0.0031781	16	51183223	69350160	SLC38A7
del:16q13	del	16q13	2.1137e-07	0.0031781	16	51183223	69350160	OGFOD1
del:16q13	del	16q13	2.1137e-07	0.0031781	16	51183223	69350160	LRRC36
del:16q13	del	16q13	2.1137e-07	0.0031781	16	51183223	69350160	FBXL8
del:16q13	del	16q13	2.1137e-07	0.0031781	16	51183223	69350160	SMPD3
del:16q13	del	16q13	2.1137e-07	0.0031781	16	51183223	69350160	DOK4
del:16q13	del	16q13	2.1137e-07	0.0031781	16	51183223	69350160	DDX28
del:16q13	del	16q13	2.1137e-07	0.0031781	16	51183223	69350160	TSNAXIP1
del:16q13	del	16q13	2.1137e-07	0.0031781	16	51183223	69350160	COQ9
del:16q13	del	16q13	2.1137e-07	0.0031781	16	51183223	69350160	CIAPIN1
del:16q13	del	16q13	2.1137e-07	0.0031781	16	51183223	69350160	THAP11
del:16q13	del	16q13	2.1137e-07	0.0031781	16	51183223	69350160	PDP2
del:16q13	del	16q13	2.1137e-07	0.0031781	16	51183223	69350160	ZNF319
del:16q13	del	16q13	2.1137e-07	0.0031781	16	51183223	69350160	RANBP10
del:16q13	del	16q13	2.1137e-07	0.0031781	16	51183223	69350160	DPEP2
del:16q13	del	16q13	2.1137e-07	0.0031781	16	51183223	69350160	DPEP3
del:16q13	del	16q13	2.1137e-07	0.0031781	16	51183223	69350160	AKTIP
del:16q13	del	16q13	2.1137e-07	0.0031781	16	51183223	69350160	GINS3
del:16q13	del	16q13	2.1137e-07	0.0031781	16	51183223	69350160	NDRG4
del:16q13	del	16q13	2.1137e-07	0.0031781	16	51183223	69350160	ACD
del:16q13	del	16q13	2.1137e-07	0.0031781	16	51183223	69350160	FTO
del:16q13	del	16q13	2.1137e-07	0.0031781	16	51183223	69350160	IRX6
del:16q13	del	16q13	2.1137e-07	0.0031781	16	51183223	69350160	IRX3
del:16q13	del	16q13	2.1137e-07	0.0031781	16	51183223	69350160	FAM65A
del:16q13	del	16q13	2.1137e-07	0.0031781	16	51183223	69350160	TMCO7
del:16q13	del	16q13	2.1137e-07	0.0031781	16	51183223	69350160	C16orf57
del:16q13	del	16q13	2.1137e-07	0.0031781	16	51183223	69350160	ELMO3
del:16q13	del	16q13	2.1137e-07	0.0031781	16	51183223	69350160	SETD6
del:16q13	del	16q13	2.1137e-07	0.0031781	16	51183223	69350160	ESRP2
del:16q13	del	16q13	2.1137e-07	0.0031781	16	51183223	69350160	FAM192A
del:16q13	del	16q13	2.1137e-07	0.0031781	16	51183223	69350160	CENPT
del:16q13	del	16q13	2.1137e-07	0.0031781	16	51183223	69350160	CHD9
del:16q13	del	16q13	2.1137e-07	0.0031781	16	51183223	69350160	C16orf70
del:16q13	del	16q13	2.1137e-07	0.0031781	16	51183223	69350160	GFOD2
del:16q13	del	16q13	2.1137e-07	0.0031781	16	51183223	69350160	C16orf48
del:16q13	del	16q13	2.1137e-07	0.0031781	16	51183223	69350160	SLC7A6OS
del:16q13	del	16q13	2.1137e-07	0.0031781	16	51183223	69350160	NLRC5
del:16q13	del	16q13	2.1137e-07	0.0031781	16	51183223	69350160	CCDC135
del:16q13	del	16q13	2.1137e-07	0.0031781	16	51183223	69350160	CAPNS2
del:16q13	del	16q13	2.1137e-07	0.0031781	16	51183223	69350160	MT4
del:16q13	del	16q13	2.1137e-07	0.0031781	16	51183223	69350160	B3GNT9
del:16q13	del	16q13	2.1137e-07	0.0031781	16	51183223	69350160	CIRH1A
del:16q13	del	16q13	2.1137e-07	0.0031781	16	51183223	69350160	RSPRY1
del:16q13	del	16q13	2.1137e-07	0.0031781	16	51183223	69350160	CCDC102A
del:16q13	del	16q13	2.1137e-07	0.0031781	16	51183223	69350160	CMTM1
del:16q13	del	16q13	2.1137e-07	0.0031781	16	51183223	69350160	NRN1L
del:16q13	del	16q13	2.1137e-07	0.0031781	16	51183223	69350160	CMTM3
del:16q13	del	16q13	2.1137e-07	0.0031781	16	51183223	69350160	ZFP90
del:16q13	del	16q13	2.1137e-07	0.0031781	16	51183223	69350160	RLTPR
del:16q13	del	16q13	2.1137e-07	0.0031781	16	51183223	69350160	KCTD19
del:16q13	del	16q13	2.1137e-07	0.0031781	16	51183223	69350160	CMTM4
del:16q13	del	16q13	2.1137e-07	0.0031781	16	51183223	69350160	CMTM2
del:16q13	del	16q13	2.1137e-07	0.0031781	16	51183223	69350160	BEAN
del:16q13	del	16q13	2.1137e-07	0.0031781	16	51183223	69350160	CPNE2
del:16q13	del	16q13	2.1137e-07	0.0031781	16	51183223	69350160	GPR114
del:16q13	del	16q13	2.1137e-07	0.0031781	16	51183223	69350160	PRSS54
del:16q13	del	16q13	2.1137e-07	0.0031781	16	51183223	69350160	CES7
del:16q13	del	16q13	2.1137e-07	0.0031781	16	51183223	69350160	GPR97
del:16q13	del	16q13	2.1137e-07	0.0031781	16	51183223	69350160	CCDC79
del:16q13	del	16q13	2.1137e-07	0.0031781	16	51183223	69350160	CES8
del:16q13	del	16q13	2.1137e-07	0.0031781	16	51183223	69350160	EXOC3L
del:16q13	del	16q13	2.1137e-07	0.0031781	16	51183223	69350160	LOC283856
del:16q13	del	16q13	2.1137e-07	0.0031781	16	51183223	69350160	LOC283867
del:16q13	del	16q13	2.1137e-07	0.0031781	16	51183223	69350160	MT1DP
del:16q13	del	16q13	2.1137e-07	0.0031781	16	51183223	69350160	TEPP
del:16q13	del	16q13	2.1137e-07	0.0031781	16	51183223	69350160	C16orf86
del:16q13	del	16q13	2.1137e-07	0.0031781	16	51183223	69350160	MT1IP
del:16q13	del	16q13	2.1137e-07	0.0031781	16	51183223	69350160	KIAA0895L
del:16q13	del	16q13	2.1137e-07	0.0031781	16	51183223	69350160	SNORA46
del:16q13	del	16q13	2.1137e-07	0.0031781	16	51183223	69350160	SNORA50
del:17p12	del	17p12	0.00026183	0.006386	17	7479693	18012774	hsa-mir-4314
del:17p12	del	17p12	0.00026183	0.006386	17	7479693	18012774	hsa-mir-1288
del:17p12	del	17p12	0.00026183	0.006386	17	7479693	18012774	hsa-mir-548h-3
del:17p12	del	17p12	0.00026183	0.006386	17	7479693	18012774	hsa-mir-744
del:17p12	del	17p12	0.00026183	0.006386	17	7479693	18012774	hsa-mir-33b
del:17p12	del	17p12	0.00026183	0.006386	17	7479693	18012774	ADORA2B
del:17p12	del	17p12	0.00026183	0.006386	17	7479693	18012774	ALOX12B
del:17p12	del	17p12	0.00026183	0.006386	17	7479693	18012774	ALOX15B
del:17p12	del	17p12	0.00026183	0.006386	17	7479693	18012774	ATP1B2
del:17p12	del	17p12	0.00026183	0.006386	17	7479693	18012774	CD68
del:17p12	del	17p12	0.00026183	0.006386	17	7479693	18012774	CHD3
del:17p12	del	17p12	0.00026183	0.006386	17	7479693	18012774	COX10
del:17p12	del	17p12	0.00026183	0.006386	17	7479693	18012774	DNAH9
del:17p12	del	17p12	0.00026183	0.006386	17	7479693	18012774	DRG2
del:17p12	del	17p12	0.00026183	0.006386	17	7479693	18012774	EFNB3
del:17p12	del	17p12	0.00026183	0.006386	17	7479693	18012774	GUCY2D
del:17p12	del	17p12	0.00026183	0.006386	17	7479693	18012774	MEIS3P1
del:17p12	del	17p12	0.00026183	0.006386	17	7479693	18012774	MYH1
del:17p12	del	17p12	0.00026183	0.006386	17	7479693	18012774	MYH2
del:17p12	del	17p12	0.00026183	0.006386	17	7479693	18012774	MYH3
del:17p12	del	17p12	0.00026183	0.006386	17	7479693	18012774	MYH4
del:17p12	del	17p12	0.00026183	0.006386	17	7479693	18012774	MYH8
del:17p12	del	17p12	0.00026183	0.006386	17	7479693	18012774	MYH10
del:17p12	del	17p12	0.00026183	0.006386	17	7479693	18012774	PER1
del:17p12	del	17p12	0.00026183	0.006386	17	7479693	18012774	PFAS
del:17p12	del	17p12	0.00026183	0.006386	17	7479693	18012774	PMP22
del:17p12	del	17p12	0.00026183	0.006386	17	7479693	18012774	RCVRN
del:17p12	del	17p12	0.00026183	0.006386	17	7479693	18012774	RPL26
del:17p12	del	17p12	0.00026183	0.006386	17	7479693	18012774	SCO1
del:17p12	del	17p12	0.00026183	0.006386	17	7479693	18012774	MAP2K4
del:17p12	del	17p12	0.00026183	0.006386	17	7479693	18012774	SHBG
del:17p12	del	17p12	0.00026183	0.006386	17	7479693	18012774	SOX15
del:17p12	del	17p12	0.00026183	0.006386	17	7479693	18012774	SREBF1|6720|2of2
del:17p12	del	17p12	0.00026183	0.006386	17	7479693	18012774	VAMP2
del:17p12	del	17p12	0.00026183	0.006386	17	7479693	18012774	TP53
del:17p12	del	17p12	0.00026183	0.006386	17	7479693	18012774	UBB
del:17p12	del	17p12	0.00026183	0.006386	17	7479693	18012774	ZNF18
del:17p12	del	17p12	0.00026183	0.006386	17	7479693	18012774	GAS7
del:17p12	del	17p12	0.00026183	0.006386	17	7479693	18012774	COPS3
del:17p12	del	17p12	0.00026183	0.006386	17	7479693	18012774	MYH13
del:17p12	del	17p12	0.00026183	0.006386	17	7479693	18012774	KCNAB3
del:17p12	del	17p12	0.00026183	0.006386	17	7479693	18012774	AURKB
del:17p12	del	17p12	0.00026183	0.006386	17	7479693	18012774	GLP2R
del:17p12	del	17p12	0.00026183	0.006386	17	7479693	18012774	NTN1
del:17p12	del	17p12	0.00026183	0.006386	17	7479693	18012774	STX8
del:17p12	del	17p12	0.00026183	0.006386	17	7479693	18012774	PIGL
del:17p12	del	17p12	0.00026183	0.006386	17	7479693	18012774	FXR2
del:17p12	del	17p12	0.00026183	0.006386	17	7479693	18012774	MPDU1
del:17p12	del	17p12	0.00026183	0.006386	17	7479693	18012774	NCOR1
del:17p12	del	17p12	0.00026183	0.006386	17	7479693	18012774	CCDC144A
del:17p12	del	17p12	0.00026183	0.006386	17	7479693	18012774	RICH2
del:17p12	del	17p12	0.00026183	0.006386	17	7479693	18012774	HS3ST3B1
del:17p12	del	17p12	0.00026183	0.006386	17	7479693	18012774	HS3ST3A1
del:17p12	del	17p12	0.00026183	0.006386	17	7479693	18012774	PEMT
del:17p12	del	17p12	0.00026183	0.006386	17	7479693	18012774	TRIM16
del:17p12	del	17p12	0.00026183	0.006386	17	7479693	18012774	RAI1
del:17p12	del	17p12	0.00026183	0.006386	17	7479693	18012774	ARHGEF15
del:17p12	del	17p12	0.00026183	0.006386	17	7479693	18012774	KDM6B
del:17p12	del	17p12	0.00026183	0.006386	17	7479693	18012774	MPRIP
del:17p12	del	17p12	0.00026183	0.006386	17	7479693	18012774	TNFRSF13B
del:17p12	del	17p12	0.00026183	0.006386	17	7479693	18012774	PIK3R5
del:17p12	del	17p12	0.00026183	0.006386	17	7479693	18012774	SNORA67
del:17p12	del	17p12	0.00026183	0.006386	17	7479693	18012774	SNORD49A
del:17p12	del	17p12	0.00026183	0.006386	17	7479693	18012774	RANGRF
del:17p12	del	17p12	0.00026183	0.006386	17	7479693	18012774	TRPV2
del:17p12	del	17p12	0.00026183	0.006386	17	7479693	18012774	RASD1
del:17p12	del	17p12	0.00026183	0.006386	17	7479693	18012774	C17orf59
del:17p12	del	17p12	0.00026183	0.006386	17	7479693	18012774	TTC19
del:17p12	del	17p12	0.00026183	0.006386	17	7479693	18012774	MED9
del:17p12	del	17p12	0.00026183	0.006386	17	7479693	18012774	WRAP53
del:17p12	del	17p12	0.00026183	0.006386	17	7479693	18012774	NT5M
del:17p12	del	17p12	0.00026183	0.006386	17	7479693	18012774	C17orf48
del:17p12	del	17p12	0.00026183	0.006386	17	7479693	18012774	ZNF286A
del:17p12	del	17p12	0.00026183	0.006386	17	7479693	18012774	ZNF287
del:17p12	del	17p12	0.00026183	0.006386	17	7479693	18012774	ZNF624
del:17p12	del	17p12	0.00026183	0.006386	17	7479693	18012774	TRAPPC1
del:17p12	del	17p12	0.00026183	0.006386	17	7479693	18012774	ALOXE3
del:17p12	del	17p12	0.00026183	0.006386	17	7479693	18012774	ELAC2
del:17p12	del	17p12	0.00026183	0.006386	17	7479693	18012774	TEKT3
del:17p12	del	17p12	0.00026183	0.006386	17	7479693	18012774	C17orf39
del:17p12	del	17p12	0.00026183	0.006386	17	7479693	18012774	C17orf68
del:17p12	del	17p12	0.00026183	0.006386	17	7479693	18012774	NDEL1
del:17p12	del	17p12	0.00026183	0.006386	17	7479693	18012774	LRRC48
del:17p12	del	17p12	0.00026183	0.006386	17	7479693	18012774	TMEM107
del:17p12	del	17p12	0.00026183	0.006386	17	7479693	18012774	LSMD1
del:17p12	del	17p12	0.00026183	0.006386	17	7479693	18012774	HES7
del:17p12	del	17p12	0.00026183	0.006386	17	7479693	18012774	MGC12916
del:17p12	del	17p12	0.00026183	0.006386	17	7479693	18012774	ATPAF2
del:17p12	del	17p12	0.00026183	0.006386	17	7479693	18012774	TMEM88
del:17p12	del	17p12	0.00026183	0.006386	17	7479693	18012774	MYOCD
del:17p12	del	17p12	0.00026183	0.006386	17	7479693	18012774	CDRT15P
del:17p12	del	17p12	0.00026183	0.006386	17	7479693	18012774	SAT2
del:17p12	del	17p12	0.00026183	0.006386	17	7479693	18012774	CNTROB
del:17p12	del	17p12	0.00026183	0.006386	17	7479693	18012774	RPL29P2
del:17p12	del	17p12	0.00026183	0.006386	17	7479693	18012774	CYB5D1
del:17p12	del	17p12	0.00026183	0.006386	17	7479693	18012774	USP43
del:17p12	del	17p12	0.00026183	0.006386	17	7479693	18012774	KRBA2
del:17p12	del	17p12	0.00026183	0.006386	17	7479693	18012774	NCRNA00188
del:17p12	del	17p12	0.00026183	0.006386	17	7479693	18012774	ZSWIM7
del:17p12	del	17p12	0.00026183	0.006386	17	7479693	18012774	SMCR5
del:17p12	del	17p12	0.00026183	0.006386	17	7479693	18012774	TOM1L2
del:17p12	del	17p12	0.00026183	0.006386	17	7479693	18012774	DNAH2
del:17p12	del	17p12	0.00026183	0.006386	17	7479693	18012774	CDRT15
del:17p12	del	17p12	0.00026183	0.006386	17	7479693	18012774	WDR16
del:17p12	del	17p12	0.00026183	0.006386	17	7479693	18012774	CCDC42
del:17p12	del	17p12	0.00026183	0.006386	17	7479693	18012774	PIK3R6
del:17p12	del	17p12	0.00026183	0.006386	17	7479693	18012774	ODF4
del:17p12	del	17p12	0.00026183	0.006386	17	7479693	18012774	MFSD6L
del:17p12	del	17p12	0.00026183	0.006386	17	7479693	18012774	LOC162632
del:17p12	del	17p12	0.00026183	0.006386	17	7479693	18012774	DHRS7C
del:17p12	del	17p12	0.00026183	0.006386	17	7479693	18012774	FAM18B2
del:17p12	del	17p12	0.00026183	0.006386	17	7479693	18012774	CENPV
del:17p12	del	17p12	0.00026183	0.006386	17	7479693	18012774	FLCN
del:17p12	del	17p12	0.00026183	0.006386	17	7479693	18012774	PLD6
del:17p12	del	17p12	0.00026183	0.006386	17	7479693	18012774	LOC284023
del:17p12	del	17p12	0.00026183	0.006386	17	7479693	18012774	C17orf44
del:17p12	del	17p12	0.00026183	0.006386	17	7479693	18012774	CDRT4
del:17p12	del	17p12	0.00026183	0.006386	17	7479693	18012774	TBC1D26
del:17p12	del	17p12	0.00026183	0.006386	17	7479693	18012774	CDRT1
del:17p12	del	17p12	0.00026183	0.006386	17	7479693	18012774	SPDYE4
del:17p12	del	17p12	0.00026183	0.006386	17	7479693	18012774	TMEM220
del:17p12	del	17p12	0.00026183	0.006386	17	7479693	18012774	SHISA6
del:17p12	del	17p12	0.00026183	0.006386	17	7479693	18012774	C17orf76
del:17p12	del	17p12	0.00026183	0.006386	17	7479693	18012774	SLC25A35
del:17p12	del	17p12	0.00026183	0.006386	17	7479693	18012774	RNF222
del:17p12	del	17p12	0.00026183	0.006386	17	7479693	18012774	PIRT
del:17p12	del	17p12	0.00026183	0.006386	17	7479693	18012774	SNORD10
del:17p12	del	17p12	0.00026183	0.006386	17	7479693	18012774	SCARNA21
del:17p12	del	17p12	0.00026183	0.006386	17	7479693	18012774	SNORD49B
del:17p12	del	17p12	0.00026183	0.006386	17	7479693	18012774	SNORD65
del:17p12	del	17p12	0.00026183	0.006386	17	7479693	18012774	LOC100128288
del:17p12	del	17p12	0.00026183	0.006386	17	7479693	18012774	FAM106C
del:4q22.1	del	4q22.1	0.0010433	0.014029	4	90844993	93240505	TMSL3|7117|2of2
del:4q22.1	del	4q22.1	0.0010433	0.014029	4	90844993	93240505	FAM190A
del:1q43	del	1q43	0.028357	0.028287	1	236767073	236961354	ACTN2
del:20p12.1	del	20p12.1	0.035004	0.036411	20	13964029	16252980	FLRT3
del:20p12.1	del	20p12.1	0.035004	0.036411	20	13964029	16252980	MACROD2
del:4q35.2	del	4q35.2	0.00039526	0.037457	4	148265458	191154276	hsa-mir-4276
del:4q35.2	del	4q35.2	0.00039526	0.037457	4	148265458	191154276	hsa-mir-548t
del:4q35.2	del	4q35.2	0.00039526	0.037457	4	148265458	191154276	hsa-mir-3140
del:4q35.2	del	4q35.2	0.00039526	0.037457	4	148265458	191154276	hsa-mir-1979
del:4q35.2	del	4q35.2	0.00039526	0.037457	4	148265458	191154276	hsa-mir-548g
del:4q35.2	del	4q35.2	0.00039526	0.037457	4	148265458	191154276	hsa-mir-1305
del:4q35.2	del	4q35.2	0.00039526	0.037457	4	148265458	191154276	hsa-mir-578
del:4q35.2	del	4q35.2	0.00039526	0.037457	4	148265458	191154276	AGA
del:4q35.2	del	4q35.2	0.00039526	0.037457	4	148265458	191154276	SLC25A4
del:4q35.2	del	4q35.2	0.00039526	0.037457	4	148265458	191154276	ANXA2P1
del:4q35.2	del	4q35.2	0.00039526	0.037457	4	148265458	191154276	CASP3
del:4q35.2	del	4q35.2	0.00039526	0.037457	4	148265458	191154276	LRBA
del:4q35.2	del	4q35.2	0.00039526	0.037457	4	148265458	191154276	CLCN3
del:4q35.2	del	4q35.2	0.00039526	0.037457	4	148265458	191154276	CPE
del:4q35.2	del	4q35.2	0.00039526	0.037457	4	148265458	191154276	CTSO
del:4q35.2	del	4q35.2	0.00039526	0.037457	4	148265458	191154276	DCTD
del:4q35.2	del	4q35.2	0.00039526	0.037457	4	148265458	191154276	EDNRA
del:4q35.2	del	4q35.2	0.00039526	0.037457	4	148265458	191154276	ETFDH
del:4q35.2	del	4q35.2	0.00039526	0.037457	4	148265458	191154276	F11
del:4q35.2	del	4q35.2	0.00039526	0.037457	4	148265458	191154276	ACSL1
del:4q35.2	del	4q35.2	0.00039526	0.037457	4	148265458	191154276	FAT1
del:4q35.2	del	4q35.2	0.00039526	0.037457	4	148265458	191154276	FGA
del:4q35.2	del	4q35.2	0.00039526	0.037457	4	148265458	191154276	FGB
del:4q35.2	del	4q35.2	0.00039526	0.037457	4	148265458	191154276	FGG
del:4q35.2	del	4q35.2	0.00039526	0.037457	4	148265458	191154276	FRG1
del:4q35.2	del	4q35.2	0.00039526	0.037457	4	148265458	191154276	GK3P
del:4q35.2	del	4q35.2	0.00039526	0.037457	4	148265458	191154276	GLRB
del:4q35.2	del	4q35.2	0.00039526	0.037457	4	148265458	191154276	GPM6A
del:4q35.2	del	4q35.2	0.00039526	0.037457	4	148265458	191154276	GRIA2
del:4q35.2	del	4q35.2	0.00039526	0.037457	4	148265458	191154276	GUCY1A3
del:4q35.2	del	4q35.2	0.00039526	0.037457	4	148265458	191154276	GUCY1B3
del:4q35.2	del	4q35.2	0.00039526	0.037457	4	148265458	191154276	HMGB2
del:4q35.2	del	4q35.2	0.00039526	0.037457	4	148265458	191154276	HPGD
del:4q35.2	del	4q35.2	0.00039526	0.037457	4	148265458	191154276	ING2
del:4q35.2	del	4q35.2	0.00039526	0.037457	4	148265458	191154276	IRF2
del:4q35.2	del	4q35.2	0.00039526	0.037457	4	148265458	191154276	KLKB1
del:4q35.2	del	4q35.2	0.00039526	0.037457	4	148265458	191154276	NR3C2
del:4q35.2	del	4q35.2	0.00039526	0.037457	4	148265458	191154276	MTNR1A
del:4q35.2	del	4q35.2	0.00039526	0.037457	4	148265458	191154276	NEK1
del:4q35.2	del	4q35.2	0.00039526	0.037457	4	148265458	191154276	NPY1R
del:4q35.2	del	4q35.2	0.00039526	0.037457	4	148265458	191154276	NPY2R
del:4q35.2	del	4q35.2	0.00039526	0.037457	4	148265458	191154276	NPY5R
del:4q35.2	del	4q35.2	0.00039526	0.037457	4	148265458	191154276	PET112L
del:4q35.2	del	4q35.2	0.00039526	0.037457	4	148265458	191154276	PLRG1
del:4q35.2	del	4q35.2	0.00039526	0.037457	4	148265458	191154276	PPID
del:4q35.2	del	4q35.2	0.00039526	0.037457	4	148265458	191154276	RPS3A
del:4q35.2	del	4q35.2	0.00039526	0.037457	4	148265458	191154276	SC4MOL
del:4q35.2	del	4q35.2	0.00039526	0.037457	4	148265458	191154276	SFRP2
del:4q35.2	del	4q35.2	0.00039526	0.037457	4	148265458	191154276	TDO2
del:4q35.2	del	4q35.2	0.00039526	0.037457	4	148265458	191154276	TLL1
del:4q35.2	del	4q35.2	0.00039526	0.037457	4	148265458	191154276	TLR2
del:4q35.2	del	4q35.2	0.00039526	0.037457	4	148265458	191154276	TLR3
del:4q35.2	del	4q35.2	0.00039526	0.037457	4	148265458	191154276	VEGFC
del:4q35.2	del	4q35.2	0.00039526	0.037457	4	148265458	191154276	GLRA3
del:4q35.2	del	4q35.2	0.00039526	0.037457	4	148265458	191154276	SORBS2
del:4q35.2	del	4q35.2	0.00039526	0.037457	4	148265458	191154276	SAP30
del:4q35.2	del	4q35.2	0.00039526	0.037457	4	148265458	191154276	SNORD73A
del:4q35.2	del	4q35.2	0.00039526	0.037457	4	148265458	191154276	LRAT
del:4q35.2	del	4q35.2	0.00039526	0.037457	4	148265458	191154276	HAND2
del:4q35.2	del	4q35.2	0.00039526	0.037457	4	148265458	191154276	RAPGEF2
del:4q35.2	del	4q35.2	0.00039526	0.037457	4	148265458	191154276	MFAP3L
del:4q35.2	del	4q35.2	0.00039526	0.037457	4	148265458	191154276	MAB21L2
del:4q35.2	del	4q35.2	0.00039526	0.037457	4	148265458	191154276	MORF4
del:4q35.2	del	4q35.2	0.00039526	0.037457	4	148265458	191154276	ADAM29
del:4q35.2	del	4q35.2	0.00039526	0.037457	4	148265458	191154276	ANXA10
del:4q35.2	del	4q35.2	0.00039526	0.037457	4	148265458	191154276	KLHL2
del:4q35.2	del	4q35.2	0.00039526	0.037457	4	148265458	191154276	SCRG1
del:4q35.2	del	4q35.2	0.00039526	0.037457	4	148265458	191154276	DUX4|22947|2of3
del:4q35.2	del	4q35.2	0.00039526	0.037457	4	148265458	191154276	PALLD
del:4q35.2	del	4q35.2	0.00039526	0.037457	4	148265458	191154276	KIAA0922
del:4q35.2	del	4q35.2	0.00039526	0.037457	4	148265458	191154276	TRIM2
del:4q35.2	del	4q35.2	0.00039526	0.037457	4	148265458	191154276	ANP32C
del:4q35.2	del	4q35.2	0.00039526	0.037457	4	148265458	191154276	FAM149A
del:4q35.2	del	4q35.2	0.00039526	0.037457	4	148265458	191154276	FBXO8
del:4q35.2	del	4q35.2	0.00039526	0.037457	4	148265458	191154276	ARFIP1
del:4q35.2	del	4q35.2	0.00039526	0.037457	4	148265458	191154276	PDLIM3
del:4q35.2	del	4q35.2	0.00039526	0.037457	4	148265458	191154276	SPOCK3
del:4q35.2	del	4q35.2	0.00039526	0.037457	4	148265458	191154276	AADAT
del:4q35.2	del	4q35.2	0.00039526	0.037457	4	148265458	191154276	FAM198B
del:4q35.2	del	4q35.2	0.00039526	0.037457	4	148265458	191154276	ACCN5
del:4q35.2	del	4q35.2	0.00039526	0.037457	4	148265458	191154276	GALNT7
del:4q35.2	del	4q35.2	0.00039526	0.037457	4	148265458	191154276	CLDN22
del:4q35.2	del	4q35.2	0.00039526	0.037457	4	148265458	191154276	DCHS2
del:4q35.2	del	4q35.2	0.00039526	0.037457	4	148265458	191154276	C4orf27
del:4q35.2	del	4q35.2	0.00039526	0.037457	4	148265458	191154276	40969.0
del:4q35.2	del	4q35.2	0.00039526	0.037457	4	148265458	191154276	NEIL3
del:4q35.2	del	4q35.2	0.00039526	0.037457	4	148265458	191154276	FBXW7
del:4q35.2	del	4q35.2	0.00039526	0.037457	4	148265458	191154276	TMEM144
del:4q35.2	del	4q35.2	0.00039526	0.037457	4	148265458	191154276	C4orf43
del:4q35.2	del	4q35.2	0.00039526	0.037457	4	148265458	191154276	UFSP2
del:4q35.2	del	4q35.2	0.00039526	0.037457	4	148265458	191154276	DDX60
del:4q35.2	del	4q35.2	0.00039526	0.037457	4	148265458	191154276	CDKN2AIP
del:4q35.2	del	4q35.2	0.00039526	0.037457	4	148265458	191154276	ODZ3
del:4q35.2	del	4q35.2	0.00039526	0.037457	4	148265458	191154276	TMEM184C
del:4q35.2	del	4q35.2	0.00039526	0.037457	4	148265458	191154276	LRP2BP
del:4q35.2	del	4q35.2	0.00039526	0.037457	4	148265458	191154276	PDGFC
del:4q35.2	del	4q35.2	0.00039526	0.037457	4	148265458	191154276	TUBB4Q
del:4q35.2	del	4q35.2	0.00039526	0.037457	4	148265458	191154276	FSTL5
del:4q35.2	del	4q35.2	0.00039526	0.037457	4	148265458	191154276	STOX2
del:4q35.2	del	4q35.2	0.00039526	0.037457	4	148265458	191154276	KIAA1430
del:4q35.2	del	4q35.2	0.00039526	0.037457	4	148265458	191154276	FNIP2
del:4q35.2	del	4q35.2	0.00039526	0.037457	4	148265458	191154276	SH3RF1
del:4q35.2	del	4q35.2	0.00039526	0.037457	4	148265458	191154276	RXFP1
del:4q35.2	del	4q35.2	0.00039526	0.037457	4	148265458	191154276	SPCS3
del:4q35.2	del	4q35.2	0.00039526	0.037457	4	148265458	191154276	C4orf41
del:4q35.2	del	4q35.2	0.00039526	0.037457	4	148265458	191154276	ARHGAP10
del:4q35.2	del	4q35.2	0.00039526	0.037457	4	148265458	191154276	MLF1IP
del:4q35.2	del	4q35.2	0.00039526	0.037457	4	148265458	191154276	NBLA00301
del:4q35.2	del	4q35.2	0.00039526	0.037457	4	148265458	191154276	MAP9
del:4q35.2	del	4q35.2	0.00039526	0.037457	4	148265458	191154276	WWC2
del:4q35.2	del	4q35.2	0.00039526	0.037457	4	148265458	191154276	KIAA1712
del:4q35.2	del	4q35.2	0.00039526	0.037457	4	148265458	191154276	SNX25
del:4q35.2	del	4q35.2	0.00039526	0.037457	4	148265458	191154276	MND1
del:4q35.2	del	4q35.2	0.00039526	0.037457	4	148265458	191154276	TKTL2
del:4q35.2	del	4q35.2	0.00039526	0.037457	4	148265458	191154276	CBR4
del:4q35.2	del	4q35.2	0.00039526	0.037457	4	148265458	191154276	FHDC1
del:4q35.2	del	4q35.2	0.00039526	0.037457	4	148265458	191154276	MGC45800
del:4q35.2	del	4q35.2	0.00039526	0.037457	4	148265458	191154276	PRMT10
del:4q35.2	del	4q35.2	0.00039526	0.037457	4	148265458	191154276	DDX60L
del:4q35.2	del	4q35.2	0.00039526	0.037457	4	148265458	191154276	NAF1
del:4q35.2	del	4q35.2	0.00039526	0.037457	4	148265458	191154276	WDR17
del:4q35.2	del	4q35.2	0.00039526	0.037457	4	148265458	191154276	ZFP42
del:4q35.2	del	4q35.2	0.00039526	0.037457	4	148265458	191154276	SPATA4
del:4q35.2	del	4q35.2	0.00039526	0.037457	4	148265458	191154276	ENPP6
del:4q35.2	del	4q35.2	0.00039526	0.037457	4	148265458	191154276	ASB5
del:4q35.2	del	4q35.2	0.00039526	0.037457	4	148265458	191154276	SH3D19
del:4q35.2	del	4q35.2	0.00039526	0.037457	4	148265458	191154276	C4orf38
del:4q35.2	del	4q35.2	0.00039526	0.037457	4	148265458	191154276	C4orf39
del:4q35.2	del	4q35.2	0.00039526	0.037457	4	148265458	191154276	C4orf45
del:4q35.2	del	4q35.2	0.00039526	0.037457	4	148265458	191154276	DCLK2
del:4q35.2	del	4q35.2	0.00039526	0.037457	4	148265458	191154276	TRIM60
del:4q35.2	del	4q35.2	0.00039526	0.037457	4	148265458	191154276	RBM46
del:4q35.2	del	4q35.2	0.00039526	0.037457	4	148265458	191154276	C4orf46
del:4q35.2	del	4q35.2	0.00039526	0.037457	4	148265458	191154276	TIGD4
del:4q35.2	del	4q35.2	0.00039526	0.037457	4	148265458	191154276	TMEM154
del:4q35.2	del	4q35.2	0.00039526	0.037457	4	148265458	191154276	TMEM192
del:4q35.2	del	4q35.2	0.00039526	0.037457	4	148265458	191154276	RWDD4A
del:4q35.2	del	4q35.2	0.00039526	0.037457	4	148265458	191154276	CCDC111
del:4q35.2	del	4q35.2	0.00039526	0.037457	4	148265458	191154276	TRIML2
del:4q35.2	del	4q35.2	0.00039526	0.037457	4	148265458	191154276	CCDC110
del:4q35.2	del	4q35.2	0.00039526	0.037457	4	148265458	191154276	CYP4V2
del:4q35.2	del	4q35.2	0.00039526	0.037457	4	148265458	191154276	LOC285501
del:4q35.2	del	4q35.2	0.00039526	0.037457	4	148265458	191154276	RNF175
del:4q35.2	del	4q35.2	0.00039526	0.037457	4	148265458	191154276	TRIML1
del:4q35.2	del	4q35.2	0.00039526	0.037457	4	148265458	191154276	LOC340017
del:4q35.2	del	4q35.2	0.00039526	0.037457	4	148265458	191154276	PRSS48
del:4q35.2	del	4q35.2	0.00039526	0.037457	4	148265458	191154276	ANKRD37
del:4q35.2	del	4q35.2	0.00039526	0.037457	4	148265458	191154276	TRIM61
del:4q35.2	del	4q35.2	0.00039526	0.037457	4	148265458	191154276	?|391714
del:4q35.2	del	4q35.2	0.00039526	0.037457	4	148265458	191154276	HELT
del:4q35.2	del	4q35.2	0.00039526	0.037457	4	148265458	191154276	FAM92A3
del:4q35.2	del	4q35.2	0.00039526	0.037457	4	148265458	191154276	C4orf47
del:4q35.2	del	4q35.2	0.00039526	0.037457	4	148265458	191154276	GALNTL6
del:4q35.2	del	4q35.2	0.00039526	0.037457	4	148265458	191154276	FRG2
del:4q35.2	del	4q35.2	0.00039526	0.037457	4	148265458	191154276	SLED1
del:4q35.2	del	4q35.2	0.00039526	0.037457	4	148265458	191154276	LOC653544|653544|3of4
del:4q35.2	del	4q35.2	0.00039526	0.037457	4	148265458	191154276	LOC653545
del:4q35.2	del	4q35.2	0.00039526	0.037457	4	148265458	191154276	FAM160A1
del:12q23.1	del	12q23.1	0.012924	0.037457	12	99124001	100107912	FAM71C
del:19q13.43	del	19q13.43	0.039968	0.039968	19	56874496	59128983	hsa-mir-1274b
del:19q13.43	del	19q13.43	0.039968	0.039968	19	56874496	59128983	A1BG
del:19q13.43	del	19q13.43	0.039968	0.039968	19	56874496	59128983	FKBP1AP1
del:19q13.43	del	19q13.43	0.039968	0.039968	19	56874496	59128983	PEG3
del:19q13.43	del	19q13.43	0.039968	0.039968	19	56874496	59128983	RPS5
del:19q13.43	del	19q13.43	0.039968	0.039968	19	56874496	59128983	AURKC
del:19q13.43	del	19q13.43	0.039968	0.039968	19	56874496	59128983	ZNF8
del:19q13.43	del	19q13.43	0.039968	0.039968	19	56874496	59128983	ZNF17
del:19q13.43	del	19q13.43	0.039968	0.039968	19	56874496	59128983	MZF1
del:19q13.43	del	19q13.43	0.039968	0.039968	19	56874496	59128983	ZNF132
del:19q13.43	del	19q13.43	0.039968	0.039968	19	56874496	59128983	ZNF134
del:19q13.43	del	19q13.43	0.039968	0.039968	19	56874496	59128983	ZNF135
del:19q13.43	del	19q13.43	0.039968	0.039968	19	56874496	59128983	ZNF154
del:19q13.43	del	19q13.43	0.039968	0.039968	19	56874496	59128983	UBE2M
del:19q13.43	del	19q13.43	0.039968	0.039968	19	56874496	59128983	ZNF264
del:19q13.43	del	19q13.43	0.039968	0.039968	19	56874496	59128983	TRIM28
del:19q13.43	del	19q13.43	0.039968	0.039968	19	56874496	59128983	ZNF256
del:19q13.43	del	19q13.43	0.039968	0.039968	19	56874496	59128983	ZNF211
del:19q13.43	del	19q13.43	0.039968	0.039968	19	56874496	59128983	TRAPPC2P1
del:19q13.43	del	19q13.43	0.039968	0.039968	19	56874496	59128983	ZNF274
del:19q13.43	del	19q13.43	0.039968	0.039968	19	56874496	59128983	ZNF460
del:19q13.43	del	19q13.43	0.039968	0.039968	19	56874496	59128983	SLC27A5
del:19q13.43	del	19q13.43	0.039968	0.039968	19	56874496	59128983	ZIM2
del:19q13.43	del	19q13.43	0.039968	0.039968	19	56874496	59128983	ZNF324
del:19q13.43	del	19q13.43	0.039968	0.039968	19	56874496	59128983	CHMP2A
del:19q13.43	del	19q13.43	0.039968	0.039968	19	56874496	59128983	ZNF544
del:19q13.43	del	19q13.43	0.039968	0.039968	19	56874496	59128983	ZNF586
del:19q13.43	del	19q13.43	0.039968	0.039968	19	56874496	59128983	ZNF416
del:19q13.43	del	19q13.43	0.039968	0.039968	19	56874496	59128983	ZNF446
del:19q13.43	del	19q13.43	0.039968	0.039968	19	56874496	59128983	VN1R1
del:19q13.43	del	19q13.43	0.039968	0.039968	19	56874496	59128983	ZNF304
del:19q13.43	del	19q13.43	0.039968	0.039968	19	56874496	59128983	ZNF471
del:19q13.43	del	19q13.43	0.039968	0.039968	19	56874496	59128983	USP29
del:19q13.43	del	19q13.43	0.039968	0.039968	19	56874496	59128983	ZNF71
del:19q13.43	del	19q13.43	0.039968	0.039968	19	56874496	59128983	ZNF667
del:19q13.43	del	19q13.43	0.039968	0.039968	19	56874496	59128983	ZSCAN18
del:19q13.43	del	19q13.43	0.039968	0.039968	19	56874496	59128983	MGC2752
del:19q13.43	del	19q13.43	0.039968	0.039968	19	56874496	59128983	ZNF329
del:19q13.43	del	19q13.43	0.039968	0.039968	19	56874496	59128983	ZNF419
del:19q13.43	del	19q13.43	0.039968	0.039968	19	56874496	59128983	ZNF552
del:19q13.43	del	19q13.43	0.039968	0.039968	19	56874496	59128983	ZNF671
del:19q13.43	del	19q13.43	0.039968	0.039968	19	56874496	59128983	ZNF606
del:19q13.43	del	19q13.43	0.039968	0.039968	19	56874496	59128983	ZBTB45
del:19q13.43	del	19q13.43	0.039968	0.039968	19	56874496	59128983	ZNF587
del:19q13.43	del	19q13.43	0.039968	0.039968	19	56874496	59128983	ZNF551
del:19q13.43	del	19q13.43	0.039968	0.039968	19	56874496	59128983	ZNF835
del:19q13.43	del	19q13.43	0.039968	0.039968	19	56874496	59128983	ZIM3
del:19q13.43	del	19q13.43	0.039968	0.039968	19	56874496	59128983	ZNF837
del:19q13.43	del	19q13.43	0.039968	0.039968	19	56874496	59128983	ZNF543
del:19q13.43	del	19q13.43	0.039968	0.039968	19	56874496	59128983	ZFP28
del:19q13.43	del	19q13.43	0.039968	0.039968	19	56874496	59128983	C19orf18
del:19q13.43	del	19q13.43	0.039968	0.039968	19	56874496	59128983	ZNF418
del:19q13.43	del	19q13.43	0.039968	0.039968	19	56874496	59128983	ZNF417
del:19q13.43	del	19q13.43	0.039968	0.039968	19	56874496	59128983	ZNF548
del:19q13.43	del	19q13.43	0.039968	0.039968	19	56874496	59128983	ZNF542
del:19q13.43	del	19q13.43	0.039968	0.039968	19	56874496	59128983	ZNF582
del:19q13.43	del	19q13.43	0.039968	0.039968	19	56874496	59128983	ZNF583
del:19q13.43	del	19q13.43	0.039968	0.039968	19	56874496	59128983	ZNF497
del:19q13.43	del	19q13.43	0.039968	0.039968	19	56874496	59128983	ZNF550
del:19q13.43	del	19q13.43	0.039968	0.039968	19	56874496	59128983	ZNF584
del:19q13.43	del	19q13.43	0.039968	0.039968	19	56874496	59128983	ZSCAN4
del:19q13.43	del	19q13.43	0.039968	0.039968	19	56874496	59128983	ZNF549
del:19q13.43	del	19q13.43	0.039968	0.039968	19	56874496	59128983	ZNF547
del:19q13.43	del	19q13.43	0.039968	0.039968	19	56874496	59128983	ZIK1
del:19q13.43	del	19q13.43	0.039968	0.039968	19	56874496	59128983	ZNF776
del:19q13.43	del	19q13.43	0.039968	0.039968	19	56874496	59128983	ZSCAN1
del:19q13.43	del	19q13.43	0.039968	0.039968	19	56874496	59128983	ZSCAN22
del:19q13.43	del	19q13.43	0.039968	0.039968	19	56874496	59128983	ZNF530
del:19q13.43	del	19q13.43	0.039968	0.039968	19	56874496	59128983	ZNF773
del:19q13.43	del	19q13.43	0.039968	0.039968	19	56874496	59128983	ZNF470
del:19q13.43	del	19q13.43	0.039968	0.039968	19	56874496	59128983	ZNF749
del:19q13.43	del	19q13.43	0.039968	0.039968	19	56874496	59128983	ZNF324B
del:19q13.43	del	19q13.43	0.039968	0.039968	19	56874496	59128983	ZNF805
del:19q13.43	del	19q13.43	0.039968	0.039968	19	56874496	59128983	ZNF772
del:19q13.43	del	19q13.43	0.039968	0.039968	19	56874496	59128983	NCRNA00181
del:19q13.43	del	19q13.43	0.039968	0.039968	19	56874496	59128983	DUXA
del:19q13.43	del	19q13.43	0.039968	0.039968	19	56874496	59128983	ZNF814
del:19q13.43	del	19q13.43	0.039968	0.039968	19	56874496	59128983	MIMT1
del:19q13.43	del	19q13.43	0.039968	0.039968	19	56874496	59128983	LOC100131691
del:19q13.43	del	19q13.43	0.039968	0.039968	19	56874496	59128983	PEG3AS
del:18q22.2	del	18q22.2	0.065081	0.063307	18	24770541	78077248	hsa-mir-4320
del:18q22.2	del	18q22.2	0.065081	0.063307	18	24770541	78077248	hsa-mir-4319
del:18q22.2	del	18q22.2	0.065081	0.063307	18	24770541	78077248	hsa-mir-4318
del:18q22.2	del	18q22.2	0.065081	0.063307	18	24770541	78077248	hsa-mir-1539
del:18q22.2	del	18q22.2	0.065081	0.063307	18	24770541	78077248	hsa-mir-302f
del:18q22.2	del	18q22.2	0.065081	0.063307	18	24770541	78077248	hsa-mir-924
del:18q22.2	del	18q22.2	0.065081	0.063307	18	24770541	78077248	hsa-mir-122
del:18q22.2	del	18q22.2	0.065081	0.063307	18	24770541	78077248	hsa-mir-187
del:18q22.2	del	18q22.2	0.065081	0.063307	18	24770541	78077248	ATP5A1
del:18q22.2	del	18q22.2	0.065081	0.063307	18	24770541	78077248	BCL2
del:18q22.2	del	18q22.2	0.065081	0.063307	18	24770541	78077248	CDH2
del:18q22.2	del	18q22.2	0.065081	0.063307	18	24770541	78077248	CDH7
del:18q22.2	del	18q22.2	0.065081	0.063307	18	24770541	78077248	CYB5A
del:18q22.2	del	18q22.2	0.065081	0.063307	18	24770541	78077248	DCC
del:18q22.2	del	18q22.2	0.065081	0.063307	18	24770541	78077248	DSC1
del:18q22.2	del	18q22.2	0.065081	0.063307	18	24770541	78077248	DSC2
del:18q22.2	del	18q22.2	0.065081	0.063307	18	24770541	78077248	DSC3
del:18q22.2	del	18q22.2	0.065081	0.063307	18	24770541	78077248	DSG1
del:18q22.2	del	18q22.2	0.065081	0.063307	18	24770541	78077248	DSG2
del:18q22.2	del	18q22.2	0.065081	0.063307	18	24770541	78077248	DSG3
del:18q22.2	del	18q22.2	0.065081	0.063307	18	24770541	78077248	DTNA
del:18q22.2	del	18q22.2	0.065081	0.063307	18	24770541	78077248	FECH
del:18q22.2	del	18q22.2	0.065081	0.063307	18	24770541	78077248	KDSR
del:18q22.2	del	18q22.2	0.065081	0.063307	18	24770541	78077248	GALR1
del:18q22.2	del	18q22.2	0.065081	0.063307	18	24770541	78077248	GALNT1
del:18q22.2	del	18q22.2	0.065081	0.063307	18	24770541	78077248	GRP
del:18q22.2	del	18q22.2	0.065081	0.063307	18	24770541	78077248	LMAN1
del:18q22.2	del	18q22.2	0.065081	0.063307	18	24770541	78077248	SMAD2
del:18q22.2	del	18q22.2	0.065081	0.063307	18	24770541	78077248	SMAD4
del:18q22.2	del	18q22.2	0.065081	0.063307	18	24770541	78077248	SMAD7
del:18q22.2	del	18q22.2	0.065081	0.063307	18	24770541	78077248	MBD1
del:18q22.2	del	18q22.2	0.065081	0.063307	18	24770541	78077248	MBP
del:18q22.2	del	18q22.2	0.065081	0.063307	18	24770541	78077248	MC4R
del:18q22.2	del	18q22.2	0.065081	0.063307	18	24770541	78077248	ME2
del:18q22.2	del	18q22.2	0.065081	0.063307	18	24770541	78077248	MEP1B
del:18q22.2	del	18q22.2	0.065081	0.063307	18	24770541	78077248	MYO5B
del:18q22.2	del	18q22.2	0.065081	0.063307	18	24770541	78077248	NARS
del:18q22.2	del	18q22.2	0.065081	0.063307	18	24770541	78077248	NFATC1
del:18q22.2	del	18q22.2	0.065081	0.063307	18	24770541	78077248	SERPINB2
del:18q22.2	del	18q22.2	0.065081	0.063307	18	24770541	78077248	ATP8B1
del:18q22.2	del	18q22.2	0.065081	0.063307	18	24770541	78077248	SERPINB5
del:18q22.2	del	18q22.2	0.065081	0.063307	18	24770541	78077248	SERPINB8
del:18q22.2	del	18q22.2	0.065081	0.063307	18	24770541	78077248	SERPINB10
del:18q22.2	del	18q22.2	0.065081	0.063307	18	24770541	78077248	SERPINB13
del:18q22.2	del	18q22.2	0.065081	0.063307	18	24770541	78077248	PIK3C3
del:18q22.2	del	18q22.2	0.065081	0.063307	18	24770541	78077248	PMAIP1
del:18q22.2	del	18q22.2	0.065081	0.063307	18	24770541	78077248	MAPK4
del:18q22.2	del	18q22.2	0.065081	0.063307	18	24770541	78077248	RAB27B
del:18q22.2	del	18q22.2	0.065081	0.063307	18	24770541	78077248	RIT2
del:18q22.2	del	18q22.2	0.065081	0.063307	18	24770541	78077248	RPL17
del:18q22.2	del	18q22.2	0.065081	0.063307	18	24770541	78077248	SERPINB3
del:18q22.2	del	18q22.2	0.065081	0.063307	18	24770541	78077248	SERPINB4
del:18q22.2	del	18q22.2	0.065081	0.063307	18	24770541	78077248	SLC14A1
del:18q22.2	del	18q22.2	0.065081	0.063307	18	24770541	78077248	SYT4
del:18q22.2	del	18q22.2	0.065081	0.063307	18	24770541	78077248	TCF4
del:18q22.2	del	18q22.2	0.065081	0.063307	18	24770541	78077248	TTR
del:18q22.2	del	18q22.2	0.065081	0.063307	18	24770541	78077248	ZNF24
del:18q22.2	del	18q22.2	0.065081	0.063307	18	24770541	78077248	ZNF236
del:18q22.2	del	18q22.2	0.065081	0.063307	18	24770541	78077248	SLC14A2
del:18q22.2	del	18q22.2	0.065081	0.063307	18	24770541	78077248	SERPINB7
del:18q22.2	del	18q22.2	0.065081	0.063307	18	24770541	78077248	NOL4
del:18q22.2	del	18q22.2	0.065081	0.063307	18	24770541	78077248	TNFRSF11A
del:18q22.2	del	18q22.2	0.065081	0.063307	18	24770541	78077248	MBD2
del:18q22.2	del	18q22.2	0.065081	0.063307	18	24770541	78077248	PSTPIP2
del:18q22.2	del	18q22.2	0.065081	0.063307	18	24770541	78077248	PIAS2
del:18q22.2	del	18q22.2	0.065081	0.063307	18	24770541	78077248	CTDP1
del:18q22.2	del	18q22.2	0.065081	0.063307	18	24770541	78077248	SOCS6
del:18q22.2	del	18q22.2	0.065081	0.063307	18	24770541	78077248	B4GALT6
del:18q22.2	del	18q22.2	0.065081	0.063307	18	24770541	78077248	TXNL1
del:18q22.2	del	18q22.2	0.065081	0.063307	18	24770541	78077248	LIPG
del:18q22.2	del	18q22.2	0.065081	0.063307	18	24770541	78077248	ONECUT2
del:18q22.2	del	18q22.2	0.065081	0.063307	18	24770541	78077248	VPS4B
del:18q22.2	del	18q22.2	0.065081	0.063307	18	24770541	78077248	ZNF516
del:18q22.2	del	18q22.2	0.065081	0.063307	18	24770541	78077248	KIAA0427
del:18q22.2	del	18q22.2	0.065081	0.063307	18	24770541	78077248	TSHZ1
del:18q22.2	del	18q22.2	0.065081	0.063307	18	24770541	78077248	ACAA2
del:18q22.2	del	18q22.2	0.065081	0.063307	18	24770541	78077248	CD226
del:18q22.2	del	18q22.2	0.065081	0.063307	18	24770541	78077248	ZNF271
del:18q22.2	del	18q22.2	0.065081	0.063307	18	24770541	78077248	MALT1
del:18q22.2	del	18q22.2	0.065081	0.063307	18	24770541	78077248	TXNL4A
del:18q22.2	del	18q22.2	0.065081	0.063307	18	24770541	78077248	MAPRE2
del:18q22.2	del	18q22.2	0.065081	0.063307	18	24770541	78077248	POLI
del:18q22.2	del	18q22.2	0.065081	0.063307	18	24770541	78077248	ADNP2
del:18q22.2	del	18q22.2	0.065081	0.063307	18	24770541	78077248	KIAA1012
del:18q22.2	del	18q22.2	0.065081	0.063307	18	24770541	78077248	PHLPP1
del:18q22.2	del	18q22.2	0.065081	0.063307	18	24770541	78077248	NEDD4L
del:18q22.2	del	18q22.2	0.065081	0.063307	18	24770541	78077248	WDR7
del:18q22.2	del	18q22.2	0.065081	0.063307	18	24770541	78077248	PIGN
del:18q22.2	del	18q22.2	0.065081	0.063307	18	24770541	78077248	SLC39A6
del:18q22.2	del	18q22.2	0.065081	0.063307	18	24770541	78077248	RTTN
del:18q22.2	del	18q22.2	0.065081	0.063307	18	24770541	78077248	C18orf10
del:18q22.2	del	18q22.2	0.065081	0.063307	18	24770541	78077248	SETBP1
del:18q22.2	del	18q22.2	0.065081	0.063307	18	24770541	78077248	KCNG2
del:18q22.2	del	18q22.2	0.065081	0.063307	18	24770541	78077248	SNORD58A
del:18q22.2	del	18q22.2	0.065081	0.063307	18	24770541	78077248	SALL3
del:18q22.2	del	18q22.2	0.065081	0.063307	18	24770541	78077248	CDH20
del:18q22.2	del	18q22.2	0.065081	0.063307	18	24770541	78077248	CDH19
del:18q22.2	del	18q22.2	0.065081	0.063307	18	24770541	78077248	C18orf55
del:18q22.2	del	18q22.2	0.065081	0.063307	18	24770541	78077248	ST8SIA5
del:18q22.2	del	18q22.2	0.065081	0.063307	18	24770541	78077248	RAX
del:18q22.2	del	18q22.2	0.065081	0.063307	18	24770541	78077248	CXXC1
del:18q22.2	del	18q22.2	0.065081	0.063307	18	24770541	78077248	ST8SIA3
del:18q22.2	del	18q22.2	0.065081	0.063307	18	24770541	78077248	IER3IP1
del:18q22.2	del	18q22.2	0.065081	0.063307	18	24770541	78077248	TCEB3B
del:18q22.2	del	18q22.2	0.065081	0.063307	18	24770541	78077248	MEX3C
del:18q22.2	del	18q22.2	0.065081	0.063307	18	24770541	78077248	RNF138
del:18q22.2	del	18q22.2	0.065081	0.063307	18	24770541	78077248	TMX3
del:18q22.2	del	18q22.2	0.065081	0.063307	18	24770541	78077248	DYM
del:18q22.2	del	18q22.2	0.065081	0.063307	18	24770541	78077248	ZCCHC2
del:18q22.2	del	18q22.2	0.065081	0.063307	18	24770541	78077248	RNF125
del:18q22.2	del	18q22.2	0.065081	0.063307	18	24770541	78077248	MOCOS
del:18q22.2	del	18q22.2	0.065081	0.063307	18	24770541	78077248	RPRD1A
del:18q22.2	del	18q22.2	0.065081	0.063307	18	24770541	78077248	ZNF532
del:18q22.2	del	18q22.2	0.065081	0.063307	18	24770541	78077248	ELP2
del:18q22.2	del	18q22.2	0.065081	0.063307	18	24770541	78077248	ELAC1
del:18q22.2	del	18q22.2	0.065081	0.063307	18	24770541	78077248	ZNF407
del:18q22.2	del	18q22.2	0.065081	0.063307	18	24770541	78077248	CNDP2
del:18q22.2	del	18q22.2	0.065081	0.063307	18	24770541	78077248	CELF4
del:18q22.2	del	18q22.2	0.065081	0.063307	18	24770541	78077248	KIAA1328
del:18q22.2	del	18q22.2	0.065081	0.063307	18	24770541	78077248	KLHL14
del:18q22.2	del	18q22.2	0.065081	0.063307	18	24770541	78077248	KIAA1468
del:18q22.2	del	18q22.2	0.065081	0.063307	18	24770541	78077248	KIAA1632
del:18q22.2	del	18q22.2	0.065081	0.063307	18	24770541	78077248	FAM59A
del:18q22.2	del	18q22.2	0.065081	0.063307	18	24770541	78077248	CCDC102B
del:18q22.2	del	18q22.2	0.065081	0.063307	18	24770541	78077248	C18orf22
del:18q22.2	del	18q22.2	0.065081	0.063307	18	24770541	78077248	PQLC1
del:18q22.2	del	18q22.2	0.065081	0.063307	18	24770541	78077248	FHOD3
del:18q22.2	del	18q22.2	0.065081	0.063307	18	24770541	78077248	CCDC68
del:18q22.2	del	18q22.2	0.065081	0.063307	18	24770541	78077248	ASXL3
del:18q22.2	del	18q22.2	0.065081	0.063307	18	24770541	78077248	NETO1
del:18q22.2	del	18q22.2	0.065081	0.063307	18	24770541	78077248	KATNAL2
del:18q22.2	del	18q22.2	0.065081	0.063307	18	24770541	78077248	C18orf21
del:18q22.2	del	18q22.2	0.065081	0.063307	18	24770541	78077248	MRO
del:18q22.2	del	18q22.2	0.065081	0.063307	18	24770541	78077248	HDHD2
del:18q22.2	del	18q22.2	0.065081	0.063307	18	24770541	78077248	ZNF397
del:18q22.2	del	18q22.2	0.065081	0.063307	18	24770541	78077248	PARD6G
del:18q22.2	del	18q22.2	0.065081	0.063307	18	24770541	78077248	CNDP1
del:18q22.2	del	18q22.2	0.065081	0.063307	18	24770541	78077248	SERPINB12
del:18q22.2	del	18q22.2	0.065081	0.063307	18	24770541	78077248	SERPINB11
del:18q22.2	del	18q22.2	0.065081	0.063307	18	24770541	78077248	SEC11C
del:18q22.2	del	18q22.2	0.065081	0.063307	18	24770541	78077248	DSEL
del:18q22.2	del	18q22.2	0.065081	0.063307	18	24770541	78077248	HAUS1
del:18q22.2	del	18q22.2	0.065081	0.063307	18	24770541	78077248	ALPK2
del:18q22.2	del	18q22.2	0.065081	0.063307	18	24770541	78077248	LOXHD1
del:18q22.2	del	18q22.2	0.065081	0.063307	18	24770541	78077248	INO80C
del:18q22.2	del	18q22.2	0.065081	0.063307	18	24770541	78077248	FAM69C
del:18q22.2	del	18q22.2	0.065081	0.063307	18	24770541	78077248	STARD6
del:18q22.2	del	18q22.2	0.065081	0.063307	18	24770541	78077248	C18orf25
del:18q22.2	del	18q22.2	0.065081	0.063307	18	24770541	78077248	CCBE1
del:18q22.2	del	18q22.2	0.065081	0.063307	18	24770541	78077248	CBLN2
del:18q22.2	del	18q22.2	0.065081	0.063307	18	24770541	78077248	MCART2
del:18q22.2	del	18q22.2	0.065081	0.063307	18	24770541	78077248	DSG4
del:18q22.2	del	18q22.2	0.065081	0.063307	18	24770541	78077248	C18orf54
del:18q22.2	del	18q22.2	0.065081	0.063307	18	24770541	78077248	TCEB3C|162699|2of2
del:18q22.2	del	18q22.2	0.065081	0.063307	18	24770541	78077248	FBXO15
del:18q22.2	del	18q22.2	0.065081	0.063307	18	24770541	78077248	ZBTB7C
del:18q22.2	del	18q22.2	0.065081	0.063307	18	24770541	78077248	SKA1
del:18q22.2	del	18q22.2	0.065081	0.063307	18	24770541	78077248	CCDC11
del:18q22.2	del	18q22.2	0.065081	0.063307	18	24770541	78077248	DOK6
del:18q22.2	del	18q22.2	0.065081	0.063307	18	24770541	78077248	RNF152
del:18q22.2	del	18q22.2	0.065081	0.063307	18	24770541	78077248	C18orf20
del:18q22.2	del	18q22.2	0.065081	0.063307	18	24770541	78077248	ZNF396
del:18q22.2	del	18q22.2	0.065081	0.063307	18	24770541	78077248	C18orf26
del:18q22.2	del	18q22.2	0.065081	0.063307	18	24770541	78077248	SIGLEC15
del:18q22.2	del	18q22.2	0.065081	0.063307	18	24770541	78077248	ZADH2
del:18q22.2	del	18q22.2	0.065081	0.063307	18	24770541	78077248	C18orf62
del:18q22.2	del	18q22.2	0.065081	0.063307	18	24770541	78077248	LOC284276
del:18q22.2	del	18q22.2	0.065081	0.063307	18	24770541	78077248	HMSD
del:18q22.2	del	18q22.2	0.065081	0.063307	18	24770541	78077248	CPLX4
del:18q22.2	del	18q22.2	0.065081	0.063307	18	24770541	78077248	C18orf34
del:18q22.2	del	18q22.2	0.065081	0.063307	18	24770541	78077248	ATP9B
del:18q22.2	del	18q22.2	0.065081	0.063307	18	24770541	78077248	LOC390858
del:18q22.2	del	18q22.2	0.065081	0.063307	18	24770541	78077248	LOC400657
del:18q22.2	del	18q22.2	0.065081	0.063307	18	24770541	78077248	HSBP1L1
del:18q22.2	del	18q22.2	0.065081	0.063307	18	24770541	78077248	WBP11P1
del:18q22.2	del	18q22.2	0.065081	0.063307	18	24770541	78077248	RNF165
del:18q22.2	del	18q22.2	0.065081	0.063307	18	24770541	78077248	C18orf32
del:18q22.2	del	18q22.2	0.065081	0.063307	18	24770541	78077248	KC6
del:18q22.2	del	18q22.2	0.065081	0.063307	18	24770541	78077248	LOC647946
del:18q22.2	del	18q22.2	0.065081	0.063307	18	24770541	78077248	SCARNA17
del:18q22.2	del	18q22.2	0.065081	0.063307	18	24770541	78077248	SNORA37
del:18q22.2	del	18q22.2	0.065081	0.063307	18	24770541	78077248	ZNF397OS
del:18q22.2	del	18q22.2	0.065081	0.063307	18	24770541	78077248	SNORD58C
del:18q22.2	del	18q22.2	0.065081	0.063307	18	24770541	78077248	LOC100130522
del:9q34.2	del	9q34.2	0.090674	0.089772	9	37773419	141213431	hsa-mir-4291
del:9q34.2	del	9q34.2	0.090674	0.089772	9	37773419	141213431	hsa-mir-4290
del:9q34.2	del	9q34.2	0.090674	0.089772	9	37773419	141213431	hsa-mir-4289
del:9q34.2	del	9q34.2	0.090674	0.089772	9	37773419	141213431	hsa-mir-4292
del:9q34.2	del	9q34.2	0.090674	0.089772	9	37773419	141213431	hsa-mir-3154
del:9q34.2	del	9q34.2	0.090674	0.089772	9	37773419	141213431	hsa-mir-3074
del:9q34.2	del	9q34.2	0.090674	0.089772	9	37773419	141213431	hsa-mir-3153
del:9q34.2	del	9q34.2	0.090674	0.089772	9	37773419	141213431	hsa-mir-2861
del:9q34.2	del	9q34.2	0.090674	0.089772	9	37773419	141213431	hsa-mir-2278
del:9q34.2	del	9q34.2	0.090674	0.089772	9	37773419	141213431	hsa-mir-1302-8
del:9q34.2	del	9q34.2	0.090674	0.089772	9	37773419	141213431	hsa-mir-1299
del:9q34.2	del	9q34.2	0.090674	0.089772	9	37773419	141213431	hsa-mir-602
del:9q34.2	del	9q34.2	0.090674	0.089772	9	37773419	141213431	hsa-mir-601
del:9q34.2	del	9q34.2	0.090674	0.089772	9	37773419	141213431	hsa-mir-600
del:9q34.2	del	9q34.2	0.090674	0.089772	9	37773419	141213431	hsa-mir-455
del:9q34.2	del	9q34.2	0.090674	0.089772	9	37773419	141213431	hsa-mir-219-2
del:9q34.2	del	9q34.2	0.090674	0.089772	9	37773419	141213431	hsa-mir-181b-2
del:9q34.2	del	9q34.2	0.090674	0.089772	9	37773419	141213431	hsa-mir-126
del:9q34.2	del	9q34.2	0.090674	0.089772	9	37773419	141213431	hsa-mir-27b
del:9q34.2	del	9q34.2	0.090674	0.089772	9	37773419	141213431	hsa-mir-23b
del:9q34.2	del	9q34.2	0.090674	0.089772	9	37773419	141213431	hsa-mir-204
del:9q34.2	del	9q34.2	0.090674	0.089772	9	37773419	141213431	hsa-mir-199b
del:9q34.2	del	9q34.2	0.090674	0.089772	9	37773419	141213431	hsa-mir-181a-2
del:9q34.2	del	9q34.2	0.090674	0.089772	9	37773419	141213431	hsa-mir-7-1
del:9q34.2	del	9q34.2	0.090674	0.089772	9	37773419	141213431	hsa-mir-147
del:9q34.2	del	9q34.2	0.090674	0.089772	9	37773419	141213431	hsa-mir-32
del:9q34.2	del	9q34.2	0.090674	0.089772	9	37773419	141213431	hsa-mir-24-1
del:9q34.2	del	9q34.2	0.090674	0.089772	9	37773419	141213431	hsa-let-7f-1
del:9q34.2	del	9q34.2	0.090674	0.089772	9	37773419	141213431	hsa-let-7d
del:9q34.2	del	9q34.2	0.090674	0.089772	9	37773419	141213431	hsa-let-7a-1
del:9q34.2	del	9q34.2	0.090674	0.089772	9	37773419	141213431	ABCA1
del:9q34.2	del	9q34.2	0.090674	0.089772	9	37773419	141213431	ABCA2
del:9q34.2	del	9q34.2	0.090674	0.089772	9	37773419	141213431	ABL1
del:9q34.2	del	9q34.2	0.090674	0.089772	9	37773419	141213431	ABO
del:9q34.2	del	9q34.2	0.090674	0.089772	9	37773419	141213431	AK1
del:9q34.2	del	9q34.2	0.090674	0.089772	9	37773419	141213431	ALAD
del:9q34.2	del	9q34.2	0.090674	0.089772	9	37773419	141213431	ALDH1A1
del:9q34.2	del	9q34.2	0.090674	0.089772	9	37773419	141213431	ALDH1B1
del:9q34.2	del	9q34.2	0.090674	0.089772	9	37773419	141213431	ALDOB
del:9q34.2	del	9q34.2	0.090674	0.089772	9	37773419	141213431	AMBP
del:9q34.2	del	9q34.2	0.090674	0.089772	9	37773419	141213431	ANXA1
del:9q34.2	del	9q34.2	0.090674	0.089772	9	37773419	141213431	APBA1
del:9q34.2	del	9q34.2	0.090674	0.089772	9	37773419	141213431	ASS1
del:9q34.2	del	9q34.2	0.090674	0.089772	9	37773419	141213431	AUH
del:9q34.2	del	9q34.2	0.090674	0.089772	9	37773419	141213431	BAAT
del:9q34.2	del	9q34.2	0.090674	0.089772	9	37773419	141213431	KLF9
del:9q34.2	del	9q34.2	0.090674	0.089772	9	37773419	141213431	C5
del:9q34.2	del	9q34.2	0.090674	0.089772	9	37773419	141213431	C8G
del:9q34.2	del	9q34.2	0.090674	0.089772	9	37773419	141213431	CACNA1B
del:9q34.2	del	9q34.2	0.090674	0.089772	9	37773419	141213431	CCBL1
del:9q34.2	del	9q34.2	0.090674	0.089772	9	37773419	141213431	TNFSF8
del:9q34.2	del	9q34.2	0.090674	0.089772	9	37773419	141213431	ENTPD2
del:9q34.2	del	9q34.2	0.090674	0.089772	9	37773419	141213431	CDK9
del:9q34.2	del	9q34.2	0.090674	0.089772	9	37773419	141213431	CEL
del:9q34.2	del	9q34.2	0.090674	0.089772	9	37773419	141213431	CELP
del:9q34.2	del	9q34.2	0.090674	0.089772	9	37773419	141213431	CKS2
del:9q34.2	del	9q34.2	0.090674	0.089772	9	37773419	141213431	COL5A1
del:9q34.2	del	9q34.2	0.090674	0.089772	9	37773419	141213431	COL15A1
del:9q34.2	del	9q34.2	0.090674	0.089772	9	37773419	141213431	SLC31A1
del:9q34.2	del	9q34.2	0.090674	0.089772	9	37773419	141213431	SLC31A2
del:9q34.2	del	9q34.2	0.090674	0.089772	9	37773419	141213431	CRAT
del:9q34.2	del	9q34.2	0.090674	0.089772	9	37773419	141213431	CTSL1
del:9q34.2	del	9q34.2	0.090674	0.089772	9	37773419	141213431	CTSL2
del:9q34.2	del	9q34.2	0.090674	0.089772	9	37773419	141213431	CYLC2
del:9q34.2	del	9q34.2	0.090674	0.089772	9	37773419	141213431	DAPK1
del:9q34.2	del	9q34.2	0.090674	0.089772	9	37773419	141213431	DBC1
del:9q34.2	del	9q34.2	0.090674	0.089772	9	37773419	141213431	DBH
del:9q34.2	del	9q34.2	0.090674	0.089772	9	37773419	141213431	SARDH
del:9q34.2	del	9q34.2	0.090674	0.089772	9	37773419	141213431	DNM1
del:9q34.2	del	9q34.2	0.090674	0.089772	9	37773419	141213431	ECM2
del:9q34.2	del	9q34.2	0.090674	0.089772	9	37773419	141213431	TOR1A
del:9q34.2	del	9q34.2	0.090674	0.089772	9	37773419	141213431	LPAR1
del:9q34.2	del	9q34.2	0.090674	0.089772	9	37773419	141213431	S1PR3
del:9q34.2	del	9q34.2	0.090674	0.089772	9	37773419	141213431	MEGF9
del:9q34.2	del	9q34.2	0.090674	0.089772	9	37773419	141213431	ENDOG
del:9q34.2	del	9q34.2	0.090674	0.089772	9	37773419	141213431	ENG
del:9q34.2	del	9q34.2	0.090674	0.089772	9	37773419	141213431	STOM
del:9q34.2	del	9q34.2	0.090674	0.089772	9	37773419	141213431	FANCC
del:9q34.2	del	9q34.2	0.090674	0.089772	9	37773419	141213431	FBP1
del:9q34.2	del	9q34.2	0.090674	0.089772	9	37773419	141213431	FKTN
del:9q34.2	del	9q34.2	0.090674	0.089772	9	37773419	141213431	FCN1
del:9q34.2	del	9q34.2	0.090674	0.089772	9	37773419	141213431	FCN2
del:9q34.2	del	9q34.2	0.090674	0.089772	9	37773419	141213431	FOXE1
del:9q34.2	del	9q34.2	0.090674	0.089772	9	37773419	141213431	FPGS
del:9q34.2	del	9q34.2	0.090674	0.089772	9	37773419	141213431	FXN
del:9q34.2	del	9q34.2	0.090674	0.089772	9	37773419	141213431	NR5A1
del:9q34.2	del	9q34.2	0.090674	0.089772	9	37773419	141213431	FUT7
del:9q34.2	del	9q34.2	0.090674	0.089772	9	37773419	141213431	GAS1
del:9q34.2	del	9q34.2	0.090674	0.089772	9	37773419	141213431	NR6A1
del:9q34.2	del	9q34.2	0.090674	0.089772	9	37773419	141213431	GCNT1
del:9q34.2	del	9q34.2	0.090674	0.089772	9	37773419	141213431	GGTA1
del:9q34.2	del	9q34.2	0.090674	0.089772	9	37773419	141213431	GLE1
del:9q34.2	del	9q34.2	0.090674	0.089772	9	37773419	141213431	GNAQ
del:9q34.2	del	9q34.2	0.090674	0.089772	9	37773419	141213431	GNG10
del:9q34.2	del	9q34.2	0.090674	0.089772	9	37773419	141213431	GOLGA1
del:9q34.2	del	9q34.2	0.090674	0.089772	9	37773419	141213431	GOLGA2
del:9q34.2	del	9q34.2	0.090674	0.089772	9	37773419	141213431	GPR21
del:9q34.2	del	9q34.2	0.090674	0.089772	9	37773419	141213431	RAPGEF1
del:9q34.2	del	9q34.2	0.090674	0.089772	9	37773419	141213431	GRIN1
del:9q34.2	del	9q34.2	0.090674	0.089772	9	37773419	141213431	GSN
del:9q34.2	del	9q34.2	0.090674	0.089772	9	37773419	141213431	HNRNPK
del:9q34.2	del	9q34.2	0.090674	0.089772	9	37773419	141213431	HSD17B3
del:9q34.2	del	9q34.2	0.090674	0.089772	9	37773419	141213431	HSPA5
del:9q34.2	del	9q34.2	0.090674	0.089772	9	37773419	141213431	TNC
del:9q34.2	del	9q34.2	0.090674	0.089772	9	37773419	141213431	IARS
del:9q34.2	del	9q34.2	0.090674	0.089772	9	37773419	141213431	LCN1
del:9q34.2	del	9q34.2	0.090674	0.089772	9	37773419	141213431	LCN2
del:9q34.2	del	9q34.2	0.090674	0.089772	9	37773419	141213431	LMX1B
del:9q34.2	del	9q34.2	0.090674	0.089772	9	37773419	141213431	MUSK
del:9q34.2	del	9q34.2	0.090674	0.089772	9	37773419	141213431	NCBP1
del:9q34.2	del	9q34.2	0.090674	0.089772	9	37773419	141213431	NDUFA8
del:9q34.2	del	9q34.2	0.090674	0.089772	9	37773419	141213431	NFIL3
del:9q34.2	del	9q34.2	0.090674	0.089772	9	37773419	141213431	NINJ1
del:9q34.2	del	9q34.2	0.090674	0.089772	9	37773419	141213431	NOTCH1
del:9q34.2	del	9q34.2	0.090674	0.089772	9	37773419	141213431	NTRK2
del:9q34.2	del	9q34.2	0.090674	0.089772	9	37773419	141213431	ROR2
del:9q34.2	del	9q34.2	0.090674	0.089772	9	37773419	141213431	ODF2
del:9q34.2	del	9q34.2	0.090674	0.089772	9	37773419	141213431	OMD
del:9q34.2	del	9q34.2	0.090674	0.089772	9	37773419	141213431	OGN
del:9q34.2	del	9q34.2	0.090674	0.089772	9	37773419	141213431	ORM1
del:9q34.2	del	9q34.2	0.090674	0.089772	9	37773419	141213431	ORM2
del:9q34.2	del	9q34.2	0.090674	0.089772	9	37773419	141213431	PAEP
del:9q34.2	del	9q34.2	0.090674	0.089772	9	37773419	141213431	PAPPA
del:9q34.2	del	9q34.2	0.090674	0.089772	9	37773419	141213431	PDCL
del:9q34.2	del	9q34.2	0.090674	0.089772	9	37773419	141213431	PBX3
del:9q34.2	del	9q34.2	0.090674	0.089772	9	37773419	141213431	PCSK5
del:9q34.2	del	9q34.2	0.090674	0.089772	9	37773419	141213431	PGM5
del:9q34.2	del	9q34.2	0.090674	0.089772	9	37773419	141213431	PHF2
del:9q34.2	del	9q34.2	0.090674	0.089772	9	37773419	141213431	PPP2R4
del:9q34.2	del	9q34.2	0.090674	0.089772	9	37773419	141213431	PPP3R2
del:9q34.2	del	9q34.2	0.090674	0.089772	9	37773419	141213431	PPP6C
del:9q34.2	del	9q34.2	0.090674	0.089772	9	37773419	141213431	PRKACG
del:9q34.2	del	9q34.2	0.090674	0.089772	9	37773419	141213431	PSMB7
del:9q34.2	del	9q34.2	0.090674	0.089772	9	37773419	141213431	PSMD5
del:9q34.2	del	9q34.2	0.090674	0.089772	9	37773419	141213431	PTCH1
del:9q34.2	del	9q34.2	0.090674	0.089772	9	37773419	141213431	PTGDS
del:9q34.2	del	9q34.2	0.090674	0.089772	9	37773419	141213431	PTGS1
del:9q34.2	del	9q34.2	0.090674	0.089772	9	37773419	141213431	PTPN3
del:9q34.2	del	9q34.2	0.090674	0.089772	9	37773419	141213431	RAD23B
del:9q34.2	del	9q34.2	0.090674	0.089772	9	37773419	141213431	RALGDS
del:9q34.2	del	9q34.2	0.090674	0.089772	9	37773419	141213431	RGS3
del:9q34.2	del	9q34.2	0.090674	0.089772	9	37773419	141213431	RORB
del:9q34.2	del	9q34.2	0.090674	0.089772	9	37773419	141213431	RPL7A
del:9q34.2	del	9q34.2	0.090674	0.089772	9	37773419	141213431	RPL12
del:9q34.2	del	9q34.2	0.090674	0.089772	9	37773419	141213431	RXRA
del:9q34.2	del	9q34.2	0.090674	0.089772	9	37773419	141213431	SET
del:9q34.2	del	9q34.2	0.090674	0.089772	9	37773419	141213431	SHB
del:9q34.2	del	9q34.2	0.090674	0.089772	9	37773419	141213431	SNAPC4
del:9q34.2	del	9q34.2	0.090674	0.089772	9	37773419	141213431	SPTAN1
del:9q34.2	del	9q34.2	0.090674	0.089772	9	37773419	141213431	STXBP1
del:9q34.2	del	9q34.2	0.090674	0.089772	9	37773419	141213431	SURF1
del:9q34.2	del	9q34.2	0.090674	0.089772	9	37773419	141213431	SURF2
del:9q34.2	del	9q34.2	0.090674	0.089772	9	37773419	141213431	SURF4
del:9q34.2	del	9q34.2	0.090674	0.089772	9	37773419	141213431	MED22
del:9q34.2	del	9q34.2	0.090674	0.089772	9	37773419	141213431	SURF6
del:9q34.2	del	9q34.2	0.090674	0.089772	9	37773419	141213431	SYK
del:9q34.2	del	9q34.2	0.090674	0.089772	9	37773419	141213431	TAL2
del:9q34.2	del	9q34.2	0.090674	0.089772	9	37773419	141213431	TGFBR1
del:9q34.2	del	9q34.2	0.090674	0.089772	9	37773419	141213431	TLE1
del:9q34.2	del	9q34.2	0.090674	0.089772	9	37773419	141213431	TLE4
del:9q34.2	del	9q34.2	0.090674	0.089772	9	37773419	141213431	TLR4
del:9q34.2	del	9q34.2	0.090674	0.089772	9	37773419	141213431	TMOD1
del:9q34.2	del	9q34.2	0.090674	0.089772	9	37773419	141213431	TRAF1
del:9q34.2	del	9q34.2	0.090674	0.089772	9	37773419	141213431	TRAF2
del:9q34.2	del	9q34.2	0.090674	0.089772	9	37773419	141213431	TSC1
del:9q34.2	del	9q34.2	0.090674	0.089772	9	37773419	141213431	TTF1
del:9q34.2	del	9q34.2	0.090674	0.089772	9	37773419	141213431	TXN
del:9q34.2	del	9q34.2	0.090674	0.089772	9	37773419	141213431	UGCG
del:9q34.2	del	9q34.2	0.090674	0.089772	9	37773419	141213431	VAV2
del:9q34.2	del	9q34.2	0.090674	0.089772	9	37773419	141213431	CORO2A
del:9q34.2	del	9q34.2	0.090674	0.089772	9	37773419	141213431	XPA
del:9q34.2	del	9q34.2	0.090674	0.089772	9	37773419	141213431	ZFP37
del:9q34.2	del	9q34.2	0.090674	0.089772	9	37773419	141213431	ZNF79
del:9q34.2	del	9q34.2	0.090674	0.089772	9	37773419	141213431	ZNF189
del:9q34.2	del	9q34.2	0.090674	0.089772	9	37773419	141213431	ZFAND5
del:9q34.2	del	9q34.2	0.090674	0.089772	9	37773419	141213431	NR4A3
del:9q34.2	del	9q34.2	0.090674	0.089772	9	37773419	141213431	BRD3
del:9q34.2	del	9q34.2	0.090674	0.089772	9	37773419	141213431	NUP214
del:9q34.2	del	9q34.2	0.090674	0.089772	9	37773419	141213431	LHX3
del:9q34.2	del	9q34.2	0.090674	0.089772	9	37773419	141213431	GFI1B
del:9q34.2	del	9q34.2	0.090674	0.089772	9	37773419	141213431	PIP5K1B
del:9q34.2	del	9q34.2	0.090674	0.089772	9	37773419	141213431	IKBKAP
del:9q34.2	del	9q34.2	0.090674	0.089772	9	37773419	141213431	CDC14B
del:9q34.2	del	9q34.2	0.090674	0.089772	9	37773419	141213431	TMEFF1
del:9q34.2	del	9q34.2	0.090674	0.089772	9	37773419	141213431	SSNA1
del:9q34.2	del	9q34.2	0.090674	0.089772	9	37773419	141213431	EDF1
del:9q34.2	del	9q34.2	0.090674	0.089772	9	37773419	141213431	CTNNAL1
del:9q34.2	del	9q34.2	0.090674	0.089772	9	37773419	141213431	FBP2
del:9q34.2	del	9q34.2	0.090674	0.089772	9	37773419	141213431	DPM2
del:9q34.2	del	9q34.2	0.090674	0.089772	9	37773419	141213431	FUBP3
del:9q34.2	del	9q34.2	0.090674	0.089772	9	37773419	141213431	CLIC3
del:9q34.2	del	9q34.2	0.090674	0.089772	9	37773419	141213431	PRPF4
del:9q34.2	del	9q34.2	0.090674	0.089772	9	37773419	141213431	KLF4
del:9q34.2	del	9q34.2	0.090674	0.089772	9	37773419	141213431	GTF3C5
del:9q34.2	del	9q34.2	0.090674	0.089772	9	37773419	141213431	GTF3C4
del:9q34.2	del	9q34.2	0.090674	0.089772	9	37773419	141213431	LHX2
del:9q34.2	del	9q34.2	0.090674	0.089772	9	37773419	141213431	FAM189A2
del:9q34.2	del	9q34.2	0.090674	0.089772	9	37773419	141213431	TJP2
del:9q34.2	del	9q34.2	0.090674	0.089772	9	37773419	141213431	MED27
del:9q34.2	del	9q34.2	0.090674	0.089772	9	37773419	141213431	PTGES
del:9q34.2	del	9q34.2	0.090674	0.089772	9	37773419	141213431	ATP6V1G1
del:9q34.2	del	9q34.2	0.090674	0.089772	9	37773419	141213431	GABBR2
del:9q34.2	del	9q34.2	0.090674	0.089772	9	37773419	141213431	GDA
del:9q34.2	del	9q34.2	0.090674	0.089772	9	37773419	141213431	GNA14
del:9q34.2	del	9q34.2	0.090674	0.089772	9	37773419	141213431	RALGPS1
del:9q34.2	del	9q34.2	0.090674	0.089772	9	37773419	141213431	ADAMTSL2
del:9q34.2	del	9q34.2	0.090674	0.089772	9	37773419	141213431	TRIM14
del:9q34.2	del	9q34.2	0.090674	0.089772	9	37773419	141213431	KIAA0649
del:9q34.2	del	9q34.2	0.090674	0.089772	9	37773419	141213431	SEC16A
del:9q34.2	del	9q34.2	0.090674	0.089772	9	37773419	141213431	TNFSF15
del:9q34.2	del	9q34.2	0.090674	0.089772	9	37773419	141213431	ROD1
del:9q34.2	del	9q34.2	0.090674	0.089772	9	37773419	141213431	SH2D3C
del:9q34.2	del	9q34.2	0.090674	0.089772	9	37773419	141213431	RABEPK
del:9q34.2	del	9q34.2	0.090674	0.089772	9	37773419	141213431	LAMC3
del:9q34.2	del	9q34.2	0.090674	0.089772	9	37773419	141213431	TUBB2C
del:9q34.2	del	9q34.2	0.090674	0.089772	9	37773419	141213431	UBAC1
del:9q34.2	del	9q34.2	0.090674	0.089772	9	37773419	141213431	OLFM1
del:9q34.2	del	9q34.2	0.090674	0.089772	9	37773419	141213431	ZER1
del:9q34.2	del	9q34.2	0.090674	0.089772	9	37773419	141213431	SEMA4D
del:9q34.2	del	9q34.2	0.090674	0.089772	9	37773419	141213431	ANP32B
del:9q34.2	del	9q34.2	0.090674	0.089772	9	37773419	141213431	AGPAT2
del:9q34.2	del	9q34.2	0.090674	0.089772	9	37773419	141213431	SPTLC1
del:9q34.2	del	9q34.2	0.090674	0.089772	9	37773419	141213431	POMT1
del:9q34.2	del	9q34.2	0.090674	0.089772	9	37773419	141213431	SMC2
del:9q34.2	del	9q34.2	0.090674	0.089772	9	37773419	141213431	ZBTB6
del:9q34.2	del	9q34.2	0.090674	0.089772	9	37773419	141213431	NEK6
del:9q34.2	del	9q34.2	0.090674	0.089772	9	37773419	141213431	SDCCAG3
del:9q34.2	del	9q34.2	0.090674	0.089772	9	37773419	141213431	NOXA1
del:9q34.2	del	9q34.2	0.090674	0.089772	9	37773419	141213431	USP20
del:9q34.2	del	9q34.2	0.090674	0.089772	9	37773419	141213431	ACTL7B
del:9q34.2	del	9q34.2	0.090674	0.089772	9	37773419	141213431	ACTL7A
del:9q34.2	del	9q34.2	0.090674	0.089772	9	37773419	141213431	GADD45G
del:9q34.2	del	9q34.2	0.090674	0.089772	9	37773419	141213431	SPIN1
del:9q34.2	del	9q34.2	0.090674	0.089772	9	37773419	141213431	SEC61B
del:9q34.2	del	9q34.2	0.090674	0.089772	9	37773419	141213431	SLC27A4
del:9q34.2	del	9q34.2	0.090674	0.089772	9	37773419	141213431	SLC35D2
del:9q34.2	del	9q34.2	0.090674	0.089772	9	37773419	141213431	CEP110
del:9q34.2	del	9q34.2	0.090674	0.089772	9	37773419	141213431	WDR5
del:9q34.2	del	9q34.2	0.090674	0.089772	9	37773419	141213431	C9orf9
del:9q34.2	del	9q34.2	0.090674	0.089772	9	37773419	141213431	ADAMTS13
del:9q34.2	del	9q34.2	0.090674	0.089772	9	37773419	141213431	C9orf7
del:9q34.2	del	9q34.2	0.090674	0.089772	9	37773419	141213431	SLC2A6
del:9q34.2	del	9q34.2	0.090674	0.089772	9	37773419	141213431	AKAP2
del:9q34.2	del	9q34.2	0.090674	0.089772	9	37773419	141213431	RPL35
del:9q34.2	del	9q34.2	0.090674	0.089772	9	37773419	141213431	MAN1B1
del:9q34.2	del	9q34.2	0.090674	0.089772	9	37773419	141213431	DOLK
del:9q34.2	del	9q34.2	0.090674	0.089772	9	37773419	141213431	ZNF510
del:9q34.2	del	9q34.2	0.090674	0.089772	9	37773419	141213431	HABP4
del:9q34.2	del	9q34.2	0.090674	0.089772	9	37773419	141213431	PTGR1
del:9q34.2	del	9q34.2	0.090674	0.089772	9	37773419	141213431	TRIM32
del:9q34.2	del	9q34.2	0.090674	0.089772	9	37773419	141213431	FNBP1
del:9q34.2	del	9q34.2	0.090674	0.089772	9	37773419	141213431	SETX
del:9q34.2	del	9q34.2	0.090674	0.089772	9	37773419	141213431	ERP44
del:9q34.2	del	9q34.2	0.090674	0.089772	9	37773419	141213431	ZBTB43
del:9q34.2	del	9q34.2	0.090674	0.089772	9	37773419	141213431	SMC5
del:9q34.2	del	9q34.2	0.090674	0.089772	9	37773419	141213431	FAM120A
del:9q34.2	del	9q34.2	0.090674	0.089772	9	37773419	141213431	PMPCA
del:9q34.2	del	9q34.2	0.090674	0.089772	9	37773419	141213431	VPS13A
del:9q34.2	del	9q34.2	0.090674	0.089772	9	37773419	141213431	ASTN2
del:9q34.2	del	9q34.2	0.090674	0.089772	9	37773419	141213431	AGTPBP1
del:9q34.2	del	9q34.2	0.090674	0.089772	9	37773419	141213431	BICD2
del:9q34.2	del	9q34.2	0.090674	0.089772	9	37773419	141213431	FKBP15
del:9q34.2	del	9q34.2	0.090674	0.089772	9	37773419	141213431	KIAA0368
del:9q34.2	del	9q34.2	0.090674	0.089772	9	37773419	141213431	EXOSC2
del:9q34.2	del	9q34.2	0.090674	0.089772	9	37773419	141213431	NCS1
del:9q34.2	del	9q34.2	0.090674	0.089772	9	37773419	141213431	TDRD7
del:9q34.2	del	9q34.2	0.090674	0.089772	9	37773419	141213431	SLC44A1
del:9q34.2	del	9q34.2	0.090674	0.089772	9	37773419	141213431	ANGPTL2
del:9q34.2	del	9q34.2	0.090674	0.089772	9	37773419	141213431	NUP188
del:9q34.2	del	9q34.2	0.090674	0.089772	9	37773419	141213431	CDK20
del:9q34.2	del	9q34.2	0.090674	0.089772	9	37773419	141213431	RABGAP1
del:9q34.2	del	9q34.2	0.090674	0.089772	9	37773419	141213431	TMEM2
del:9q34.2	del	9q34.2	0.090674	0.089772	9	37773419	141213431	C9orf5
del:9q34.2	del	9q34.2	0.090674	0.089772	9	37773419	141213431	C9orf4
del:9q34.2	del	9q34.2	0.090674	0.089772	9	37773419	141213431	CIZ1
del:9q34.2	del	9q34.2	0.090674	0.089772	9	37773419	141213431	DFNB31
del:9q34.2	del	9q34.2	0.090674	0.089772	9	37773419	141213431	COBRA1
del:9q34.2	del	9q34.2	0.090674	0.089772	9	37773419	141213431	NIPSNAP3A
del:9q34.2	del	9q34.2	0.090674	0.089772	9	37773419	141213431	NELF
del:9q34.2	del	9q34.2	0.090674	0.089772	9	37773419	141213431	GPSM1
del:9q34.2	del	9q34.2	0.090674	0.089772	9	37773419	141213431	LOC26102
del:9q34.2	del	9q34.2	0.090674	0.089772	9	37773419	141213431	GAPVD1
del:9q34.2	del	9q34.2	0.090674	0.089772	9	37773419	141213431	PHF19
del:9q34.2	del	9q34.2	0.090674	0.089772	9	37773419	141213431	ZNF658
del:9q34.2	del	9q34.2	0.090674	0.089772	9	37773419	141213431	FBXW2
del:9q34.2	del	9q34.2	0.090674	0.089772	9	37773419	141213431	OR1J4
del:9q34.2	del	9q34.2	0.090674	0.089772	9	37773419	141213431	OR2K2
del:9q34.2	del	9q34.2	0.090674	0.089772	9	37773419	141213431	GBGT1
del:9q34.2	del	9q34.2	0.090674	0.089772	9	37773419	141213431	LHX6
del:9q34.2	del	9q34.2	0.090674	0.089772	9	37773419	141213431	OSTF1
del:9q34.2	del	9q34.2	0.090674	0.089772	9	37773419	141213431	OR1L3
del:9q34.2	del	9q34.2	0.090674	0.089772	9	37773419	141213431	OR1L1
del:9q34.2	del	9q34.2	0.090674	0.089772	9	37773419	141213431	OR1J2
del:9q34.2	del	9q34.2	0.090674	0.089772	9	37773419	141213431	SNORA65
del:9q34.2	del	9q34.2	0.090674	0.089772	9	37773419	141213431	SNORD62A|26786|2of2
del:9q34.2	del	9q34.2	0.090674	0.089772	9	37773419	141213431	SNORD36C
del:9q34.2	del	9q34.2	0.090674	0.089772	9	37773419	141213431	SNORD36B
del:9q34.2	del	9q34.2	0.090674	0.089772	9	37773419	141213431	SNORD36A
del:9q34.2	del	9q34.2	0.090674	0.089772	9	37773419	141213431	SNORD24
del:9q34.2	del	9q34.2	0.090674	0.089772	9	37773419	141213431	TRUB2
del:9q34.2	del	9q34.2	0.090674	0.089772	9	37773419	141213431	ST6GALNAC4
del:9q34.2	del	9q34.2	0.090674	0.089772	9	37773419	141213431	INVS
del:9q34.2	del	9q34.2	0.090674	0.089772	9	37773419	141213431	NDOR1
del:9q34.2	del	9q34.2	0.090674	0.089772	9	37773419	141213431	TOR1B
del:9q34.2	del	9q34.2	0.090674	0.089772	9	37773419	141213431	TOR2A
del:9q34.2	del	9q34.2	0.090674	0.089772	9	37773419	141213431	METTL11A
del:9q34.2	del	9q34.2	0.090674	0.089772	9	37773419	141213431	PHPT1
del:9q34.2	del	9q34.2	0.090674	0.089772	9	37773419	141213431	ANAPC2
del:9q34.2	del	9q34.2	0.090674	0.089772	9	37773419	141213431	PKN3
del:9q34.2	del	9q34.2	0.090674	0.089772	9	37773419	141213431	DPP7
del:9q34.2	del	9q34.2	0.090674	0.089772	9	37773419	141213431	PSAT1
del:9q34.2	del	9q34.2	0.090674	0.089772	9	37773419	141213431	UBQLN1
del:9q34.2	del	9q34.2	0.090674	0.089772	9	37773419	141213431	SLC2A8
del:9q34.2	del	9q34.2	0.090674	0.089772	9	37773419	141213431	OBP2B
del:9q34.2	del	9q34.2	0.090674	0.089772	9	37773419	141213431	OBP2A
del:9q34.2	del	9q34.2	0.090674	0.089772	9	37773419	141213431	ST6GALNAC6
del:9q34.2	del	9q34.2	0.090674	0.089772	9	37773419	141213431	41244.0
del:9q34.2	del	9q34.2	0.090674	0.089772	9	37773419	141213431	PCA3
del:9q34.2	del	9q34.2	0.090674	0.089772	9	37773419	141213431	EXOSC3
del:9q34.2	del	9q34.2	0.090674	0.089772	9	37773419	141213431	FAM108B1
del:9q34.2	del	9q34.2	0.090674	0.089772	9	37773419	141213431	MRPS2
del:9q34.2	del	9q34.2	0.090674	0.089772	9	37773419	141213431	COQ4
del:9q34.2	del	9q34.2	0.090674	0.089772	9	37773419	141213431	CERCAM
del:9q34.2	del	9q34.2	0.090674	0.089772	9	37773419	141213431	EGFL7
del:9q34.2	del	9q34.2	0.090674	0.089772	9	37773419	141213431	GOLM1
del:9q34.2	del	9q34.2	0.090674	0.089772	9	37773419	141213431	PRRX2
del:9q34.2	del	9q34.2	0.090674	0.089772	9	37773419	141213431	C9orf114
del:9q34.2	del	9q34.2	0.090674	0.089772	9	37773419	141213431	C9orf156
del:9q34.2	del	9q34.2	0.090674	0.089772	9	37773419	141213431	RAB14
del:9q34.2	del	9q34.2	0.090674	0.089772	9	37773419	141213431	C9orf78
del:9q34.2	del	9q34.2	0.090674	0.089772	9	37773419	141213431	SHC3
del:9q34.2	del	9q34.2	0.090674	0.089772	9	37773419	141213431	POLE3
del:9q34.2	del	9q34.2	0.090674	0.089772	9	37773419	141213431	NANS
del:9q34.2	del	9q34.2	0.090674	0.089772	9	37773419	141213431	FBXW5
del:9q34.2	del	9q34.2	0.090674	0.089772	9	37773419	141213431	MRPL50
del:9q34.2	del	9q34.2	0.090674	0.089772	9	37773419	141213431	RC3H2
del:9q34.2	del	9q34.2	0.090674	0.089772	9	37773419	141213431	EPB41L4B
del:9q34.2	del	9q34.2	0.090674	0.089772	9	37773419	141213431	TBC1D13
del:9q34.2	del	9q34.2	0.090674	0.089772	9	37773419	141213431	FAM22F
del:9q34.2	del	9q34.2	0.090674	0.089772	9	37773419	141213431	DIRAS2
del:9q34.2	del	9q34.2	0.090674	0.089772	9	37773419	141213431	ASPN
del:9q34.2	del	9q34.2	0.090674	0.089772	9	37773419	141213431	BSPRY
del:9q34.2	del	9q34.2	0.090674	0.089772	9	37773419	141213431	C9orf167
del:9q34.2	del	9q34.2	0.090674	0.089772	9	37773419	141213431	TEX10
del:9q34.2	del	9q34.2	0.090674	0.089772	9	37773419	141213431	LPPR1
del:9q34.2	del	9q34.2	0.090674	0.089772	9	37773419	141213431	EXD3
del:9q34.2	del	9q34.2	0.090674	0.089772	9	37773419	141213431	C9orf6
del:9q34.2	del	9q34.2	0.090674	0.089772	9	37773419	141213431	C9orf95
del:9q34.2	del	9q34.2	0.090674	0.089772	9	37773419	141213431	STX17
del:9q34.2	del	9q34.2	0.090674	0.089772	9	37773419	141213431	NOL8
del:9q34.2	del	9q34.2	0.090674	0.089772	9	37773419	141213431	C9orf40
del:9q34.2	del	9q34.2	0.090674	0.089772	9	37773419	141213431	TMEM38B
del:9q34.2	del	9q34.2	0.090674	0.089772	9	37773419	141213431	RFK
del:9q34.2	del	9q34.2	0.090674	0.089772	9	37773419	141213431	NIPSNAP3B
del:9q34.2	del	9q34.2	0.090674	0.089772	9	37773419	141213431	STRBP
del:9q34.2	del	9q34.2	0.090674	0.089772	9	37773419	141213431	TBC1D2
del:9q34.2	del	9q34.2	0.090674	0.089772	9	37773419	141213431	HEMGN
del:9q34.2	del	9q34.2	0.090674	0.089772	9	37773419	141213431	KIF27
del:9q34.2	del	9q34.2	0.090674	0.089772	9	37773419	141213431	C9orf86
del:9q34.2	del	9q34.2	0.090674	0.089772	9	37773419	141213431	CDK5RAP2
del:9q34.2	del	9q34.2	0.090674	0.089772	9	37773419	141213431	BARX1
del:9q34.2	del	9q34.2	0.090674	0.089772	9	37773419	141213431	RNF20
del:9q34.2	del	9q34.2	0.090674	0.089772	9	37773419	141213431	LRRC8A
del:9q34.2	del	9q34.2	0.090674	0.089772	9	37773419	141213431	INPP5E
del:9q34.2	del	9q34.2	0.090674	0.089772	9	37773419	141213431	NPDC1
del:9q34.2	del	9q34.2	0.090674	0.089772	9	37773419	141213431	BARHL1
del:9q34.2	del	9q34.2	0.090674	0.089772	9	37773419	141213431	SH3GLB2
del:9q34.2	del	9q34.2	0.090674	0.089772	9	37773419	141213431	REXO4
del:9q34.2	del	9q34.2	0.090674	0.089772	9	37773419	141213431	DOLPP1
del:9q34.2	del	9q34.2	0.090674	0.089772	9	37773419	141213431	KCNT1
del:9q34.2	del	9q34.2	0.090674	0.089772	9	37773419	141213431	KIAA1529
del:9q34.2	del	9q34.2	0.090674	0.089772	9	37773419	141213431	ZBTB26
del:9q34.2	del	9q34.2	0.090674	0.089772	9	37773419	141213431	DENND1A
del:9q34.2	del	9q34.2	0.090674	0.089772	9	37773419	141213431	GPR107
del:9q34.2	del	9q34.2	0.090674	0.089772	9	37773419	141213431	SLC46A2
del:9q34.2	del	9q34.2	0.090674	0.089772	9	37773419	141213431	C9orf27
del:9q34.2	del	9q34.2	0.090674	0.089772	9	37773419	141213431	C9orf80
del:9q34.2	del	9q34.2	0.090674	0.089772	9	37773419	141213431	ZNF462
del:9q34.2	del	9q34.2	0.090674	0.089772	9	37773419	141213431	PRDM12
del:9q34.2	del	9q34.2	0.090674	0.089772	9	37773419	141213431	NAA35
del:9q34.2	del	9q34.2	0.090674	0.089772	9	37773419	141213431	SLC28A3
del:9q34.2	del	9q34.2	0.090674	0.089772	9	37773419	141213431	CARD9
del:9q34.2	del	9q34.2	0.090674	0.089772	9	37773419	141213431	SUSD1
del:9q34.2	del	9q34.2	0.090674	0.089772	9	37773419	141213431	IPPK
del:9q34.2	del	9q34.2	0.090674	0.089772	9	37773419	141213431	DDX31
del:9q34.2	del	9q34.2	0.090674	0.089772	9	37773419	141213431	FAM129B
del:9q34.2	del	9q34.2	0.090674	0.089772	9	37773419	141213431	MRPL41
del:9q34.2	del	9q34.2	0.090674	0.089772	9	37773419	141213431	WNK2
del:9q34.2	del	9q34.2	0.090674	0.089772	9	37773419	141213431	SECISBP2
del:9q34.2	del	9q34.2	0.090674	0.089772	9	37773419	141213431	C9orf16
del:9q34.2	del	9q34.2	0.090674	0.089772	9	37773419	141213431	MAPKAP1
del:9q34.2	del	9q34.2	0.090674	0.089772	9	37773419	141213431	DCAF10
del:9q34.2	del	9q34.2	0.090674	0.089772	9	37773419	141213431	ZCCHC6
del:9q34.2	del	9q34.2	0.090674	0.089772	9	37773419	141213431	GALNT12
del:9q34.2	del	9q34.2	0.090674	0.089772	9	37773419	141213431	EHMT1
del:9q34.2	del	9q34.2	0.090674	0.089772	9	37773419	141213431	CNTNAP3
del:9q34.2	del	9q34.2	0.090674	0.089772	9	37773419	141213431	SVEP1
del:9q34.2	del	9q34.2	0.090674	0.089772	9	37773419	141213431	RMI1
del:9q34.2	del	9q34.2	0.090674	0.089772	9	37773419	141213431	TRPM3
del:9q34.2	del	9q34.2	0.090674	0.089772	9	37773419	141213431	PTGES2
del:9q34.2	del	9q34.2	0.090674	0.089772	9	37773419	141213431	GKAP1
del:9q34.2	del	9q34.2	0.090674	0.089772	9	37773419	141213431	AKNA
del:9q34.2	del	9q34.2	0.090674	0.089772	9	37773419	141213431	C9orf45
del:9q34.2	del	9q34.2	0.090674	0.089772	9	37773419	141213431	URM1
del:9q34.2	del	9q34.2	0.090674	0.089772	9	37773419	141213431	ISCA1
del:9q34.2	del	9q34.2	0.090674	0.089772	9	37773419	141213431	ARPC5L
del:9q34.2	del	9q34.2	0.090674	0.089772	9	37773419	141213431	HDHD3
del:9q34.2	del	9q34.2	0.090674	0.089772	9	37773419	141213431	AIF1L
del:9q34.2	del	9q34.2	0.090674	0.089772	9	37773419	141213431	UCK1
del:9q34.2	del	9q34.2	0.090674	0.089772	9	37773419	141213431	ZNF484
del:9q34.2	del	9q34.2	0.090674	0.089772	9	37773419	141213431	FSD1L
del:9q34.2	del	9q34.2	0.090674	0.089772	9	37773419	141213431	CEP78
del:9q34.2	del	9q34.2	0.090674	0.089772	9	37773419	141213431	GARNL3
del:9q34.2	del	9q34.2	0.090674	0.089772	9	37773419	141213431	HSDL2
del:9q34.2	del	9q34.2	0.090674	0.089772	9	37773419	141213431	C9orf64
del:9q34.2	del	9q34.2	0.090674	0.089772	9	37773419	141213431	C9orf89
del:9q34.2	del	9q34.2	0.090674	0.089772	9	37773419	141213431	HIATL2
del:9q34.2	del	9q34.2	0.090674	0.089772	9	37773419	141213431	C9orf125
del:9q34.2	del	9q34.2	0.090674	0.089772	9	37773419	141213431	NTNG2
del:9q34.2	del	9q34.2	0.090674	0.089772	9	37773419	141213431	HIATL1
del:9q34.2	del	9q34.2	0.090674	0.089772	9	37773419	141213431	BAT2L1
del:9q34.2	del	9q34.2	0.090674	0.089772	9	37773419	141213431	PPAPDC3
del:9q34.2	del	9q34.2	0.090674	0.089772	9	37773419	141213431	ZDHHC12
del:9q34.2	del	9q34.2	0.090674	0.089772	9	37773419	141213431	FAM73B
del:9q34.2	del	9q34.2	0.090674	0.089772	9	37773419	141213431	C9orf3
del:9q34.2	del	9q34.2	0.090674	0.089772	9	37773419	141213431	FIBCD1
del:9q34.2	del	9q34.2	0.090674	0.089772	9	37773419	141213431	KIAA1984
del:9q34.2	del	9q34.2	0.090674	0.089772	9	37773419	141213431	SNHG7
del:9q34.2	del	9q34.2	0.090674	0.089772	9	37773419	141213431	TMEM141
del:9q34.2	del	9q34.2	0.090674	0.089772	9	37773419	141213431	C9orf37
del:9q34.2	del	9q34.2	0.090674	0.089772	9	37773419	141213431	COL27A1
del:9q34.2	del	9q34.2	0.090674	0.089772	9	37773419	141213431	ALG2
del:9q34.2	del	9q34.2	0.090674	0.089772	9	37773419	141213431	FGD3
del:9q34.2	del	9q34.2	0.090674	0.089772	9	37773419	141213431	FAM125B
del:9q34.2	del	9q34.2	0.090674	0.089772	9	37773419	141213431	WDR34
del:9q34.2	del	9q34.2	0.090674	0.089772	9	37773419	141213431	C9orf140
del:9q34.2	del	9q34.2	0.090674	0.089772	9	37773419	141213431	C9orf69
del:9q34.2	del	9q34.2	0.090674	0.089772	9	37773419	141213431	LRSAM1
del:9q34.2	del	9q34.2	0.090674	0.089772	9	37773419	141213431	C9orf30
del:9q34.2	del	9q34.2	0.090674	0.089772	9	37773419	141213431	UAP1L1
del:9q34.2	del	9q34.2	0.090674	0.089772	9	37773419	141213431	MCART1
del:9q34.2	del	9q34.2	0.090674	0.089772	9	37773419	141213431	MRRF
del:9q34.2	del	9q34.2	0.090674	0.089772	9	37773419	141213431	RBM18
del:9q34.2	del	9q34.2	0.090674	0.089772	9	37773419	141213431	ARRDC1
del:9q34.2	del	9q34.2	0.090674	0.089772	9	37773419	141213431	WDR85
del:9q34.2	del	9q34.2	0.090674	0.089772	9	37773419	141213431	TMEM203
del:9q34.2	del	9q34.2	0.090674	0.089772	9	37773419	141213431	KIF12
del:9q34.2	del	9q34.2	0.090674	0.089772	9	37773419	141213431	PALM2
del:9q34.2	del	9q34.2	0.090674	0.089772	9	37773419	141213431	SLC25A25
del:9q34.2	del	9q34.2	0.090674	0.089772	9	37773419	141213431	WDR31
del:9q34.2	del	9q34.2	0.090674	0.089772	9	37773419	141213431	ZNF618
del:9q34.2	del	9q34.2	0.090674	0.089772	9	37773419	141213431	FAM122A
del:9q34.2	del	9q34.2	0.090674	0.089772	9	37773419	141213431	ZMYND19
del:9q34.2	del	9q34.2	0.090674	0.089772	9	37773419	141213431	GRIN3A
del:9q34.2	del	9q34.2	0.090674	0.089772	9	37773419	141213431	TMC1
del:9q34.2	del	9q34.2	0.090674	0.089772	9	37773419	141213431	RNF183
del:9q34.2	del	9q34.2	0.090674	0.089772	9	37773419	141213431	NACC2
del:9q34.2	del	9q34.2	0.090674	0.089772	9	37773419	141213431	C9orf116
del:9q34.2	del	9q34.2	0.090674	0.089772	9	37773419	141213431	C9orf41
del:9q34.2	del	9q34.2	0.090674	0.089772	9	37773419	141213431	C9orf57
del:9q34.2	del	9q34.2	0.090674	0.089772	9	37773419	141213431	C9orf85
del:9q34.2	del	9q34.2	0.090674	0.089772	9	37773419	141213431	C9orf135
del:9q34.2	del	9q34.2	0.090674	0.089772	9	37773419	141213431	LCN8
del:9q34.2	del	9q34.2	0.090674	0.089772	9	37773419	141213431	FAM69B
del:9q34.2	del	9q34.2	0.090674	0.089772	9	37773419	141213431	PTRH1
del:9q34.2	del	9q34.2	0.090674	0.089772	9	37773419	141213431	PIP5KL1
del:9q34.2	del	9q34.2	0.090674	0.089772	9	37773419	141213431	PTPDC1
del:9q34.2	del	9q34.2	0.090674	0.089772	9	37773419	141213431	ANKRD19
del:9q34.2	del	9q34.2	0.090674	0.089772	9	37773419	141213431	OR13C5
del:9q34.2	del	9q34.2	0.090674	0.089772	9	37773419	141213431	OR13C8
del:9q34.2	del	9q34.2	0.090674	0.089772	9	37773419	141213431	OR13C3
del:9q34.2	del	9q34.2	0.090674	0.089772	9	37773419	141213431	OR13C4
del:9q34.2	del	9q34.2	0.090674	0.089772	9	37773419	141213431	OR13F1
del:9q34.2	del	9q34.2	0.090674	0.089772	9	37773419	141213431	OR1L8
del:9q34.2	del	9q34.2	0.090674	0.089772	9	37773419	141213431	OR1N2
del:9q34.2	del	9q34.2	0.090674	0.089772	9	37773419	141213431	OR1N1
del:9q34.2	del	9q34.2	0.090674	0.089772	9	37773419	141213431	ASB6
del:9q34.2	del	9q34.2	0.090674	0.089772	9	37773419	141213431	TRPM6
del:9q34.2	del	9q34.2	0.090674	0.089772	9	37773419	141213431	SLC34A3
del:9q34.2	del	9q34.2	0.090674	0.089772	9	37773419	141213431	DAB2IP
del:9q34.2	del	9q34.2	0.090674	0.089772	9	37773419	141213431	CAMSAP1
del:9q34.2	del	9q34.2	0.090674	0.089772	9	37773419	141213431	NXNL2
del:9q34.2	del	9q34.2	0.090674	0.089772	9	37773419	141213431	C9orf163
del:9q34.2	del	9q34.2	0.090674	0.089772	9	37773419	141213431	MAMDC4
del:9q34.2	del	9q34.2	0.090674	0.089772	9	37773419	141213431	LCN6
del:9q34.2	del	9q34.2	0.090674	0.089772	9	37773419	141213431	C9orf98
del:9q34.2	del	9q34.2	0.090674	0.089772	9	37773419	141213431	OR1Q1
del:9q34.2	del	9q34.2	0.090674	0.089772	9	37773419	141213431	TTLL11
del:9q34.2	del	9q34.2	0.090674	0.089772	9	37773419	141213431	RASEF
del:9q34.2	del	9q34.2	0.090674	0.089772	9	37773419	141213431	C9orf122
del:9q34.2	del	9q34.2	0.090674	0.089772	9	37773419	141213431	TTC16
del:9q34.2	del	9q34.2	0.090674	0.089772	9	37773419	141213431	FAM120AOS
del:9q34.2	del	9q34.2	0.090674	0.089772	9	37773419	141213431	C9orf44
del:9q34.2	del	9q34.2	0.090674	0.089772	9	37773419	141213431	ZNF483
del:9q34.2	del	9q34.2	0.090674	0.089772	9	37773419	141213431	C9orf84
del:9q34.2	del	9q34.2	0.090674	0.089772	9	37773419	141213431	KIAA1958
del:9q34.2	del	9q34.2	0.090674	0.089772	9	37773419	141213431	TSTD2
del:9q34.2	del	9q34.2	0.090674	0.089772	9	37773419	141213431	ZNF782
del:9q34.2	del	9q34.2	0.090674	0.089772	9	37773419	141213431	PRUNE2
del:9q34.2	del	9q34.2	0.090674	0.089772	9	37773419	141213431	C9orf96
del:9q34.2	del	9q34.2	0.090674	0.089772	9	37773419	141213431	OLFML2A
del:9q34.2	del	9q34.2	0.090674	0.089772	9	37773419	141213431	C9orf71
del:9q34.2	del	9q34.2	0.090674	0.089772	9	37773419	141213431	QSOX2
del:9q34.2	del	9q34.2	0.090674	0.089772	9	37773419	141213431	ZNF883
del:9q34.2	del	9q34.2	0.090674	0.089772	9	37773419	141213431	ZNF169
del:9q34.2	del	9q34.2	0.090674	0.089772	9	37773419	141213431	C9orf21
del:9q34.2	del	9q34.2	0.090674	0.089772	9	37773419	141213431	ZNF367
del:9q34.2	del	9q34.2	0.090674	0.089772	9	37773419	141213431	C9orf91
del:9q34.2	del	9q34.2	0.090674	0.089772	9	37773419	141213431	NAIF1
del:9q34.2	del	9q34.2	0.090674	0.089772	9	37773419	141213431	ANKS6
del:9q34.2	del	9q34.2	0.090674	0.089772	9	37773419	141213431	SUSD3
del:9q34.2	del	9q34.2	0.090674	0.089772	9	37773419	141213431	CBWD5
del:9q34.2	del	9q34.2	0.090674	0.089772	9	37773419	141213431	CDC26
del:9q34.2	del	9q34.2	0.090674	0.089772	9	37773419	141213431	LOC253039
del:9q34.2	del	9q34.2	0.090674	0.089772	9	37773419	141213431	PHYHD1
del:9q34.2	del	9q34.2	0.090674	0.089772	9	37773419	141213431	MORN5
del:9q34.2	del	9q34.2	0.090674	0.089772	9	37773419	141213431	OR1L4
del:9q34.2	del	9q34.2	0.090674	0.089772	9	37773419	141213431	TXNDC8
del:9q34.2	del	9q34.2	0.090674	0.089772	9	37773419	141213431	MAMDC2
del:9q34.2	del	9q34.2	0.090674	0.089772	9	37773419	141213431	FRMD3
del:9q34.2	del	9q34.2	0.090674	0.089772	9	37773419	141213431	C9orf43
del:9q34.2	del	9q34.2	0.090674	0.089772	9	37773419	141213431	NCRNA00094
del:9q34.2	del	9q34.2	0.090674	0.089772	9	37773419	141213431	CRB2
del:9q34.2	del	9q34.2	0.090674	0.089772	9	37773419	141213431	SCAI
del:9q34.2	del	9q34.2	0.090674	0.089772	9	37773419	141213431	C9orf117
del:9q34.2	del	9q34.2	0.090674	0.089772	9	37773419	141213431	C9orf47
del:9q34.2	del	9q34.2	0.090674	0.089772	9	37773419	141213431	C9orf79
del:9q34.2	del	9q34.2	0.090674	0.089772	9	37773419	141213431	LOC286238
del:9q34.2	del	9q34.2	0.090674	0.089772	9	37773419	141213431	LCN12
del:9q34.2	del	9q34.2	0.090674	0.089772	9	37773419	141213431	C9orf142
del:9q34.2	del	9q34.2	0.090674	0.089772	9	37773419	141213431	TPRN
del:9q34.2	del	9q34.2	0.090674	0.089772	9	37773419	141213431	C9orf109
del:9q34.2	del	9q34.2	0.090674	0.089772	9	37773419	141213431	FAM78A
del:9q34.2	del	9q34.2	0.090674	0.089772	9	37773419	141213431	LOC286359
del:9q34.2	del	9q34.2	0.090674	0.089772	9	37773419	141213431	OR13C9
del:9q34.2	del	9q34.2	0.090674	0.089772	9	37773419	141213431	OR13D1
del:9q34.2	del	9q34.2	0.090674	0.089772	9	37773419	141213431	LOC286367
del:9q34.2	del	9q34.2	0.090674	0.089772	9	37773419	141213431	FOXD4L3
del:9q34.2	del	9q34.2	0.090674	0.089772	9	37773419	141213431	LOC340508
del:9q34.2	del	9q34.2	0.090674	0.089772	9	37773419	141213431	GPR144
del:9q34.2	del	9q34.2	0.090674	0.089772	9	37773419	141213431	FLJ43950
del:9q34.2	del	9q34.2	0.090674	0.089772	9	37773419	141213431	QRFP
del:9q34.2	del	9q34.2	0.090674	0.089772	9	37773419	141213431	OR1J1
del:9q34.2	del	9q34.2	0.090674	0.089772	9	37773419	141213431	OR1B1
del:9q34.2	del	9q34.2	0.090674	0.089772	9	37773419	141213431	IGFBPL1
del:9q34.2	del	9q34.2	0.090674	0.089772	9	37773419	141213431	MURC
del:9q34.2	del	9q34.2	0.090674	0.089772	9	37773419	141213431	GLT6D1
del:9q34.2	del	9q34.2	0.090674	0.089772	9	37773419	141213431	AQP7P1
del:9q34.2	del	9q34.2	0.090674	0.089772	9	37773419	141213431	PTAR1
del:9q34.2	del	9q34.2	0.090674	0.089772	9	37773419	141213431	C9orf102
del:9q34.2	del	9q34.2	0.090674	0.089772	9	37773419	141213431	C9orf119
del:9q34.2	del	9q34.2	0.090674	0.089772	9	37773419	141213431	C9orf50
del:9q34.2	del	9q34.2	0.090674	0.089772	9	37773419	141213431	PNPLA7
del:9q34.2	del	9q34.2	0.090674	0.089772	9	37773419	141213431	C9orf169
del:9q34.2	del	9q34.2	0.090674	0.089772	9	37773419	141213431	ENTPD8
del:9q34.2	del	9q34.2	0.090674	0.089772	9	37773419	141213431	ZNF322B
del:9q34.2	del	9q34.2	0.090674	0.089772	9	37773419	141213431	KGFLP1
del:9q34.2	del	9q34.2	0.090674	0.089772	9	37773419	141213431	FAM75A6
del:9q34.2	del	9q34.2	0.090674	0.089772	9	37773419	141213431	MGC21881
del:9q34.2	del	9q34.2	0.090674	0.089772	9	37773419	141213431	FLJ43859
del:9q34.2	del	9q34.2	0.090674	0.089772	9	37773419	141213431	FLJ44082
del:9q34.2	del	9q34.2	0.090674	0.089772	9	37773419	141213431	FLJ46321
del:9q34.2	del	9q34.2	0.090674	0.089772	9	37773419	141213431	C9orf153
del:9q34.2	del	9q34.2	0.090674	0.089772	9	37773419	141213431	LOC389791
del:9q34.2	del	9q34.2	0.090674	0.089772	9	37773419	141213431	IER5L
del:9q34.2	del	9q34.2	0.090674	0.089772	9	37773419	141213431	C9orf171
del:9q34.2	del	9q34.2	0.090674	0.089772	9	37773419	141213431	LCN15
del:9q34.2	del	9q34.2	0.090674	0.089772	9	37773419	141213431	C9orf172
del:9q34.2	del	9q34.2	0.090674	0.089772	9	37773419	141213431	LRRC26
del:9q34.2	del	9q34.2	0.090674	0.089772	9	37773419	141213431	TMEM8C
del:9q34.2	del	9q34.2	0.090674	0.089772	9	37773419	141213431	CTSL3
del:9q34.2	del	9q34.2	0.090674	0.089772	9	37773419	141213431	OR13C2
del:9q34.2	del	9q34.2	0.090674	0.089772	9	37773419	141213431	OR1L6
del:9q34.2	del	9q34.2	0.090674	0.089772	9	37773419	141213431	OR5C1
del:9q34.2	del	9q34.2	0.090674	0.089772	9	37773419	141213431	OR1K1
del:9q34.2	del	9q34.2	0.090674	0.089772	9	37773419	141213431	LCN9
del:9q34.2	del	9q34.2	0.090674	0.089772	9	37773419	141213431	FAM102A
del:9q34.2	del	9q34.2	0.090674	0.089772	9	37773419	141213431	FAM74A1
del:9q34.2	del	9q34.2	0.090674	0.089772	9	37773419	141213431	FAM74A4
del:9q34.2	del	9q34.2	0.090674	0.089772	9	37773419	141213431	C9orf170
del:9q34.2	del	9q34.2	0.090674	0.089772	9	37773419	141213431	CENPP
del:9q34.2	del	9q34.2	0.090674	0.089772	9	37773419	141213431	C9orf152
del:9q34.2	del	9q34.2	0.090674	0.089772	9	37773419	141213431	SNX30
del:9q34.2	del	9q34.2	0.090674	0.089772	9	37773419	141213431	WDR38
del:9q34.2	del	9q34.2	0.090674	0.089772	9	37773419	141213431	LCNL1
del:9q34.2	del	9q34.2	0.090674	0.089772	9	37773419	141213431	C9orf139
del:9q34.2	del	9q34.2	0.090674	0.089772	9	37773419	141213431	FAM166A
del:9q34.2	del	9q34.2	0.090674	0.089772	9	37773419	141213431	LOC402377
del:9q34.2	del	9q34.2	0.090674	0.089772	9	37773419	141213431	SOHLH1
del:9q34.2	del	9q34.2	0.090674	0.089772	9	37773419	141213431	ZBTB34
del:9q34.2	del	9q34.2	0.090674	0.089772	9	37773419	141213431	?|404770
del:9q34.2	del	9q34.2	0.090674	0.089772	9	37773419	141213431	C9orf106
del:9q34.2	del	9q34.2	0.090674	0.089772	9	37773419	141213431	C9orf103
del:9q34.2	del	9q34.2	0.090674	0.089772	9	37773419	141213431	LCN10
del:9q34.2	del	9q34.2	0.090674	0.089772	9	37773419	141213431	LOC440173
del:9q34.2	del	9q34.2	0.090674	0.089772	9	37773419	141213431	LOC440896
del:9q34.2	del	9q34.2	0.090674	0.089772	9	37773419	141213431	ANKRD20A3|441425|3of3
del:9q34.2	del	9q34.2	0.090674	0.089772	9	37773419	141213431	AQP7P3
del:9q34.2	del	9q34.2	0.090674	0.089772	9	37773419	141213431	FAM75C1
del:9q34.2	del	9q34.2	0.090674	0.089772	9	37773419	141213431	LOC441454
del:9q34.2	del	9q34.2	0.090674	0.089772	9	37773419	141213431	LOC441455
del:9q34.2	del	9q34.2	0.090674	0.089772	9	37773419	141213431	FAM22G
del:9q34.2	del	9q34.2	0.090674	0.089772	9	37773419	141213431	C9orf173
del:9q34.2	del	9q34.2	0.090674	0.089772	9	37773419	141213431	NRARP
del:9q34.2	del	9q34.2	0.090674	0.089772	9	37773419	141213431	LOC442421
del:9q34.2	del	9q34.2	0.090674	0.089772	9	37773419	141213431	FOXB2
del:9q34.2	del	9q34.2	0.090674	0.089772	9	37773419	141213431	CBWD3|445571|2of2
del:9q34.2	del	9q34.2	0.090674	0.089772	9	37773419	141213431	C9orf129
del:9q34.2	del	9q34.2	0.090674	0.089772	9	37773419	141213431	PALM2-AKAP2
del:9q34.2	del	9q34.2	0.090674	0.089772	9	37773419	141213431	FAM27A
del:9q34.2	del	9q34.2	0.090674	0.089772	9	37773419	141213431	DNAJC25
del:9q34.2	del	9q34.2	0.090674	0.089772	9	37773419	141213431	DNAJC25-GNG10
del:9q34.2	del	9q34.2	0.090674	0.089772	9	37773419	141213431	LOC572558
del:9q34.2	del	9q34.2	0.090674	0.089772	9	37773419	141213431	PGM5P2
del:9q34.2	del	9q34.2	0.090674	0.089772	9	37773419	141213431	FAM75A2|642265|2of2
del:9q34.2	del	9q34.2	0.090674	0.089772	9	37773419	141213431	LOC642929
del:9q34.2	del	9q34.2	0.090674	0.089772	9	37773419	141213431	FAM163B
del:9q34.2	del	9q34.2	0.090674	0.089772	9	37773419	141213431	FLJ40292
del:9q34.2	del	9q34.2	0.090674	0.089772	9	37773419	141213431	TUBBP5
del:9q34.2	del	9q34.2	0.090674	0.089772	9	37773419	141213431	CBWD6
del:9q34.2	del	9q34.2	0.090674	0.089772	9	37773419	141213431	RPSAP9
del:9q34.2	del	9q34.2	0.090674	0.089772	9	37773419	141213431	FOXD4L6
del:9q34.2	del	9q34.2	0.090674	0.089772	9	37773419	141213431	FOXD4L5
del:9q34.2	del	9q34.2	0.090674	0.089772	9	37773419	141213431	LOC653501|653501|2of2
del:9q34.2	del	9q34.2	0.090674	0.089772	9	37773419	141213431	?|653553
del:9q34.2	del	9q34.2	0.090674	0.089772	9	37773419	141213431	KGFLP2
del:9q34.2	del	9q34.2	0.090674	0.089772	9	37773419	141213431	SNORD90
del:9q34.2	del	9q34.2	0.090674	0.089772	9	37773419	141213431	RNF208
del:9q34.2	del	9q34.2	0.090674	0.089772	9	37773419	141213431	FAM75A3
del:9q34.2	del	9q34.2	0.090674	0.089772	9	37773419	141213431	FAM75A5|727905|3of3
del:9q34.2	del	9q34.2	0.090674	0.089772	9	37773419	141213431	DNLZ
del:9q34.2	del	9q34.2	0.090674	0.089772	9	37773419	141213431	FAM74A3
del:9q34.2	del	9q34.2	0.090674	0.089772	9	37773419	141213431	ANKRD20A4
del:9q34.2	del	9q34.2	0.090674	0.089772	9	37773419	141213431	?|728788
del:9q34.2	del	9q34.2	0.090674	0.089772	9	37773419	141213431	FOXD4L2|100036519|2of2
del:9q34.2	del	9q34.2	0.090674	0.089772	9	37773419	141213431	SNORA84
del:9q34.2	del	9q34.2	0.090674	0.089772	9	37773419	141213431	SNORA70C
del:9q34.2	del	9q34.2	0.090674	0.089772	9	37773419	141213431	LOC100128076
del:9q34.2	del	9q34.2	0.090674	0.089772	9	37773419	141213431	C9orf110
del:9q34.2	del	9q34.2	0.090674	0.089772	9	37773419	141213431	C9orf130
del:9q34.2	del	9q34.2	0.090674	0.089772	9	37773419	141213431	LOC100129034
del:9q34.2	del	9q34.2	0.090674	0.089772	9	37773419	141213431	LOC100129066
del:9q34.2	del	9q34.2	0.090674	0.089772	9	37773419	141213431	?|100130426
del:9q34.2	del	9q34.2	0.090674	0.089772	9	37773419	141213431	LOC100131193
del:9q34.2	del	9q34.2	0.090674	0.089772	9	37773419	141213431	FAM157B
del:9q34.2	del	9q34.2	0.090674	0.089772	9	37773419	141213431	FAM27C
del:9q34.2	del	9q34.2	0.090674	0.089772	9	37773419	141213431	FAM95B1|100133036|2of2
del:9q34.2	del	9q34.2	0.090674	0.089772	9	37773419	141213431	FAM27B
del:9q34.2	del	9q34.2	0.090674	0.089772	9	37773419	141213431	LOC100133920
del:9q34.2	del	9q34.2	0.090674	0.089772	9	37773419	141213431	RNU6ATAC
del:9q34.2	del	9q34.2	0.090674	0.089772	9	37773419	141213431	NCRNA00092
del:9q34.2	del	9q34.2	0.090674	0.089772	9	37773419	141213431	LOC100272217
del:9q34.2	del	9q34.2	0.090674	0.089772	9	37773419	141213431	LOC100289341
del:10p12.31	del	10p12.31	0.092713	0.089772	10	1	37416889	hsa-mir-4293
del:10p12.31	del	10p12.31	0.092713	0.089772	10	1	37416889	hsa-mir-3155
del:10p12.31	del	10p12.31	0.092713	0.089772	10	1	37416889	hsa-mir-548q
del:10p12.31	del	10p12.31	0.092713	0.089772	10	1	37416889	hsa-mir-1915
del:10p12.31	del	10p12.31	0.092713	0.089772	10	1	37416889	hsa-mir-1265
del:10p12.31	del	10p12.31	0.092713	0.089772	10	1	37416889	hsa-mir-938
del:10p12.31	del	10p12.31	0.092713	0.089772	10	1	37416889	hsa-mir-604
del:10p12.31	del	10p12.31	0.092713	0.089772	10	1	37416889	hsa-mir-603
del:10p12.31	del	10p12.31	0.092713	0.089772	10	1	37416889	hsa-mir-511-2
del:10p12.31	del	10p12.31	0.092713	0.089772	10	1	37416889	hsa-mir-511-1
del:10p12.31	del	10p12.31	0.092713	0.089772	10	1	37416889	ADARB2
del:10p12.31	del	10p12.31	0.092713	0.089772	10	1	37416889	ATP5C1
del:10p12.31	del	10p12.31	0.092713	0.089772	10	1	37416889	BMI1
del:10p12.31	del	10p12.31	0.092713	0.089772	10	1	37416889	CACNB2
del:10p12.31	del	10p12.31	0.092713	0.089772	10	1	37416889	CALML3
del:10p12.31	del	10p12.31	0.092713	0.089772	10	1	37416889	AKR1C4
del:10p12.31	del	10p12.31	0.092713	0.089772	10	1	37416889	KLF6
del:10p12.31	del	10p12.31	0.092713	0.089772	10	1	37416889	MAP3K8
del:10p12.31	del	10p12.31	0.092713	0.089772	10	1	37416889	CREM
del:10p12.31	del	10p12.31	0.092713	0.089772	10	1	37416889	AKR1C1
del:10p12.31	del	10p12.31	0.092713	0.089772	10	1	37416889	AKR1C2
del:10p12.31	del	10p12.31	0.092713	0.089772	10	1	37416889	TRDMT1
del:10p12.31	del	10p12.31	0.092713	0.089772	10	1	37416889	GAD2
del:10p12.31	del	10p12.31	0.092713	0.089772	10	1	37416889	GATA3
del:10p12.31	del	10p12.31	0.092713	0.089772	10	1	37416889	GDI2
del:10p12.31	del	10p12.31	0.092713	0.089772	10	1	37416889	IDI1
del:10p12.31	del	10p12.31	0.092713	0.089772	10	1	37416889	IL2RA
del:10p12.31	del	10p12.31	0.092713	0.089772	10	1	37416889	IL15RA
del:10p12.31	del	10p12.31	0.092713	0.089772	10	1	37416889	ITGB1
del:10p12.31	del	10p12.31	0.092713	0.089772	10	1	37416889	ITIH2
del:10p12.31	del	10p12.31	0.092713	0.089772	10	1	37416889	KIF5B
del:10p12.31	del	10p12.31	0.092713	0.089772	10	1	37416889	MRC1|4360|2of2
del:10p12.31	del	10p12.31	0.092713	0.089772	10	1	37416889	PFKFB3
del:10p12.31	del	10p12.31	0.092713	0.089772	10	1	37416889	PFKP
del:10p12.31	del	10p12.31	0.092713	0.089772	10	1	37416889	PHYH
del:10p12.31	del	10p12.31	0.092713	0.089772	10	1	37416889	PIP4K2A
del:10p12.31	del	10p12.31	0.092713	0.089772	10	1	37416889	PRKCQ
del:10p12.31	del	10p12.31	0.092713	0.089772	10	1	37416889	RSU1
del:10p12.31	del	10p12.31	0.092713	0.089772	10	1	37416889	SVIL
del:10p12.31	del	10p12.31	0.092713	0.089772	10	1	37416889	ZEB1
del:10p12.31	del	10p12.31	0.092713	0.089772	10	1	37416889	VIM
del:10p12.31	del	10p12.31	0.092713	0.089772	10	1	37416889	STAM
del:10p12.31	del	10p12.31	0.092713	0.089772	10	1	37416889	MLLT10
del:10p12.31	del	10p12.31	0.092713	0.089772	10	1	37416889	CUBN
del:10p12.31	del	10p12.31	0.092713	0.089772	10	1	37416889	FZD8
del:10p12.31	del	10p12.31	0.092713	0.089772	10	1	37416889	CUL2
del:10p12.31	del	10p12.31	0.092713	0.089772	10	1	37416889	ITGA8
del:10p12.31	del	10p12.31	0.092713	0.089772	10	1	37416889	PRPF18
del:10p12.31	del	10p12.31	0.092713	0.089772	10	1	37416889	AKR1C3
del:10p12.31	del	10p12.31	0.092713	0.089772	10	1	37416889	NRP1
del:10p12.31	del	10p12.31	0.092713	0.089772	10	1	37416889	CDC123
del:10p12.31	del	10p12.31	0.092713	0.089772	10	1	37416889	PTPLA
del:10p12.31	del	10p12.31	0.092713	0.089772	10	1	37416889	PTER
del:10p12.31	del	10p12.31	0.092713	0.089772	10	1	37416889	NMT2
del:10p12.31	del	10p12.31	0.092713	0.089772	10	1	37416889	SPAG6
del:10p12.31	del	10p12.31	0.092713	0.089772	10	1	37416889	USP6NL
del:10p12.31	del	10p12.31	0.092713	0.089772	10	1	37416889	ABI1
del:10p12.31	del	10p12.31	0.092713	0.089772	10	1	37416889	OPTN
del:10p12.31	del	10p12.31	0.092713	0.089772	10	1	37416889	NET1
del:10p12.31	del	10p12.31	0.092713	0.089772	10	1	37416889	NEBL
del:10p12.31	del	10p12.31	0.092713	0.089772	10	1	37416889	PITRM1
del:10p12.31	del	10p12.31	0.092713	0.089772	10	1	37416889	RPP38
del:10p12.31	del	10p12.31	0.092713	0.089772	10	1	37416889	CELF2
del:10p12.31	del	10p12.31	0.092713	0.089772	10	1	37416889	YME1L1
del:10p12.31	del	10p12.31	0.092713	0.089772	10	1	37416889	ZMYND11
del:10p12.31	del	10p12.31	0.092713	0.089772	10	1	37416889	NUDT5
del:10p12.31	del	10p12.31	0.092713	0.089772	10	1	37416889	ANKRD26
del:10p12.31	del	10p12.31	0.092713	0.089772	10	1	37416889	WDR37
del:10p12.31	del	10p12.31	0.092713	0.089772	10	1	37416889	MSRB2
del:10p12.31	del	10p12.31	0.092713	0.089772	10	1	37416889	SEPHS1
del:10p12.31	del	10p12.31	0.092713	0.089772	10	1	37416889	RAB18
del:10p12.31	del	10p12.31	0.092713	0.089772	10	1	37416889	KIN
del:10p12.31	del	10p12.31	0.092713	0.089772	10	1	37416889	DIP2C
del:10p12.31	del	10p12.31	0.092713	0.089772	10	1	37416889	LARP4B
del:10p12.31	del	10p12.31	0.092713	0.089772	10	1	37416889	COMMD3
del:10p12.31	del	10p12.31	0.092713	0.089772	10	1	37416889	GTPBP4
del:10p12.31	del	10p12.31	0.092713	0.089772	10	1	37416889	PDSS1
del:10p12.31	del	10p12.31	0.092713	0.089772	10	1	37416889	BAMBI
del:10p12.31	del	10p12.31	0.092713	0.089772	10	1	37416889	UPF2
del:10p12.31	del	10p12.31	0.092713	0.089772	10	1	37416889	HSPA14
del:10p12.31	del	10p12.31	0.092713	0.089772	10	1	37416889	WAC
del:10p12.31	del	10p12.31	0.092713	0.089772	10	1	37416889	CALML5
del:10p12.31	del	10p12.31	0.092713	0.089772	10	1	37416889	MYO3A
del:10p12.31	del	10p12.31	0.092713	0.089772	10	1	37416889	APBB1IP
del:10p12.31	del	10p12.31	0.092713	0.089772	10	1	37416889	ANKRD16
del:10p12.31	del	10p12.31	0.092713	0.089772	10	1	37416889	C10orf18
del:10p12.31	del	10p12.31	0.092713	0.089772	10	1	37416889	ARMC4
del:10p12.31	del	10p12.31	0.092713	0.089772	10	1	37416889	MTPAP
del:10p12.31	del	10p12.31	0.092713	0.089772	10	1	37416889	SEC61A2
del:10p12.31	del	10p12.31	0.092713	0.089772	10	1	37416889	OLAH
del:10p12.31	del	10p12.31	0.092713	0.089772	10	1	37416889	MCM10
del:10p12.31	del	10p12.31	0.092713	0.089772	10	1	37416889	DHTKD1
del:10p12.31	del	10p12.31	0.092713	0.089772	10	1	37416889	FRMD4A
del:10p12.31	del	10p12.31	0.092713	0.089772	10	1	37416889	C10orf110
del:10p12.31	del	10p12.31	0.092713	0.089772	10	1	37416889	KIAA1217
del:10p12.31	del	10p12.31	0.092713	0.089772	10	1	37416889	PARD3
del:10p12.31	del	10p12.31	0.092713	0.089772	10	1	37416889	PRTFDC1
del:10p12.31	del	10p12.31	0.092713	0.089772	10	1	37416889	CAMK1D
del:10p12.31	del	10p12.31	0.092713	0.089772	10	1	37416889	GPR158
del:10p12.31	del	10p12.31	0.092713	0.089772	10	1	37416889	ARHGAP21
del:10p12.31	del	10p12.31	0.092713	0.089772	10	1	37416889	KIAA1462
del:10p12.31	del	10p12.31	0.092713	0.089772	10	1	37416889	SFMBT2
del:10p12.31	del	10p12.31	0.092713	0.089772	10	1	37416889	DNAJC1
del:10p12.31	del	10p12.31	0.092713	0.089772	10	1	37416889	DCLRE1C
del:10p12.31	del	10p12.31	0.092713	0.089772	10	1	37416889	SUV39H2
del:10p12.31	del	10p12.31	0.092713	0.089772	10	1	37416889	C10orf68
del:10p12.31	del	10p12.31	0.092713	0.089772	10	1	37416889	ECHDC3
del:10p12.31	del	10p12.31	0.092713	0.089772	10	1	37416889	ASB13
del:10p12.31	del	10p12.31	0.092713	0.089772	10	1	37416889	TUBAL3
del:10p12.31	del	10p12.31	0.092713	0.089772	10	1	37416889	THNSL1
del:10p12.31	del	10p12.31	0.092713	0.089772	10	1	37416889	FAM188A
del:10p12.31	del	10p12.31	0.092713	0.089772	10	1	37416889	EPC1
del:10p12.31	del	10p12.31	0.092713	0.089772	10	1	37416889	ITIH5
del:10p12.31	del	10p12.31	0.092713	0.089772	10	1	37416889	AKR1E2
del:10p12.31	del	10p12.31	0.092713	0.089772	10	1	37416889	FAM107B
del:10p12.31	del	10p12.31	0.092713	0.089772	10	1	37416889	CCDC3
del:10p12.31	del	10p12.31	0.092713	0.089772	10	1	37416889	TAF3
del:10p12.31	del	10p12.31	0.092713	0.089772	10	1	37416889	LYZL1
del:10p12.31	del	10p12.31	0.092713	0.089772	10	1	37416889	FBXO18
del:10p12.31	del	10p12.31	0.092713	0.089772	10	1	37416889	PLXDC2
del:10p12.31	del	10p12.31	0.092713	0.089772	10	1	37416889	MASTL
del:10p12.31	del	10p12.31	0.092713	0.089772	10	1	37416889	RBM17
del:10p12.31	del	10p12.31	0.092713	0.089772	10	1	37416889	ACBD5
del:10p12.31	del	10p12.31	0.092713	0.089772	10	1	37416889	IDI2
del:10p12.31	del	10p12.31	0.092713	0.089772	10	1	37416889	ARHGAP12
del:10p12.31	del	10p12.31	0.092713	0.089772	10	1	37416889	UCN3
del:10p12.31	del	10p12.31	0.092713	0.089772	10	1	37416889	LYZL2
del:10p12.31	del	10p12.31	0.092713	0.089772	10	1	37416889	MPP7
del:10p12.31	del	10p12.31	0.092713	0.089772	10	1	37416889	SFTA1P
del:10p12.31	del	10p12.31	0.092713	0.089772	10	1	37416889	ENKUR
del:10p12.31	del	10p12.31	0.092713	0.089772	10	1	37416889	ARMC3
del:10p12.31	del	10p12.31	0.092713	0.089772	10	1	37416889	GJD4
del:10p12.31	del	10p12.31	0.092713	0.089772	10	1	37416889	CCNY
del:10p12.31	del	10p12.31	0.092713	0.089772	10	1	37416889	OTUD1
del:10p12.31	del	10p12.31	0.092713	0.089772	10	1	37416889	ZNF438
del:10p12.31	del	10p12.31	0.092713	0.089772	10	1	37416889	LOC220930
del:10p12.31	del	10p12.31	0.092713	0.089772	10	1	37416889	CCDC7
del:10p12.31	del	10p12.31	0.092713	0.089772	10	1	37416889	UCMA
del:10p12.31	del	10p12.31	0.092713	0.089772	10	1	37416889	C10orf111
del:10p12.31	del	10p12.31	0.092713	0.089772	10	1	37416889	FAM171A1
del:10p12.31	del	10p12.31	0.092713	0.089772	10	1	37416889	SLC39A12
del:10p12.31	del	10p12.31	0.092713	0.089772	10	1	37416889	NSUN6
del:10p12.31	del	10p12.31	0.092713	0.089772	10	1	37416889	ARL5B
del:10p12.31	del	10p12.31	0.092713	0.089772	10	1	37416889	BEND7
del:10p12.31	del	10p12.31	0.092713	0.089772	10	1	37416889	LOC254312
del:10p12.31	del	10p12.31	0.092713	0.089772	10	1	37416889	C10orf47
del:10p12.31	del	10p12.31	0.092713	0.089772	10	1	37416889	PTF1A
del:10p12.31	del	10p12.31	0.092713	0.089772	10	1	37416889	C10orf67
del:10p12.31	del	10p12.31	0.092713	0.089772	10	1	37416889	LOC283070
del:10p12.31	del	10p12.31	0.092713	0.089772	10	1	37416889	MKX
del:10p12.31	del	10p12.31	0.092713	0.089772	10	1	37416889	LOC338588
del:10p12.31	del	10p12.31	0.092713	0.089772	10	1	37416889	ST8SIA6
del:10p12.31	del	10p12.31	0.092713	0.089772	10	1	37416889	AKR1CL1
del:10p12.31	del	10p12.31	0.092713	0.089772	10	1	37416889	TUBB8
del:10p12.31	del	10p12.31	0.092713	0.089772	10	1	37416889	PTCHD3
del:10p12.31	del	10p12.31	0.092713	0.089772	10	1	37416889	C10orf113
del:10p12.31	del	10p12.31	0.092713	0.089772	10	1	37416889	C10orf140
del:10p12.31	del	10p12.31	0.092713	0.089772	10	1	37416889	NCRNA00202
del:10p12.31	del	10p12.31	0.092713	0.089772	10	1	37416889	LOC387646
del:10p12.31	del	10p12.31	0.092713	0.089772	10	1	37416889	LOC387647
del:10p12.31	del	10p12.31	0.092713	0.089772	10	1	37416889	tAKR
del:10p12.31	del	10p12.31	0.092713	0.089772	10	1	37416889	C1QL3
del:10p12.31	del	10p12.31	0.092713	0.089772	10	1	37416889	NCRNA00200
del:10p12.31	del	10p12.31	0.092713	0.089772	10	1	37416889	FLJ45983
del:10p12.31	del	10p12.31	0.092713	0.089772	10	1	37416889	C10orf114
del:10p12.31	del	10p12.31	0.092713	0.089772	10	1	37416889	ACBD7
del:10p12.31	del	10p12.31	0.092713	0.089772	10	1	37416889	C10orf108
del:10p12.31	del	10p12.31	0.092713	0.089772	10	1	37416889	CDNF
del:10p12.31	del	10p12.31	0.092713	0.089772	10	1	37416889	MEIG1
del:10p12.31	del	10p12.31	0.092713	0.089772	10	1	37416889	C10orf50
del:10p12.31	del	10p12.31	0.092713	0.089772	10	1	37416889	FAM23A|653567|2of2
del:10p12.31	del	10p12.31	0.092713	0.089772	10	1	37416889	LOC729668
del:10p12.31	del	10p12.31	0.092713	0.089772	10	1	37416889	LOC731789
del:10p12.31	del	10p12.31	0.092713	0.089772	10	1	37416889	LOC100128811
del:10p12.31	del	10p12.31	0.092713	0.089772	10	1	37416889	PRINS
del:10p12.31	del	10p12.31	0.092713	0.089772	10	1	37416889	LOC100216001
del:4p16.3	del	4p16.3	0.0086746	0.11314	4	1	5527223	hsa-mir-943
del:4p16.3	del	4p16.3	0.0086746	0.11314	4	1	5527223	hsa-mir-571
del:4p16.3	del	4p16.3	0.0086746	0.11314	4	1	5527223	ADD1
del:4p16.3	del	4p16.3	0.0086746	0.11314	4	1	5527223	ADRA2C
del:4p16.3	del	4p16.3	0.0086746	0.11314	4	1	5527223	ATP5I
del:4p16.3	del	4p16.3	0.0086746	0.11314	4	1	5527223	CTBP1
del:4p16.3	del	4p16.3	0.0086746	0.11314	4	1	5527223	DGKQ
del:4p16.3	del	4p16.3	0.0086746	0.11314	4	1	5527223	FGFR3
del:4p16.3	del	4p16.3	0.0086746	0.11314	4	1	5527223	GAK
del:4p16.3	del	4p16.3	0.0086746	0.11314	4	1	5527223	GRK4
del:4p16.3	del	4p16.3	0.0086746	0.11314	4	1	5527223	HTT
del:4p16.3	del	4p16.3	0.0086746	0.11314	4	1	5527223	HGFAC
del:4p16.3	del	4p16.3	0.0086746	0.11314	4	1	5527223	IDUA
del:4p16.3	del	4p16.3	0.0086746	0.11314	4	1	5527223	LETM1
del:4p16.3	del	4p16.3	0.0086746	0.11314	4	1	5527223	LRPAP1
del:4p16.3	del	4p16.3	0.0086746	0.11314	4	1	5527223	MSX1
del:4p16.3	del	4p16.3	0.0086746	0.11314	4	1	5527223	MYL5
del:4p16.3	del	4p16.3	0.0086746	0.11314	4	1	5527223	PDE6B
del:4p16.3	del	4p16.3	0.0086746	0.11314	4	1	5527223	RGS12
del:4p16.3	del	4p16.3	0.0086746	0.11314	4	1	5527223	RNF4
del:4p16.3	del	4p16.3	0.0086746	0.11314	4	1	5527223	SH3BP2
del:4p16.3	del	4p16.3	0.0086746	0.11314	4	1	5527223	WHSC1
del:4p16.3	del	4p16.3	0.0086746	0.11314	4	1	5527223	WHSC2
del:4p16.3	del	4p16.3	0.0086746	0.11314	4	1	5527223	ZNF141
del:4p16.3	del	4p16.3	0.0086746	0.11314	4	1	5527223	SLBP
del:4p16.3	del	4p16.3	0.0086746	0.11314	4	1	5527223	NOP14
del:4p16.3	del	4p16.3	0.0086746	0.11314	4	1	5527223	FAM193A
del:4p16.3	del	4p16.3	0.0086746	0.11314	4	1	5527223	MFSD10
del:4p16.3	del	4p16.3	0.0086746	0.11314	4	1	5527223	MAEA
del:4p16.3	del	4p16.3	0.0086746	0.11314	4	1	5527223	PCGF3
del:4p16.3	del	4p16.3	0.0086746	0.11314	4	1	5527223	SPON2
del:4p16.3	del	4p16.3	0.0086746	0.11314	4	1	5527223	TACC3
del:4p16.3	del	4p16.3	0.0086746	0.11314	4	1	5527223	MXD4
del:4p16.3	del	4p16.3	0.0086746	0.11314	4	1	5527223	CPLX1
del:4p16.3	del	4p16.3	0.0086746	0.11314	4	1	5527223	SLC26A1
del:4p16.3	del	4p16.3	0.0086746	0.11314	4	1	5527223	D4S234E
del:4p16.3	del	4p16.3	0.0086746	0.11314	4	1	5527223	STX18
del:4p16.3	del	4p16.3	0.0086746	0.11314	4	1	5527223	FGFRL1
del:4p16.3	del	4p16.3	0.0086746	0.11314	4	1	5527223	CYTL1
del:4p16.3	del	4p16.3	0.0086746	0.11314	4	1	5527223	PIGG
del:4p16.3	del	4p16.3	0.0086746	0.11314	4	1	5527223	STK32B
del:4p16.3	del	4p16.3	0.0086746	0.11314	4	1	5527223	LYAR
del:4p16.3	del	4p16.3	0.0086746	0.11314	4	1	5527223	KIAA1530
del:4p16.3	del	4p16.3	0.0086746	0.11314	4	1	5527223	ZFYVE28
del:4p16.3	del	4p16.3	0.0086746	0.11314	4	1	5527223	TNIP2
del:4p16.3	del	4p16.3	0.0086746	0.11314	4	1	5527223	HAUS3
del:4p16.3	del	4p16.3	0.0086746	0.11314	4	1	5527223	ABCA11P
del:4p16.3	del	4p16.3	0.0086746	0.11314	4	1	5527223	MFSD7
del:4p16.3	del	4p16.3	0.0086746	0.11314	4	1	5527223	TMEM175
del:4p16.3	del	4p16.3	0.0086746	0.11314	4	1	5527223	TMEM128
del:4p16.3	del	4p16.3	0.0086746	0.11314	4	1	5527223	C4orf42
del:4p16.3	del	4p16.3	0.0086746	0.11314	4	1	5527223	TMEM129
del:4p16.3	del	4p16.3	0.0086746	0.11314	4	1	5527223	OTOP1
del:4p16.3	del	4p16.3	0.0086746	0.11314	4	1	5527223	ZNF595
del:4p16.3	del	4p16.3	0.0086746	0.11314	4	1	5527223	FAM53A
del:4p16.3	del	4p16.3	0.0086746	0.11314	4	1	5527223	ZBTB49
del:4p16.3	del	4p16.3	0.0086746	0.11314	4	1	5527223	ZNF721
del:4p16.3	del	4p16.3	0.0086746	0.11314	4	1	5527223	ZNF718
del:4p16.3	del	4p16.3	0.0086746	0.11314	4	1	5527223	CRIPAK
del:4p16.3	del	4p16.3	0.0086746	0.11314	4	1	5527223	DOK7
del:4p16.3	del	4p16.3	0.0086746	0.11314	4	1	5527223	RNF212
del:4p16.3	del	4p16.3	0.0086746	0.11314	4	1	5527223	C4orf10
del:4p16.3	del	4p16.3	0.0086746	0.11314	4	1	5527223	NAT8L
del:4p16.3	del	4p16.3	0.0086746	0.11314	4	1	5527223	C4orf44
del:4p16.3	del	4p16.3	0.0086746	0.11314	4	1	5527223	LOC348926
del:4p16.3	del	4p16.3	0.0086746	0.11314	4	1	5527223	POLN
del:4p16.3	del	4p16.3	0.0086746	0.11314	4	1	5527223	C4orf48
del:4p16.3	del	4p16.3	0.0086746	0.11314	4	1	5527223	ZNF876P
del:4p16.3	del	4p16.3	0.0086746	0.11314	4	1	5527223	ZNF732
del:4p16.3	del	4p16.3	0.0086746	0.11314	4	1	5527223	SCARNA22
del:4p16.3	del	4p16.3	0.0086746	0.11314	4	1	5527223	LOC100130872
del:17p13.3	del	17p13.3	0.0010287	0.1485	17	1	4120251	hsa-mir-3183
del:17p13.3	del	17p13.3	0.0010287	0.1485	17	1	4120251	hsa-mir-1253
del:17p13.3	del	17p13.3	0.0010287	0.1485	17	1	4120251	hsa-mir-132
del:17p13.3	del	17p13.3	0.0010287	0.1485	17	1	4120251	hsa-mir-212
del:17p13.3	del	17p13.3	0.0010287	0.1485	17	1	4120251	hsa-mir-22
del:17p13.3	del	17p13.3	0.0010287	0.1485	17	1	4120251	ABR
del:17p13.3	del	17p13.3	0.0010287	0.1485	17	1	4120251	ASPA
del:17p13.3	del	17p13.3	0.0010287	0.1485	17	1	4120251	ATP2A3
del:17p13.3	del	17p13.3	0.0010287	0.1485	17	1	4120251	CRK
del:17p13.3	del	17p13.3	0.0010287	0.1485	17	1	4120251	CTNS
del:17p13.3	del	17p13.3	0.0010287	0.1485	17	1	4120251	DPH1
del:17p13.3	del	17p13.3	0.0010287	0.1485	17	1	4120251	HIC1
del:17p13.3	del	17p13.3	0.0010287	0.1485	17	1	4120251	ITGAE
del:17p13.3	del	17p13.3	0.0010287	0.1485	17	1	4120251	MNT
del:17p13.3	del	17p13.3	0.0010287	0.1485	17	1	4120251	MYO1C
del:17p13.3	del	17p13.3	0.0010287	0.1485	17	1	4120251	OR1D2
del:17p13.3	del	17p13.3	0.0010287	0.1485	17	1	4120251	OR3A1
del:17p13.3	del	17p13.3	0.0010287	0.1485	17	1	4120251	OR3A2
del:17p13.3	del	17p13.3	0.0010287	0.1485	17	1	4120251	P2RX1
del:17p13.3	del	17p13.3	0.0010287	0.1485	17	1	4120251	P2RX5
del:17p13.3	del	17p13.3	0.0010287	0.1485	17	1	4120251	PAFAH1B1
del:17p13.3	del	17p13.3	0.0010287	0.1485	17	1	4120251	SERPINF1
del:17p13.3	del	17p13.3	0.0010287	0.1485	17	1	4120251	PITPNA
del:17p13.3	del	17p13.3	0.0010287	0.1485	17	1	4120251	SERPINF2
del:17p13.3	del	17p13.3	0.0010287	0.1485	17	1	4120251	RPA1
del:17p13.3	del	17p13.3	0.0010287	0.1485	17	1	4120251	TRPV1
del:17p13.3	del	17p13.3	0.0010287	0.1485	17	1	4120251	YWHAE
del:17p13.3	del	17p13.3	0.0010287	0.1485	17	1	4120251	OR1A1
del:17p13.3	del	17p13.3	0.0010287	0.1485	17	1	4120251	OR1D4
del:17p13.3	del	17p13.3	0.0010287	0.1485	17	1	4120251	OR1E1
del:17p13.3	del	17p13.3	0.0010287	0.1485	17	1	4120251	OR1E2
del:17p13.3	del	17p13.3	0.0010287	0.1485	17	1	4120251	OR1G1
del:17p13.3	del	17p13.3	0.0010287	0.1485	17	1	4120251	OR3A3
del:17p13.3	del	17p13.3	0.0010287	0.1485	17	1	4120251	DOC2B
del:17p13.3	del	17p13.3	0.0010287	0.1485	17	1	4120251	SCARF1
del:17p13.3	del	17p13.3	0.0010287	0.1485	17	1	4120251	RPH3AL
del:17p13.3	del	17p13.3	0.0010287	0.1485	17	1	4120251	SGSM2
del:17p13.3	del	17p13.3	0.0010287	0.1485	17	1	4120251	PRPF8
del:17p13.3	del	17p13.3	0.0010287	0.1485	17	1	4120251	RAP1GAP2
del:17p13.3	del	17p13.3	0.0010287	0.1485	17	1	4120251	ZZEF1
del:17p13.3	del	17p13.3	0.0010287	0.1485	17	1	4120251	KIAA0664
del:17p13.3	del	17p13.3	0.0010287	0.1485	17	1	4120251	SMG6
del:17p13.3	del	17p13.3	0.0010287	0.1485	17	1	4120251	SHPK
del:17p13.3	del	17p13.3	0.0010287	0.1485	17	1	4120251	OR1A2
del:17p13.3	del	17p13.3	0.0010287	0.1485	17	1	4120251	TIMM22
del:17p13.3	del	17p13.3	0.0010287	0.1485	17	1	4120251	TAX1BP3
del:17p13.3	del	17p13.3	0.0010287	0.1485	17	1	4120251	GEMIN4
del:17p13.3	del	17p13.3	0.0010287	0.1485	17	1	4120251	GLOD4
del:17p13.3	del	17p13.3	0.0010287	0.1485	17	1	4120251	INPP5K
del:17p13.3	del	17p13.3	0.0010287	0.1485	17	1	4120251	RNMTL1
del:17p13.3	del	17p13.3	0.0010287	0.1485	17	1	4120251	VPS53
del:17p13.3	del	17p13.3	0.0010287	0.1485	17	1	4120251	C17orf85
del:17p13.3	del	17p13.3	0.0010287	0.1485	17	1	4120251	TSR1
del:17p13.3	del	17p13.3	0.0010287	0.1485	17	1	4120251	SRR
del:17p13.3	del	17p13.3	0.0010287	0.1485	17	1	4120251	NXN
del:17p13.3	del	17p13.3	0.0010287	0.1485	17	1	4120251	METT10D
del:17p13.3	del	17p13.3	0.0010287	0.1485	17	1	4120251	FAM57A
del:17p13.3	del	17p13.3	0.0010287	0.1485	17	1	4120251	TMEM93
del:17p13.3	del	17p13.3	0.0010287	0.1485	17	1	4120251	RILP
del:17p13.3	del	17p13.3	0.0010287	0.1485	17	1	4120251	GSG2
del:17p13.3	del	17p13.3	0.0010287	0.1485	17	1	4120251	CAMKK1
del:17p13.3	del	17p13.3	0.0010287	0.1485	17	1	4120251	SPATA22
del:17p13.3	del	17p13.3	0.0010287	0.1485	17	1	4120251	C17orf91
del:17p13.3	del	17p13.3	0.0010287	0.1485	17	1	4120251	SMYD4
del:17p13.3	del	17p13.3	0.0010287	0.1485	17	1	4120251	OVCA2
del:17p13.3	del	17p13.3	0.0010287	0.1485	17	1	4120251	SLC43A2
del:17p13.3	del	17p13.3	0.0010287	0.1485	17	1	4120251	CYB5D2
del:17p13.3	del	17p13.3	0.0010287	0.1485	17	1	4120251	WDR81
del:17p13.3	del	17p13.3	0.0010287	0.1485	17	1	4120251	RTN4RL1
del:17p13.3	del	17p13.3	0.0010287	0.1485	17	1	4120251	TRPV3
del:17p13.3	del	17p13.3	0.0010287	0.1485	17	1	4120251	LOC284009
del:17p13.3	del	17p13.3	0.0010287	0.1485	17	1	4120251	TUSC5
del:17p13.3	del	17p13.3	0.0010287	0.1485	17	1	4120251	FAM101B
del:17p13.3	del	17p13.3	0.0010287	0.1485	17	1	4120251	OR3A4
del:17p13.3	del	17p13.3	0.0010287	0.1485	17	1	4120251	C17orf97
del:17p13.3	del	17p13.3	0.0010287	0.1485	17	1	4120251	SNORD91A
del:17p13.3	del	17p13.3	0.0010287	0.1485	17	1	4120251	SNORD91B
del:17p13.3	del	17p13.3	0.0010287	0.1485	17	1	4120251	ELP2P
del:4p15.31	del	4p15.31	0.049275	0.16617	4	1	55525832	hsa-mir-4274
del:4p15.31	del	4p15.31	0.049275	0.16617	4	1	55525832	hsa-mir-4275
del:4p15.31	del	4p15.31	0.049275	0.16617	4	1	55525832	hsa-mir-3138
del:4p15.31	del	4p15.31	0.049275	0.16617	4	1	55525832	hsa-mir-1255b-1
del:4p15.31	del	4p15.31	0.049275	0.16617	4	1	55525832	hsa-mir-548i-2
del:4p15.31	del	4p15.31	0.049275	0.16617	4	1	55525832	hsa-mir-943
del:4p15.31	del	4p15.31	0.049275	0.16617	4	1	55525832	hsa-mir-574
del:4p15.31	del	4p15.31	0.049275	0.16617	4	1	55525832	hsa-mir-573
del:4p15.31	del	4p15.31	0.049275	0.16617	4	1	55525832	hsa-mir-572
del:4p15.31	del	4p15.31	0.049275	0.16617	4	1	55525832	hsa-mir-571
del:4p15.31	del	4p15.31	0.049275	0.16617	4	1	55525832	hsa-mir-218-1
del:4p15.31	del	4p15.31	0.049275	0.16617	4	1	55525832	hsa-mir-95
del:4p15.31	del	4p15.31	0.049275	0.16617	4	1	55525832	ADD1
del:4p15.31	del	4p15.31	0.049275	0.16617	4	1	55525832	ADRA2C
del:4p15.31	del	4p15.31	0.049275	0.16617	4	1	55525832	APBB2
del:4p15.31	del	4p15.31	0.049275	0.16617	4	1	55525832	RHOH
del:4p15.31	del	4p15.31	0.049275	0.16617	4	1	55525832	ATP5I
del:4p15.31	del	4p15.31	0.049275	0.16617	4	1	55525832	NKX3-2
del:4p15.31	del	4p15.31	0.049275	0.16617	4	1	55525832	BST1
del:4p15.31	del	4p15.31	0.049275	0.16617	4	1	55525832	CCKAR
del:4p15.31	del	4p15.31	0.049275	0.16617	4	1	55525832	CD38
del:4p15.31	del	4p15.31	0.049275	0.16617	4	1	55525832	CNGA1
del:4p15.31	del	4p15.31	0.049275	0.16617	4	1	55525832	CRMP1
del:4p15.31	del	4p15.31	0.049275	0.16617	4	1	55525832	CTBP1
del:4p15.31	del	4p15.31	0.049275	0.16617	4	1	55525832	DGKQ
del:4p15.31	del	4p15.31	0.049275	0.16617	4	1	55525832	DHX15
del:4p15.31	del	4p15.31	0.049275	0.16617	4	1	55525832	DRD5
del:4p15.31	del	4p15.31	0.049275	0.16617	4	1	55525832	EVC
del:4p15.31	del	4p15.31	0.049275	0.16617	4	1	55525832	FGFR3
del:4p15.31	del	4p15.31	0.049275	0.16617	4	1	55525832	GABRA2
del:4p15.31	del	4p15.31	0.049275	0.16617	4	1	55525832	GABRA4
del:4p15.31	del	4p15.31	0.049275	0.16617	4	1	55525832	GABRB1
del:4p15.31	del	4p15.31	0.049275	0.16617	4	1	55525832	GABRG1
del:4p15.31	del	4p15.31	0.049275	0.16617	4	1	55525832	GAK
del:4p15.31	del	4p15.31	0.049275	0.16617	4	1	55525832	GRK4
del:4p15.31	del	4p15.31	0.049275	0.16617	4	1	55525832	HTT
del:4p15.31	del	4p15.31	0.049275	0.16617	4	1	55525832	HGFAC
del:4p15.31	del	4p15.31	0.049275	0.16617	4	1	55525832	UBE2K
del:4p15.31	del	4p15.31	0.049275	0.16617	4	1	55525832	HMX1
del:4p15.31	del	4p15.31	0.049275	0.16617	4	1	55525832	IDUA
del:4p15.31	del	4p15.31	0.049275	0.16617	4	1	55525832	RBPJ
del:4p15.31	del	4p15.31	0.049275	0.16617	4	1	55525832	LETM1
del:4p15.31	del	4p15.31	0.049275	0.16617	4	1	55525832	LRPAP1
del:4p15.31	del	4p15.31	0.049275	0.16617	4	1	55525832	MSX1
del:4p15.31	del	4p15.31	0.049275	0.16617	4	1	55525832	MYL5
del:4p15.31	del	4p15.31	0.049275	0.16617	4	1	55525832	PCDH7
del:4p15.31	del	4p15.31	0.049275	0.16617	4	1	55525832	PDGFRA
del:4p15.31	del	4p15.31	0.049275	0.16617	4	1	55525832	PDE6B
del:4p15.31	del	4p15.31	0.049275	0.16617	4	1	55525832	PPP2R2C
del:4p15.31	del	4p15.31	0.049275	0.16617	4	1	55525832	QDPR
del:4p15.31	del	4p15.31	0.049275	0.16617	4	1	55525832	RFC1
del:4p15.31	del	4p15.31	0.049275	0.16617	4	1	55525832	RGS12
del:4p15.31	del	4p15.31	0.049275	0.16617	4	1	55525832	RNF4
del:4p15.31	del	4p15.31	0.049275	0.16617	4	1	55525832	RPL9
del:4p15.31	del	4p15.31	0.049275	0.16617	4	1	55525832	S100P
del:4p15.31	del	4p15.31	0.049275	0.16617	4	1	55525832	SGCB
del:4p15.31	del	4p15.31	0.049275	0.16617	4	1	55525832	SH3BP2
del:4p15.31	del	4p15.31	0.049275	0.16617	4	1	55525832	SOD3
del:4p15.31	del	4p15.31	0.049275	0.16617	4	1	55525832	TEC
del:4p15.31	del	4p15.31	0.049275	0.16617	4	1	55525832	TLR1
del:4p15.31	del	4p15.31	0.049275	0.16617	4	1	55525832	TXK
del:4p15.31	del	4p15.31	0.049275	0.16617	4	1	55525832	UCHL1
del:4p15.31	del	4p15.31	0.049275	0.16617	4	1	55525832	UGDH
del:4p15.31	del	4p15.31	0.049275	0.16617	4	1	55525832	WFS1
del:4p15.31	del	4p15.31	0.049275	0.16617	4	1	55525832	WHSC1
del:4p15.31	del	4p15.31	0.049275	0.16617	4	1	55525832	WHSC2
del:4p15.31	del	4p15.31	0.049275	0.16617	4	1	55525832	ZNF141
del:4p15.31	del	4p15.31	0.049275	0.16617	4	1	55525832	SLBP
del:4p15.31	del	4p15.31	0.049275	0.16617	4	1	55525832	ACOX3
del:4p15.31	del	4p15.31	0.049275	0.16617	4	1	55525832	CPZ
del:4p15.31	del	4p15.31	0.049275	0.16617	4	1	55525832	NOP14
del:4p15.31	del	4p15.31	0.049275	0.16617	4	1	55525832	FAM193A
del:4p15.31	del	4p15.31	0.049275	0.16617	4	1	55525832	PROM1
del:4p15.31	del	4p15.31	0.049275	0.16617	4	1	55525832	PHOX2B
del:4p15.31	del	4p15.31	0.049275	0.16617	4	1	55525832	LDB2
del:4p15.31	del	4p15.31	0.049275	0.16617	4	1	55525832	SLIT2
del:4p15.31	del	4p15.31	0.049275	0.16617	4	1	55525832	RAB28
del:4p15.31	del	4p15.31	0.049275	0.16617	4	1	55525832	KIAA0232
del:4p15.31	del	4p15.31	0.049275	0.16617	4	1	55525832	WDR1
del:4p15.31	del	4p15.31	0.049275	0.16617	4	1	55525832	HS3ST1
del:4p15.31	del	4p15.31	0.049275	0.16617	4	1	55525832	FGFBP1
del:4p15.31	del	4p15.31	0.049275	0.16617	4	1	55525832	C4orf6
del:4p15.31	del	4p15.31	0.049275	0.16617	4	1	55525832	MFSD10
del:4p15.31	del	4p15.31	0.049275	0.16617	4	1	55525832	MAEA
del:4p15.31	del	4p15.31	0.049275	0.16617	4	1	55525832	TLR6
del:4p15.31	del	4p15.31	0.049275	0.16617	4	1	55525832	PCGF3
del:4p15.31	del	4p15.31	0.049275	0.16617	4	1	55525832	ATP8A1
del:4p15.31	del	4p15.31	0.049275	0.16617	4	1	55525832	SPON2
del:4p15.31	del	4p15.31	0.049275	0.16617	4	1	55525832	TACC3
del:4p15.31	del	4p15.31	0.049275	0.16617	4	1	55525832	SLC30A9
del:4p15.31	del	4p15.31	0.049275	0.16617	4	1	55525832	SLC34A2
del:4p15.31	del	4p15.31	0.049275	0.16617	4	1	55525832	MXD4
del:4p15.31	del	4p15.31	0.049275	0.16617	4	1	55525832	CORIN
del:4p15.31	del	4p15.31	0.049275	0.16617	4	1	55525832	PTTG2
del:4p15.31	del	4p15.31	0.049275	0.16617	4	1	55525832	CPLX1
del:4p15.31	del	4p15.31	0.049275	0.16617	4	1	55525832	SLC26A1
del:4p15.31	del	4p15.31	0.049275	0.16617	4	1	55525832	PPARGC1A
del:4p15.31	del	4p15.31	0.049275	0.16617	4	1	55525832	LIAS
del:4p15.31	del	4p15.31	0.049275	0.16617	4	1	55525832	LIMCH1
del:4p15.31	del	4p15.31	0.049275	0.16617	4	1	55525832	DCUN1D4
del:4p15.31	del	4p15.31	0.049275	0.16617	4	1	55525832	TBC1D1
del:4p15.31	del	4p15.31	0.049275	0.16617	4	1	55525832	SEL1L3
del:4p15.31	del	4p15.31	0.049275	0.16617	4	1	55525832	PDS5A
del:4p15.31	del	4p15.31	0.049275	0.16617	4	1	55525832	MAN2B2
del:4p15.31	del	4p15.31	0.049275	0.16617	4	1	55525832	FBXL5
del:4p15.31	del	4p15.31	0.049275	0.16617	4	1	55525832	CHIC2
del:4p15.31	del	4p15.31	0.049275	0.16617	4	1	55525832	D4S234E
del:4p15.31	del	4p15.31	0.049275	0.16617	4	1	55525832	FAM184B
del:4p15.31	del	4p15.31	0.049275	0.16617	4	1	55525832	GPR78
del:4p15.31	del	4p15.31	0.049275	0.16617	4	1	55525832	ZCCHC4
del:4p15.31	del	4p15.31	0.049275	0.16617	4	1	55525832	ANAPC4
del:4p15.31	del	4p15.31	0.049275	0.16617	4	1	55525832	LAP3
del:4p15.31	del	4p15.31	0.049275	0.16617	4	1	55525832	KLHL5
del:4p15.31	del	4p15.31	0.049275	0.16617	4	1	55525832	SEPSECS
del:4p15.31	del	4p15.31	0.049275	0.16617	4	1	55525832	KLF3
del:4p15.31	del	4p15.31	0.049275	0.16617	4	1	55525832	STX18
del:4p15.31	del	4p15.31	0.049275	0.16617	4	1	55525832	FGFRL1
del:4p15.31	del	4p15.31	0.049275	0.16617	4	1	55525832	CYTL1
del:4p15.31	del	4p15.31	0.049275	0.16617	4	1	55525832	SH3TC1
del:4p15.31	del	4p15.31	0.049275	0.16617	4	1	55525832	RBM47
del:4p15.31	del	4p15.31	0.049275	0.16617	4	1	55525832	PIGG
del:4p15.31	del	4p15.31	0.049275	0.16617	4	1	55525832	DCAF16
del:4p15.31	del	4p15.31	0.049275	0.16617	4	1	55525832	OCIAD1
del:4p15.31	del	4p15.31	0.049275	0.16617	4	1	55525832	COMMD8
del:4p15.31	del	4p15.31	0.049275	0.16617	4	1	55525832	TMEM33
del:4p15.31	del	4p15.31	0.049275	0.16617	4	1	55525832	LGI2
del:4p15.31	del	4p15.31	0.049275	0.16617	4	1	55525832	PGM2
del:4p15.31	del	4p15.31	0.049275	0.16617	4	1	55525832	C4orf19
del:4p15.31	del	4p15.31	0.049275	0.16617	4	1	55525832	TBC1D19
del:4p15.31	del	4p15.31	0.049275	0.16617	4	1	55525832	PI4K2B
del:4p15.31	del	4p15.31	0.049275	0.16617	4	1	55525832	CNO
del:4p15.31	del	4p15.31	0.049275	0.16617	4	1	55525832	STK32B
del:4p15.31	del	4p15.31	0.049275	0.16617	4	1	55525832	CHRNA9
del:4p15.31	del	4p15.31	0.049275	0.16617	4	1	55525832	LYAR
del:4p15.31	del	4p15.31	0.049275	0.16617	4	1	55525832	N4BP2
del:4p15.31	del	4p15.31	0.049275	0.16617	4	1	55525832	SLC2A9
del:4p15.31	del	4p15.31	0.049275	0.16617	4	1	55525832	ATP10D
del:4p15.31	del	4p15.31	0.049275	0.16617	4	1	55525832	KIAA0114
del:4p15.31	del	4p15.31	0.049275	0.16617	4	1	55525832	KIAA1239
del:4p15.31	del	4p15.31	0.049275	0.16617	4	1	55525832	TBC1D14
del:4p15.31	del	4p15.31	0.049275	0.16617	4	1	55525832	SORCS2
del:4p15.31	del	4p15.31	0.049275	0.16617	4	1	55525832	CC2D2A
del:4p15.31	del	4p15.31	0.049275	0.16617	4	1	55525832	SLAIN2
del:4p15.31	del	4p15.31	0.049275	0.16617	4	1	55525832	STIM2
del:4p15.31	del	4p15.31	0.049275	0.16617	4	1	55525832	KIAA1530
del:4p15.31	del	4p15.31	0.049275	0.16617	4	1	55525832	WDR19
del:4p15.31	del	4p15.31	0.049275	0.16617	4	1	55525832	ZFYVE28
del:4p15.31	del	4p15.31	0.049275	0.16617	4	1	55525832	GBA3
del:4p15.31	del	4p15.31	0.049275	0.16617	4	1	55525832	AFAP1
del:4p15.31	del	4p15.31	0.049275	0.16617	4	1	55525832	GUF1
del:4p15.31	del	4p15.31	0.049275	0.16617	4	1	55525832	NCAPG
del:4p15.31	del	4p15.31	0.049275	0.16617	4	1	55525832	USP46
del:4p15.31	del	4p15.31	0.049275	0.16617	4	1	55525832	RASL11B
del:4p15.31	del	4p15.31	0.049275	0.16617	4	1	55525832	TNIP2
del:4p15.31	del	4p15.31	0.049275	0.16617	4	1	55525832	HAUS3
del:4p15.31	del	4p15.31	0.049275	0.16617	4	1	55525832	FLJ13197
del:4p15.31	del	4p15.31	0.049275	0.16617	4	1	55525832	NSUN7
del:4p15.31	del	4p15.31	0.049275	0.16617	4	1	55525832	ABCA11P
del:4p15.31	del	4p15.31	0.049275	0.16617	4	1	55525832	TMEM156
del:4p15.31	del	4p15.31	0.049275	0.16617	4	1	55525832	CWH43
del:4p15.31	del	4p15.31	0.049275	0.16617	4	1	55525832	GRPEL1
del:4p15.31	del	4p15.31	0.049275	0.16617	4	1	55525832	MED28
del:4p15.31	del	4p15.31	0.049275	0.16617	4	1	55525832	KCNIP4
del:4p15.31	del	4p15.31	0.049275	0.16617	4	1	55525832	FIP1L1
del:4p15.31	del	4p15.31	0.049275	0.16617	4	1	55525832	TLR10
del:4p15.31	del	4p15.31	0.049275	0.16617	4	1	55525832	FGFBP2
del:4p15.31	del	4p15.31	0.049275	0.16617	4	1	55525832	MFSD7
del:4p15.31	del	4p15.31	0.049275	0.16617	4	1	55525832	TMEM175
del:4p15.31	del	4p15.31	0.049275	0.16617	4	1	55525832	ABLIM2
del:4p15.31	del	4p15.31	0.049275	0.16617	4	1	55525832	LNX1
del:4p15.31	del	4p15.31	0.049275	0.16617	4	1	55525832	LOC84740
del:4p15.31	del	4p15.31	0.049275	0.16617	4	1	55525832	TMEM128
del:4p15.31	del	4p15.31	0.049275	0.16617	4	1	55525832	ZNF518B
del:4p15.31	del	4p15.31	0.049275	0.16617	4	1	55525832	CCDC149
del:4p15.31	del	4p15.31	0.049275	0.16617	4	1	55525832	C4orf42
del:4p15.31	del	4p15.31	0.049275	0.16617	4	1	55525832	TMEM129
del:4p15.31	del	4p15.31	0.049275	0.16617	4	1	55525832	FAM114A1
del:4p15.31	del	4p15.31	0.049275	0.16617	4	1	55525832	MRFAP1
del:4p15.31	del	4p15.31	0.049275	0.16617	4	1	55525832	LOC93622
del:4p15.31	del	4p15.31	0.049275	0.16617	4	1	55525832	TADA2B
del:4p15.31	del	4p15.31	0.049275	0.16617	4	1	55525832	HTRA3
del:4p15.31	del	4p15.31	0.049275	0.16617	4	1	55525832	C1QTNF7
del:4p15.31	del	4p15.31	0.049275	0.16617	4	1	55525832	MRFAP1L1
del:4p15.31	del	4p15.31	0.049275	0.16617	4	1	55525832	CLNK
del:4p15.31	del	4p15.31	0.049275	0.16617	4	1	55525832	ARAP2
del:4p15.31	del	4p15.31	0.049275	0.16617	4	1	55525832	OCIAD2
del:4p15.31	del	4p15.31	0.049275	0.16617	4	1	55525832	SPATA18
del:4p15.31	del	4p15.31	0.049275	0.16617	4	1	55525832	GNPDA2
del:4p15.31	del	4p15.31	0.049275	0.16617	4	1	55525832	CPEB2
del:4p15.31	del	4p15.31	0.049275	0.16617	4	1	55525832	EVC2
del:4p15.31	del	4p15.31	0.049275	0.16617	4	1	55525832	PACRGL
del:4p15.31	del	4p15.31	0.049275	0.16617	4	1	55525832	OTOP1
del:4p15.31	del	4p15.31	0.049275	0.16617	4	1	55525832	NFXL1
del:4p15.31	del	4p15.31	0.049275	0.16617	4	1	55525832	NIPAL1
del:4p15.31	del	4p15.31	0.049275	0.16617	4	1	55525832	SHISA3
del:4p15.31	del	4p15.31	0.049275	0.16617	4	1	55525832	SCFD2
del:4p15.31	del	4p15.31	0.049275	0.16617	4	1	55525832	ZNF595
del:4p15.31	del	4p15.31	0.049275	0.16617	4	1	55525832	JAKMIP1
del:4p15.31	del	4p15.31	0.049275	0.16617	4	1	55525832	KLB
del:4p15.31	del	4p15.31	0.049275	0.16617	4	1	55525832	FAM53A
del:4p15.31	del	4p15.31	0.049275	0.16617	4	1	55525832	C4orf23
del:4p15.31	del	4p15.31	0.049275	0.16617	4	1	55525832	GPR125
del:4p15.31	del	4p15.31	0.049275	0.16617	4	1	55525832	ZBTB49
del:4p15.31	del	4p15.31	0.049275	0.16617	4	1	55525832	COX7B2
del:4p15.31	del	4p15.31	0.049275	0.16617	4	1	55525832	GSX2
del:4p15.31	del	4p15.31	0.049275	0.16617	4	1	55525832	ZNF721
del:4p15.31	del	4p15.31	0.049275	0.16617	4	1	55525832	SLC10A4
del:4p15.31	del	4p15.31	0.049275	0.16617	4	1	55525832	C4orf34
del:4p15.31	del	4p15.31	0.049275	0.16617	4	1	55525832	TAPT1
del:4p15.31	del	4p15.31	0.049275	0.16617	4	1	55525832	FLJ39653
del:4p15.31	del	4p15.31	0.049275	0.16617	4	1	55525832	LCORL
del:4p15.31	del	4p15.31	0.049275	0.16617	4	1	55525832	ZNF718
del:4p15.31	del	4p15.31	0.049275	0.16617	4	1	55525832	CCDC96
del:4p15.31	del	4p15.31	0.049275	0.16617	4	1	55525832	BOD1L
del:4p15.31	del	4p15.31	0.049275	0.16617	4	1	55525832	DCAF4L1
del:4p15.31	del	4p15.31	0.049275	0.16617	4	1	55525832	CRIPAK
del:4p15.31	del	4p15.31	0.049275	0.16617	4	1	55525832	DOK7
del:4p15.31	del	4p15.31	0.049275	0.16617	4	1	55525832	RNF212
del:4p15.31	del	4p15.31	0.049275	0.16617	4	1	55525832	YIPF7
del:4p15.31	del	4p15.31	0.049275	0.16617	4	1	55525832	FRYL
del:4p15.31	del	4p15.31	0.049275	0.16617	4	1	55525832	LOC285548
del:4p15.31	del	4p15.31	0.049275	0.16617	4	1	55525832	FAM200B
del:4p15.31	del	4p15.31	0.049275	0.16617	4	1	55525832	C4orf10
del:4p15.31	del	4p15.31	0.049275	0.16617	4	1	55525832	ZAR1
del:4p15.31	del	4p15.31	0.049275	0.16617	4	1	55525832	LRRC66
del:4p15.31	del	4p15.31	0.049275	0.16617	4	1	55525832	NAT8L
del:4p15.31	del	4p15.31	0.049275	0.16617	4	1	55525832	LOC344967
del:4p15.31	del	4p15.31	0.049275	0.16617	4	1	55525832	C4orf44
del:4p15.31	del	4p15.31	0.049275	0.16617	4	1	55525832	LOC348926
del:4p15.31	del	4p15.31	0.049275	0.16617	4	1	55525832	POLN
del:4p15.31	del	4p15.31	0.049275	0.16617	4	1	55525832	NCRNA00099
del:4p15.31	del	4p15.31	0.049275	0.16617	4	1	55525832	KCTD8
del:4p15.31	del	4p15.31	0.049275	0.16617	4	1	55525832	C4orf50
del:4p15.31	del	4p15.31	0.049275	0.16617	4	1	55525832	C4orf52
del:4p15.31	del	4p15.31	0.049275	0.16617	4	1	55525832	BEND4
del:4p15.31	del	4p15.31	0.049275	0.16617	4	1	55525832	GRXCR1
del:4p15.31	del	4p15.31	0.049275	0.16617	4	1	55525832	USP17L6P
del:4p15.31	del	4p15.31	0.049275	0.16617	4	1	55525832	USP17
del:4p15.31	del	4p15.31	0.049275	0.16617	4	1	55525832	HSP90AB2P
del:4p15.31	del	4p15.31	0.049275	0.16617	4	1	55525832	C4orf48
del:4p15.31	del	4p15.31	0.049275	0.16617	4	1	55525832	DTHD1
del:4p15.31	del	4p15.31	0.049275	0.16617	4	1	55525832	LOC401127
del:4p15.31	del	4p15.31	0.049275	0.16617	4	1	55525832	RPL21P44
del:4p15.31	del	4p15.31	0.049275	0.16617	4	1	55525832	ZNF876P
del:4p15.31	del	4p15.31	0.049275	0.16617	4	1	55525832	DEFB131
del:4p15.31	del	4p15.31	0.049275	0.16617	4	1	55525832	CLRN2
del:4p15.31	del	4p15.31	0.049275	0.16617	4	1	55525832	LOC650293
del:4p15.31	del	4p15.31	0.049275	0.16617	4	1	55525832	ZNF732
del:4p15.31	del	4p15.31	0.049275	0.16617	4	1	55525832	SCARNA22
del:4p15.31	del	4p15.31	0.049275	0.16617	4	1	55525832	SNORA26
del:4p15.31	del	4p15.31	0.049275	0.16617	4	1	55525832	FLJ36777
del:4p15.31	del	4p15.31	0.049275	0.16617	4	1	55525832	RELL1
del:4p15.31	del	4p15.31	0.049275	0.16617	4	1	55525832	PSAPL1
del:4p15.31	del	4p15.31	0.049275	0.16617	4	1	55525832	LOC100130872
del:17q21.2	del	17q21.2	0.0075179	0.18088	17	31320227	46607558	hsa-mir-4315-1
del:17q21.2	del	17q21.2	0.0075179	0.18088	17	31320227	46607558	hsa-mir-2909
del:17q21.2	del	17q21.2	0.0075179	0.18088	17	31320227	46607558	hsa-mir-2117
del:17q21.2	del	17q21.2	0.0075179	0.18088	17	31320227	46607558	hsa-mir-1203
del:17q21.2	del	17q21.2	0.0075179	0.18088	17	31320227	46607558	hsa-mir-152
del:17q21.2	del	17q21.2	0.0075179	0.18088	17	31320227	46607558	ACACA
del:17q21.2	del	17q21.2	0.0075179	0.18088	17	31320227	46607558	ACCN1
del:17q21.2	del	17q21.2	0.0075179	0.18088	17	31320227	46607558	ACLY
del:17q21.2	del	17q21.2	0.0075179	0.18088	17	31320227	46607558	AP2B1
del:17q21.2	del	17q21.2	0.0075179	0.18088	17	31320227	46607558	AOC2
del:17q21.2	del	17q21.2	0.0075179	0.18088	17	31320227	46607558	ARL4D
del:17q21.2	del	17q21.2	0.0075179	0.18088	17	31320227	46607558	ATP6V0A1
del:17q21.2	del	17q21.2	0.0075179	0.18088	17	31320227	46607558	BRCA1
del:17q21.2	del	17q21.2	0.0075179	0.18088	17	31320227	46607558	FMNL1
del:17q21.2	del	17q21.2	0.0075179	0.18088	17	31320227	46607558	CACNB1
del:17q21.2	del	17q21.2	0.0075179	0.18088	17	31320227	46607558	CDC6
del:17q21.2	del	17q21.2	0.0075179	0.18088	17	31320227	46607558	CDC27
del:17q21.2	del	17q21.2	0.0075179	0.18088	17	31320227	46607558	CCR7
del:17q21.2	del	17q21.2	0.0075179	0.18088	17	31320227	46607558	CNP
del:17q21.2	del	17q21.2	0.0075179	0.18088	17	31320227	46607558	CRHR1
del:17q21.2	del	17q21.2	0.0075179	0.18088	17	31320227	46607558	CSF3
del:17q21.2	del	17q21.2	0.0075179	0.18088	17	31320227	46607558	DHX8
del:17q21.2	del	17q21.2	0.0075179	0.18088	17	31320227	46607558	DUSP3
del:17q21.2	del	17q21.2	0.0075179	0.18088	17	31320227	46607558	ERBB2
del:17q21.2	del	17q21.2	0.0075179	0.18088	17	31320227	46607558	ETV4
del:17q21.2	del	17q21.2	0.0075179	0.18088	17	31320227	46607558	EZH1
del:17q21.2	del	17q21.2	0.0075179	0.18088	17	31320227	46607558	GAST
del:17q21.2	del	17q21.2	0.0075179	0.18088	17	31320227	46607558	FZD2
del:17q21.2	del	17q21.2	0.0075179	0.18088	17	31320227	46607558	G6PC
del:17q21.2	del	17q21.2	0.0075179	0.18088	17	31320227	46607558	KAT2A
del:17q21.2	del	17q21.2	0.0075179	0.18088	17	31320227	46607558	GFAP
del:17q21.2	del	17q21.2	0.0075179	0.18088	17	31320227	46607558	CCR10
del:17q21.2	del	17q21.2	0.0075179	0.18088	17	31320227	46607558	GRB7
del:17q21.2	del	17q21.2	0.0075179	0.18088	17	31320227	46607558	GRN
del:17q21.2	del	17q21.2	0.0075179	0.18088	17	31320227	46607558	HCRT
del:17q21.2	del	17q21.2	0.0075179	0.18088	17	31320227	46607558	HSD17B1
del:17q21.2	del	17q21.2	0.0075179	0.18088	17	31320227	46607558	IFI35
del:17q21.2	del	17q21.2	0.0075179	0.18088	17	31320227	46607558	IGFBP4
del:17q21.2	del	17q21.2	0.0075179	0.18088	17	31320227	46607558	ITGA2B
del:17q21.2	del	17q21.2	0.0075179	0.18088	17	31320227	46607558	ITGB3
del:17q21.2	del	17q21.2	0.0075179	0.18088	17	31320227	46607558	JUP
del:17q21.2	del	17q21.2	0.0075179	0.18088	17	31320227	46607558	KPNB1
del:17q21.2	del	17q21.2	0.0075179	0.18088	17	31320227	46607558	KRT9
del:17q21.2	del	17q21.2	0.0075179	0.18088	17	31320227	46607558	KRT10
del:17q21.2	del	17q21.2	0.0075179	0.18088	17	31320227	46607558	KRT12
del:17q21.2	del	17q21.2	0.0075179	0.18088	17	31320227	46607558	KRT13
del:17q21.2	del	17q21.2	0.0075179	0.18088	17	31320227	46607558	KRT14
del:17q21.2	del	17q21.2	0.0075179	0.18088	17	31320227	46607558	KRT15
del:17q21.2	del	17q21.2	0.0075179	0.18088	17	31320227	46607558	KRT16
del:17q21.2	del	17q21.2	0.0075179	0.18088	17	31320227	46607558	KRT17
del:17q21.2	del	17q21.2	0.0075179	0.18088	17	31320227	46607558	KRT19
del:17q21.2	del	17q21.2	0.0075179	0.18088	17	31320227	46607558	KRT31
del:17q21.2	del	17q21.2	0.0075179	0.18088	17	31320227	46607558	KRT32
del:17q21.2	del	17q21.2	0.0075179	0.18088	17	31320227	46607558	KRT33A
del:17q21.2	del	17q21.2	0.0075179	0.18088	17	31320227	46607558	KRT33B
del:17q21.2	del	17q21.2	0.0075179	0.18088	17	31320227	46607558	KRT34
del:17q21.2	del	17q21.2	0.0075179	0.18088	17	31320227	46607558	KRT35
del:17q21.2	del	17q21.2	0.0075179	0.18088	17	31320227	46607558	LASP1
del:17q21.2	del	17q21.2	0.0075179	0.18088	17	31320227	46607558	LHX1
del:17q21.2	del	17q21.2	0.0075179	0.18088	17	31320227	46607558	LIG3
del:17q21.2	del	17q21.2	0.0075179	0.18088	17	31320227	46607558	NBR1
del:17q21.2	del	17q21.2	0.0075179	0.18088	17	31320227	46607558	MAPT
del:17q21.2	del	17q21.2	0.0075179	0.18088	17	31320227	46607558	ADAM11
del:17q21.2	del	17q21.2	0.0075179	0.18088	17	31320227	46607558	MEOX1
del:17q21.2	del	17q21.2	0.0075179	0.18088	17	31320227	46607558	MLLT6
del:17q21.2	del	17q21.2	0.0075179	0.18088	17	31320227	46607558	MPP2
del:17q21.2	del	17q21.2	0.0075179	0.18088	17	31320227	46607558	MPP3
del:17q21.2	del	17q21.2	0.0075179	0.18088	17	31320227	46607558	MYL4
del:17q21.2	del	17q21.2	0.0075179	0.18088	17	31320227	46607558	NAGLU
del:17q21.2	del	17q21.2	0.0075179	0.18088	17	31320227	46607558	NEUROD2
del:17q21.2	del	17q21.2	0.0075179	0.18088	17	31320227	46607558	NFE2L1
del:17q21.2	del	17q21.2	0.0075179	0.18088	17	31320227	46607558	NMT1
del:17q21.2	del	17q21.2	0.0075179	0.18088	17	31320227	46607558	NSF
del:17q21.2	del	17q21.2	0.0075179	0.18088	17	31320227	46607558	PEX12
del:17q21.2	del	17q21.2	0.0075179	0.18088	17	31320227	46607558	PNMT
del:17q21.2	del	17q21.2	0.0075179	0.18088	17	31320227	46607558	MED1
del:17q21.2	del	17q21.2	0.0075179	0.18088	17	31320227	46607558	PPY
del:17q21.2	del	17q21.2	0.0075179	0.18088	17	31320227	46607558	PSMB3
del:17q21.2	del	17q21.2	0.0075179	0.18088	17	31320227	46607558	PYY
del:17q21.2	del	17q21.2	0.0075179	0.18088	17	31320227	46607558	PSMD3
del:17q21.2	del	17q21.2	0.0075179	0.18088	17	31320227	46607558	RAB5C
del:17q21.2	del	17q21.2	0.0075179	0.18088	17	31320227	46607558	RAD51L3
del:17q21.2	del	17q21.2	0.0075179	0.18088	17	31320227	46607558	RARA
del:17q21.2	del	17q21.2	0.0075179	0.18088	17	31320227	46607558	RPL19
del:17q21.2	del	17q21.2	0.0075179	0.18088	17	31320227	46607558	RPL27
del:17q21.2	del	17q21.2	0.0075179	0.18088	17	31320227	46607558	CCL1
del:17q21.2	del	17q21.2	0.0075179	0.18088	17	31320227	46607558	CCL2
del:17q21.2	del	17q21.2	0.0075179	0.18088	17	31320227	46607558	CCL3
del:17q21.2	del	17q21.2	0.0075179	0.18088	17	31320227	46607558	CCL3L1|6349|2of2
del:17q21.2	del	17q21.2	0.0075179	0.18088	17	31320227	46607558	CCL4
del:17q21.2	del	17q21.2	0.0075179	0.18088	17	31320227	46607558	CCL5
del:17q21.2	del	17q21.2	0.0075179	0.18088	17	31320227	46607558	CCL7
del:17q21.2	del	17q21.2	0.0075179	0.18088	17	31320227	46607558	CCL8
del:17q21.2	del	17q21.2	0.0075179	0.18088	17	31320227	46607558	CCL11
del:17q21.2	del	17q21.2	0.0075179	0.18088	17	31320227	46607558	CCL13
del:17q21.2	del	17q21.2	0.0075179	0.18088	17	31320227	46607558	CCL14
del:17q21.2	del	17q21.2	0.0075179	0.18088	17	31320227	46607558	CCL15
del:17q21.2	del	17q21.2	0.0075179	0.18088	17	31320227	46607558	CCL16
del:17q21.2	del	17q21.2	0.0075179	0.18088	17	31320227	46607558	CCL18
del:17q21.2	del	17q21.2	0.0075179	0.18088	17	31320227	46607558	CCL23
del:17q21.2	del	17q21.2	0.0075179	0.18088	17	31320227	46607558	SLC4A1
del:17q21.2	del	17q21.2	0.0075179	0.18088	17	31320227	46607558	SMARCE1
del:17q21.2	del	17q21.2	0.0075179	0.18088	17	31320227	46607558	SP2
del:17q21.2	del	17q21.2	0.0075179	0.18088	17	31320227	46607558	STAT3
del:17q21.2	del	17q21.2	0.0075179	0.18088	17	31320227	46607558	STAT5A
del:17q21.2	del	17q21.2	0.0075179	0.18088	17	31320227	46607558	STAT5B
del:17q21.2	del	17q21.2	0.0075179	0.18088	17	31320227	46607558	TADA2A
del:17q21.2	del	17q21.2	0.0075179	0.18088	17	31320227	46607558	HNF1B
del:17q21.2	del	17q21.2	0.0075179	0.18088	17	31320227	46607558	MLX
del:17q21.2	del	17q21.2	0.0075179	0.18088	17	31320227	46607558	THRA
del:17q21.2	del	17q21.2	0.0075179	0.18088	17	31320227	46607558	TOP2A
del:17q21.2	del	17q21.2	0.0075179	0.18088	17	31320227	46607558	DNAJC7
del:17q21.2	del	17q21.2	0.0075179	0.18088	17	31320227	46607558	TUBG1
del:17q21.2	del	17q21.2	0.0075179	0.18088	17	31320227	46607558	UBTF
del:17q21.2	del	17q21.2	0.0075179	0.18088	17	31320227	46607558	WNT3
del:17q21.2	del	17q21.2	0.0075179	0.18088	17	31320227	46607558	WNT9B
del:17q21.2	del	17q21.2	0.0075179	0.18088	17	31320227	46607558	PCGF2
del:17q21.2	del	17q21.2	0.0075179	0.18088	17	31320227	46607558	TAF15
del:17q21.2	del	17q21.2	0.0075179	0.18088	17	31320227	46607558	RND2
del:17q21.2	del	17q21.2	0.0075179	0.18088	17	31320227	46607558	PIP4K2B
del:17q21.2	del	17q21.2	0.0075179	0.18088	17	31320227	46607558	CNTNAP1
del:17q21.2	del	17q21.2	0.0075179	0.18088	17	31320227	46607558	TCAP
del:17q21.2	del	17q21.2	0.0075179	0.18088	17	31320227	46607558	SKAP1
del:17q21.2	del	17q21.2	0.0075179	0.18088	17	31320227	46607558	AOC3
del:17q21.2	del	17q21.2	0.0075179	0.18088	17	31320227	46607558	BECN1
del:17q21.2	del	17q21.2	0.0075179	0.18088	17	31320227	46607558	KRT38
del:17q21.2	del	17q21.2	0.0075179	0.18088	17	31320227	46607558	KRT37
del:17q21.2	del	17q21.2	0.0075179	0.18088	17	31320227	46607558	KRT36
del:17q21.2	del	17q21.2	0.0075179	0.18088	17	31320227	46607558	HAP1
del:17q21.2	del	17q21.2	0.0075179	0.18088	17	31320227	46607558	MAP3K14
del:17q21.2	del	17q21.2	0.0075179	0.18088	17	31320227	46607558	ZNHIT3
del:17q21.2	del	17q21.2	0.0075179	0.18088	17	31320227	46607558	EFTUD2
del:17q21.2	del	17q21.2	0.0075179	0.18088	17	31320227	46607558	RPL23
del:17q21.2	del	17q21.2	0.0075179	0.18088	17	31320227	46607558	NPEPPS
del:17q21.2	del	17q21.2	0.0075179	0.18088	17	31320227	46607558	GOSR2
del:17q21.2	del	17q21.2	0.0075179	0.18088	17	31320227	46607558	NR1D1
del:17q21.2	del	17q21.2	0.0075179	0.18088	17	31320227	46607558	TBKBP1
del:17q21.2	del	17q21.2	0.0075179	0.18088	17	31320227	46607558	PLEKHM1
del:17q21.2	del	17q21.2	0.0075179	0.18088	17	31320227	46607558	MED24
del:17q21.2	del	17q21.2	0.0075179	0.18088	17	31320227	46607558	LRRC37A
del:17q21.2	del	17q21.2	0.0075179	0.18088	17	31320227	46607558	HDAC5
del:17q21.2	del	17q21.2	0.0075179	0.18088	17	31320227	46607558	GJC1
del:17q21.2	del	17q21.2	0.0075179	0.18088	17	31320227	46607558	PSME3
del:17q21.2	del	17q21.2	0.0075179	0.18088	17	31320227	46607558	EIF1
del:17q21.2	del	17q21.2	0.0075179	0.18088	17	31320227	46607558	NBR2
del:17q21.2	del	17q21.2	0.0075179	0.18088	17	31320227	46607558	RAMP2
del:17q21.2	del	17q21.2	0.0075179	0.18088	17	31320227	46607558	VAT1
del:17q21.2	del	17q21.2	0.0075179	0.18088	17	31320227	46607558	SC65
del:17q21.2	del	17q21.2	0.0075179	0.18088	17	31320227	46607558	HEXIM1
del:17q21.2	del	17q21.2	0.0075179	0.18088	17	31320227	46607558	CCT6B
del:17q21.2	del	17q21.2	0.0075179	0.18088	17	31320227	46607558	C1QL1
del:17q21.2	del	17q21.2	0.0075179	0.18088	17	31320227	46607558	RUNDC3A
del:17q21.2	del	17q21.2	0.0075179	0.18088	17	31320227	46607558	STARD3
del:17q21.2	del	17q21.2	0.0075179	0.18088	17	31320227	46607558	CBX1
del:17q21.2	del	17q21.2	0.0075179	0.18088	17	31320227	46607558	DDX52
del:17q21.2	del	17q21.2	0.0075179	0.18088	17	31320227	46607558	DUSP14
del:17q21.2	del	17q21.2	0.0075179	0.18088	17	31320227	46607558	SYNRG
del:17q21.2	del	17q21.2	0.0075179	0.18088	17	31320227	46607558	CASC3
del:17q21.2	del	17q21.2	0.0075179	0.18088	17	31320227	46607558	IKZF3
del:17q21.2	del	17q21.2	0.0075179	0.18088	17	31320227	46607558	GPATCH8
del:17q21.2	del	17q21.2	0.0075179	0.18088	17	31320227	46607558	KCNH4
del:17q21.2	del	17q21.2	0.0075179	0.18088	17	31320227	46607558	C17orf88
del:17q21.2	del	17q21.2	0.0075179	0.18088	17	31320227	46607558	KRT23
del:17q21.2	del	17q21.2	0.0075179	0.18088	17	31320227	46607558	AATF
del:17q21.2	del	17q21.2	0.0075179	0.18088	17	31320227	46607558	TUBG2
del:17q21.2	del	17q21.2	0.0075179	0.18088	17	31320227	46607558	NKIRAS2
del:17q21.2	del	17q21.2	0.0075179	0.18088	17	31320227	46607558	CCDC56
del:17q21.2	del	17q21.2	0.0075179	0.18088	17	31320227	46607558	PSMC3IP
del:17q21.2	del	17q21.2	0.0075179	0.18088	17	31320227	46607558	SNX11
del:17q21.2	del	17q21.2	0.0075179	0.18088	17	31320227	46607558	TBX21
del:17q21.2	del	17q21.2	0.0075179	0.18088	17	31320227	46607558	SOCS7
del:17q21.2	del	17q21.2	0.0075179	0.18088	17	31320227	46607558	SOST
del:17q21.2	del	17q21.2	0.0075179	0.18088	17	31320227	46607558	RAPGEFL1
del:17q21.2	del	17q21.2	0.0075179	0.18088	17	31320227	46607558	COPZ2
del:17q21.2	del	17q21.2	0.0075179	0.18088	17	31320227	46607558	ARL17A|51326|2of2
del:17q21.2	del	17q21.2	0.0075179	0.18088	17	31320227	46607558	SLC25A39
del:17q21.2	del	17q21.2	0.0075179	0.18088	17	31320227	46607558	HIGD1B
del:17q21.2	del	17q21.2	0.0075179	0.18088	17	31320227	46607558	CDK12
del:17q21.2	del	17q21.2	0.0075179	0.18088	17	31320227	46607558	KRT20
del:17q21.2	del	17q21.2	0.0075179	0.18088	17	31320227	46607558	NLE1
del:17q21.2	del	17q21.2	0.0075179	0.18088	17	31320227	46607558	FNDC8
del:17q21.2	del	17q21.2	0.0075179	0.18088	17	31320227	46607558	CWC25
del:17q21.2	del	17q21.2	0.0075179	0.18088	17	31320227	46607558	LRRC37A4
del:17q21.2	del	17q21.2	0.0075179	0.18088	17	31320227	46607558	SLFN12
del:17q21.2	del	17q21.2	0.0075179	0.18088	17	31320227	46607558	PNPO
del:17q21.2	del	17q21.2	0.0075179	0.18088	17	31320227	46607558	KLHL11
del:17q21.2	del	17q21.2	0.0075179	0.18088	17	31320227	46607558	GSDMB
del:17q21.2	del	17q21.2	0.0075179	0.18088	17	31320227	46607558	ATXN7L3
del:17q21.2	del	17q21.2	0.0075179	0.18088	17	31320227	46607558	PLXDC1
del:17q21.2	del	17q21.2	0.0075179	0.18088	17	31320227	46607558	LYZL6
del:17q21.2	del	17q21.2	0.0075179	0.18088	17	31320227	46607558	ARHGAP23
del:17q21.2	del	17q21.2	0.0075179	0.18088	17	31320227	46607558	FKBP10
del:17q21.2	del	17q21.2	0.0075179	0.18088	17	31320227	46607558	WNK4
del:17q21.2	del	17q21.2	0.0075179	0.18088	17	31320227	46607558	C17orf53
del:17q21.2	del	17q21.2	0.0075179	0.18088	17	31320227	46607558	TMUB2
del:17q21.2	del	17q21.2	0.0075179	0.18088	17	31320227	46607558	DHX58
del:17q21.2	del	17q21.2	0.0075179	0.18088	17	31320227	46607558	MMP28
del:17q21.2	del	17q21.2	0.0075179	0.18088	17	31320227	46607558	DHRS11
del:17q21.2	del	17q21.2	0.0075179	0.18088	17	31320227	46607558	PRR15L
del:17q21.2	del	17q21.2	0.0075179	0.18088	17	31320227	46607558	ACBD4
del:17q21.2	del	17q21.2	0.0075179	0.18088	17	31320227	46607558	DCAKD
del:17q21.2	del	17q21.2	0.0075179	0.18088	17	31320227	46607558	GGNBP2
del:17q21.2	del	17q21.2	0.0075179	0.18088	17	31320227	46607558	MRM1
del:17q21.2	del	17q21.2	0.0075179	0.18088	17	31320227	46607558	PLEKHH3
del:17q21.2	del	17q21.2	0.0075179	0.18088	17	31320227	46607558	DBF4B
del:17q21.2	del	17q21.2	0.0075179	0.18088	17	31320227	46607558	MYO19
del:17q21.2	del	17q21.2	0.0075179	0.18088	17	31320227	46607558	CDK5RAP3
del:17q21.2	del	17q21.2	0.0075179	0.18088	17	31320227	46607558	SP6
del:17q21.2	del	17q21.2	0.0075179	0.18088	17	31320227	46607558	COASY
del:17q21.2	del	17q21.2	0.0075179	0.18088	17	31320227	46607558	SRCIN1
del:17q21.2	del	17q21.2	0.0075179	0.18088	17	31320227	46607558	AARSD1
del:17q21.2	del	17q21.2	0.0075179	0.18088	17	31320227	46607558	KRTAP1-3
del:17q21.2	del	17q21.2	0.0075179	0.18088	17	31320227	46607558	KRTAP1-1
del:17q21.2	del	17q21.2	0.0075179	0.18088	17	31320227	46607558	KRTAP9-9
del:17q21.2	del	17q21.2	0.0075179	0.18088	17	31320227	46607558	KRTAP2-1
del:17q21.2	del	17q21.2	0.0075179	0.18088	17	31320227	46607558	TTC25
del:17q21.2	del	17q21.2	0.0075179	0.18088	17	31320227	46607558	KRTAP4-12
del:17q21.2	del	17q21.2	0.0075179	0.18088	17	31320227	46607558	KRTAP1-5
del:17q21.2	del	17q21.2	0.0075179	0.18088	17	31320227	46607558	KRTAP3-1
del:17q21.2	del	17q21.2	0.0075179	0.18088	17	31320227	46607558	KRTAP3-2
del:17q21.2	del	17q21.2	0.0075179	0.18088	17	31320227	46607558	KRTAP9-2
del:17q21.2	del	17q21.2	0.0075179	0.18088	17	31320227	46607558	KRTAP9-8
del:17q21.2	del	17q21.2	0.0075179	0.18088	17	31320227	46607558	KRTAP17-1
del:17q21.2	del	17q21.2	0.0075179	0.18088	17	31320227	46607558	PPP1R1B
del:17q21.2	del	17q21.2	0.0075179	0.18088	17	31320227	46607558	C17orf37
del:17q21.2	del	17q21.2	0.0075179	0.18088	17	31320227	46607558	MRPL45
del:17q21.2	del	17q21.2	0.0075179	0.18088	17	31320227	46607558	VPS25
del:17q21.2	del	17q21.2	0.0075179	0.18088	17	31320227	46607558	TMEM101
del:17q21.2	del	17q21.2	0.0075179	0.18088	17	31320227	46607558	GHDC
del:17q21.2	del	17q21.2	0.0075179	0.18088	17	31320227	46607558	KRTAP4-4
del:17q21.2	del	17q21.2	0.0075179	0.18088	17	31320227	46607558	TNS4
del:17q21.2	del	17q21.2	0.0075179	0.18088	17	31320227	46607558	FBXL20
del:17q21.2	del	17q21.2	0.0075179	0.18088	17	31320227	46607558	KRTAP9-4
del:17q21.2	del	17q21.2	0.0075179	0.18088	17	31320227	46607558	KRTAP4-1
del:17q21.2	del	17q21.2	0.0075179	0.18088	17	31320227	46607558	KRTAP4-5
del:17q21.2	del	17q21.2	0.0075179	0.18088	17	31320227	46607558	KRTAP4-3
del:17q21.2	del	17q21.2	0.0075179	0.18088	17	31320227	46607558	KRTAP4-2
del:17q21.2	del	17q21.2	0.0075179	0.18088	17	31320227	46607558	KRTAP3-3
del:17q21.2	del	17q21.2	0.0075179	0.18088	17	31320227	46607558	KRTAP2-4
del:17q21.2	del	17q21.2	0.0075179	0.18088	17	31320227	46607558	LOC90110
del:17q21.2	del	17q21.2	0.0075179	0.18088	17	31320227	46607558	LRRC46
del:17q21.2	del	17q21.2	0.0075179	0.18088	17	31320227	46607558	SCRN2
del:17q21.2	del	17q21.2	0.0075179	0.18088	17	31320227	46607558	LOC90586
del:17q21.2	del	17q21.2	0.0075179	0.18088	17	31320227	46607558	ZNF830
del:17q21.2	del	17q21.2	0.0075179	0.18088	17	31320227	46607558	SLFN11
del:17q21.2	del	17q21.2	0.0075179	0.18088	17	31320227	46607558	RASL10B
del:17q21.2	del	17q21.2	0.0075179	0.18088	17	31320227	46607558	G6PC3
del:17q21.2	del	17q21.2	0.0075179	0.18088	17	31320227	46607558	ASB16
del:17q21.2	del	17q21.2	0.0075179	0.18088	17	31320227	46607558	PGAP3
del:17q21.2	del	17q21.2	0.0075179	0.18088	17	31320227	46607558	HSPB9
del:17q21.2	del	17q21.2	0.0075179	0.18088	17	31320227	46607558	ORMDL3
del:17q21.2	del	17q21.2	0.0075179	0.18088	17	31320227	46607558	PLCD3
del:17q21.2	del	17q21.2	0.0075179	0.18088	17	31320227	46607558	TMEM106A
del:17q21.2	del	17q21.2	0.0075179	0.18088	17	31320227	46607558	OSBPL7
del:17q21.2	del	17q21.2	0.0075179	0.18088	17	31320227	46607558	NT5C3L
del:17q21.2	del	17q21.2	0.0075179	0.18088	17	31320227	46607558	RFFL
del:17q21.2	del	17q21.2	0.0075179	0.18088	17	31320227	46607558	ZPBP2
del:17q21.2	del	17q21.2	0.0075179	0.18088	17	31320227	46607558	C17orf46
del:17q21.2	del	17q21.2	0.0075179	0.18088	17	31320227	46607558	HEXIM2
del:17q21.2	del	17q21.2	0.0075179	0.18088	17	31320227	46607558	LSM12
del:17q21.2	del	17q21.2	0.0075179	0.18088	17	31320227	46607558	CCDC43
del:17q21.2	del	17q21.2	0.0075179	0.18088	17	31320227	46607558	CNTD1
del:17q21.2	del	17q21.2	0.0075179	0.18088	17	31320227	46607558	TMEM132E
del:17q21.2	del	17q21.2	0.0075179	0.18088	17	31320227	46607558	C17orf57
del:17q21.2	del	17q21.2	0.0075179	0.18088	17	31320227	46607558	MRPL10
del:17q21.2	del	17q21.2	0.0075179	0.18088	17	31320227	46607558	GJD3
del:17q21.2	del	17q21.2	0.0075179	0.18088	17	31320227	46607558	KRT222
del:17q21.2	del	17q21.2	0.0075179	0.18088	17	31320227	46607558	KRT40
del:17q21.2	del	17q21.2	0.0075179	0.18088	17	31320227	46607558	C17orf50
del:17q21.2	del	17q21.2	0.0075179	0.18088	17	31320227	46607558	SLFN13
del:17q21.2	del	17q21.2	0.0075179	0.18088	17	31320227	46607558	AMAC1
del:17q21.2	del	17q21.2	0.0075179	0.18088	17	31320227	46607558	UNC45B
del:17q21.2	del	17q21.2	0.0075179	0.18088	17	31320227	46607558	CD300LG
del:17q21.2	del	17q21.2	0.0075179	0.18088	17	31320227	46607558	KIF18B
del:17q21.2	del	17q21.2	0.0075179	0.18088	17	31320227	46607558	RUNDC1
del:17q21.2	del	17q21.2	0.0075179	0.18088	17	31320227	46607558	C17orf69
del:17q21.2	del	17q21.2	0.0075179	0.18088	17	31320227	46607558	WIPF2
del:17q21.2	del	17q21.2	0.0075179	0.18088	17	31320227	46607558	KRT25
del:17q21.2	del	17q21.2	0.0075179	0.18088	17	31320227	46607558	TMEM99
del:17q21.2	del	17q21.2	0.0075179	0.18088	17	31320227	46607558	SLFN5
del:17q21.2	del	17q21.2	0.0075179	0.18088	17	31320227	46607558	NAGS
del:17q21.2	del	17q21.2	0.0075179	0.18088	17	31320227	46607558	FAM134C
del:17q21.2	del	17q21.2	0.0075179	0.18088	17	31320227	46607558	IMP5
del:17q21.2	del	17q21.2	0.0075179	0.18088	17	31320227	46607558	KRT28
del:17q21.2	del	17q21.2	0.0075179	0.18088	17	31320227	46607558	KRT24
del:17q21.2	del	17q21.2	0.0075179	0.18088	17	31320227	46607558	SH3D20
del:17q21.2	del	17q21.2	0.0075179	0.18088	17	31320227	46607558	ARHGAP27
del:17q21.2	del	17q21.2	0.0075179	0.18088	17	31320227	46607558	RDM1
del:17q21.2	del	17q21.2	0.0075179	0.18088	17	31320227	46607558	GAS2L2
del:17q21.2	del	17q21.2	0.0075179	0.18088	17	31320227	46607558	STH
del:17q21.2	del	17q21.2	0.0075179	0.18088	17	31320227	46607558	C17orf66
del:17q21.2	del	17q21.2	0.0075179	0.18088	17	31320227	46607558	KIAA1267
del:17q21.2	del	17q21.2	0.0075179	0.18088	17	31320227	46607558	C17orf105
del:17q21.2	del	17q21.2	0.0075179	0.18088	17	31320227	46607558	FAM171A2
del:17q21.2	del	17q21.2	0.0075179	0.18088	17	31320227	46607558	C17orf104
del:17q21.2	del	17q21.2	0.0075179	0.18088	17	31320227	46607558	PIGW
del:17q21.2	del	17q21.2	0.0075179	0.18088	17	31320227	46607558	C17orf78
del:17q21.2	del	17q21.2	0.0075179	0.18088	17	31320227	46607558	LOC284100
del:17q21.2	del	17q21.2	0.0075179	0.18088	17	31320227	46607558	CISD3
del:17q21.2	del	17q21.2	0.0075179	0.18088	17	31320227	46607558	GSDMA
del:17q21.2	del	17q21.2	0.0075179	0.18088	17	31320227	46607558	PTRF
del:17q21.2	del	17q21.2	0.0075179	0.18088	17	31320227	46607558	KLHL10
del:17q21.2	del	17q21.2	0.0075179	0.18088	17	31320227	46607558	C17orf65
del:17q21.2	del	17q21.2	0.0075179	0.18088	17	31320227	46607558	MSL1
del:17q21.2	del	17q21.2	0.0075179	0.18088	17	31320227	46607558	KRT27
del:17q21.2	del	17q21.2	0.0075179	0.18088	17	31320227	46607558	SLFN12L
del:17q21.2	del	17q21.2	0.0075179	0.18088	17	31320227	46607558	SLFN14
del:17q21.2	del	17q21.2	0.0075179	0.18088	17	31320227	46607558	STAC2
del:17q21.2	del	17q21.2	0.0075179	0.18088	17	31320227	46607558	CCL14-CCL15
del:17q21.2	del	17q21.2	0.0075179	0.18088	17	31320227	46607558	KRT26
del:17q21.2	del	17q21.2	0.0075179	0.18088	17	31320227	46607558	CCL4L2|388372|2of2
del:17q21.2	del	17q21.2	0.0075179	0.18088	17	31320227	46607558	C17orf98
del:17q21.2	del	17q21.2	0.0075179	0.18088	17	31320227	46607558	LOC388387
del:17q21.2	del	17q21.2	0.0075179	0.18088	17	31320227	46607558	CCDC103
del:17q21.2	del	17q21.2	0.0075179	0.18088	17	31320227	46607558	RPRML
del:17q21.2	del	17q21.2	0.0075179	0.18088	17	31320227	46607558	ARL5C
del:17q21.2	del	17q21.2	0.0075179	0.18088	17	31320227	46607558	KRT39
del:17q21.2	del	17q21.2	0.0075179	0.18088	17	31320227	46607558	C17orf102
del:17q21.2	del	17q21.2	0.0075179	0.18088	17	31320227	46607558	MGC57346
del:17q21.2	del	17q21.2	0.0075179	0.18088	17	31320227	46607558	TBC1D3B
del:17q21.2	del	17q21.2	0.0075179	0.18088	17	31320227	46607558	TBC1D3C
del:17q21.2	del	17q21.2	0.0075179	0.18088	17	31320227	46607558	CCL3L3|414062|2of2
del:17q21.2	del	17q21.2	0.0075179	0.18088	17	31320227	46607558	GPR179
del:17q21.2	del	17q21.2	0.0075179	0.18088	17	31320227	46607558	LRRC37A2
del:17q21.2	del	17q21.2	0.0075179	0.18088	17	31320227	46607558	FBXO47
del:17q21.2	del	17q21.2	0.0075179	0.18088	17	31320227	46607558	SNORA21
del:17q21.2	del	17q21.2	0.0075179	0.18088	17	31320227	46607558	ARL17B
del:17q21.2	del	17q21.2	0.0075179	0.18088	17	31320227	46607558	LOC644172
del:17q21.2	del	17q21.2	0.0075179	0.18088	17	31320227	46607558	KRTAP4-11
del:17q21.2	del	17q21.2	0.0075179	0.18088	17	31320227	46607558	TBC1D3G
del:17q21.2	del	17q21.2	0.0075179	0.18088	17	31320227	46607558	SNORD7
del:17q21.2	del	17q21.2	0.0075179	0.18088	17	31320227	46607558	KRTAP4-8
del:17q21.2	del	17q21.2	0.0075179	0.18088	17	31320227	46607558	KRTAP2-2
del:17q21.2	del	17q21.2	0.0075179	0.18088	17	31320227	46607558	TBC1D3|729873|2of2
del:17q21.2	del	17q21.2	0.0075179	0.18088	17	31320227	46607558	TBC1D3H
del:17q21.2	del	17q21.2	0.0075179	0.18088	17	31320227	46607558	SNORD124
del:17q21.2	del	17q21.2	0.0075179	0.18088	17	31320227	46607558	LOC100128977
del:17q21.2	del	17q21.2	0.0075179	0.18088	17	31320227	46607558	LOC100130148
del:17q21.2	del	17q21.2	0.0075179	0.18088	17	31320227	46607558	LOC100130581
del:17q21.2	del	17q21.2	0.0075179	0.18088	17	31320227	46607558	KRTAP4-9
del:17q21.2	del	17q21.2	0.0075179	0.18088	17	31320227	46607558	KRTAP4-7
del:17q21.2	del	17q21.2	0.0075179	0.18088	17	31320227	46607558	LOC100133991
del:17q21.2	del	17q21.2	0.0075179	0.18088	17	31320227	46607558	C17orf96
del:17q21.2	del	17q21.2	0.0075179	0.18088	17	31320227	46607558	LOC100190938
del:17q21.2	del	17q21.2	0.0075179	0.18088	17	31320227	46607558	LOC100272146
del:12q24.31	del	12q24.31	0.063154	0.21034	12	104232805	133851895	hsa-mir-4304
del:12q24.31	del	12q24.31	0.063154	0.21034	12	104232805	133851895	hsa-mir-1302-1
del:12q24.31	del	12q24.31	0.063154	0.21034	12	104232805	133851895	hsa-mir-1178
del:12q24.31	del	12q24.31	0.063154	0.21034	12	104232805	133851895	hsa-mir-620
del:12q24.31	del	12q24.31	0.063154	0.21034	12	104232805	133851895	hsa-mir-619
del:12q24.31	del	12q24.31	0.063154	0.21034	12	104232805	133851895	ACACB
del:12q24.31	del	12q24.31	0.063154	0.21034	12	104232805	133851895	ACADS
del:12q24.31	del	12q24.31	0.063154	0.21034	12	104232805	133851895	ALDH2
del:12q24.31	del	12q24.31	0.063154	0.21034	12	104232805	133851895	ATP2A2
del:12q24.31	del	12q24.31	0.063154	0.21034	12	104232805	133851895	BCL7A
del:12q24.31	del	12q24.31	0.063154	0.21034	12	104232805	133851895	SCARB1
del:12q24.31	del	12q24.31	0.063154	0.21034	12	104232805	133851895	CMKLR1
del:12q24.31	del	12q24.31	0.063154	0.21034	12	104232805	133851895	COX6A1
del:12q24.31	del	12q24.31	0.063154	0.21034	12	104232805	133851895	CRY1
del:12q24.31	del	12q24.31	0.063154	0.21034	12	104232805	133851895	DAO
del:12q24.31	del	12q24.31	0.063154	0.21034	12	104232805	133851895	DTX1
del:12q24.31	del	12q24.31	0.063154	0.21034	12	104232805	133851895	EIF2B1
del:12q24.31	del	12q24.31	0.063154	0.21034	12	104232805	133851895	STX2
del:12q24.31	del	12q24.31	0.063154	0.21034	12	104232805	133851895	GOLGA3
del:12q24.31	del	12q24.31	0.063154	0.21034	12	104232805	133851895	GTF2H3
del:12q24.31	del	12q24.31	0.063154	0.21034	12	104232805	133851895	HPD
del:12q24.31	del	12q24.31	0.063154	0.21034	12	104232805	133851895	MMP17
del:12q24.31	del	12q24.31	0.063154	0.21034	12	104232805	133851895	MSI1
del:12q24.31	del	12q24.31	0.063154	0.21034	12	104232805	133851895	MVK
del:12q24.31	del	12q24.31	0.063154	0.21034	12	104232805	133851895	MYL2
del:12q24.31	del	12q24.31	0.063154	0.21034	12	104232805	133851895	NFYB
del:12q24.31	del	12q24.31	0.063154	0.21034	12	104232805	133851895	NOS1
del:12q24.31	del	12q24.31	0.063154	0.21034	12	104232805	133851895	OAS1
del:12q24.31	del	12q24.31	0.063154	0.21034	12	104232805	133851895	OAS2
del:12q24.31	del	12q24.31	0.063154	0.21034	12	104232805	133851895	OAS3
del:12q24.31	del	12q24.31	0.063154	0.21034	12	104232805	133851895	P2RX4
del:12q24.31	del	12q24.31	0.063154	0.21034	12	104232805	133851895	P2RX7
del:12q24.31	del	12q24.31	0.063154	0.21034	12	104232805	133851895	PEBP1
del:12q24.31	del	12q24.31	0.063154	0.21034	12	104232805	133851895	PLA2G1B
del:12q24.31	del	12q24.31	0.063154	0.21034	12	104232805	133851895	POLE
del:12q24.31	del	12q24.31	0.063154	0.21034	12	104232805	133851895	PPP1CC
del:12q24.31	del	12q24.31	0.063154	0.21034	12	104232805	133851895	PRKAB1
del:12q24.31	del	12q24.31	0.063154	0.21034	12	104232805	133851895	PSMD9
del:12q24.31	del	12q24.31	0.063154	0.21034	12	104232805	133851895	PTPN11
del:12q24.31	del	12q24.31	0.063154	0.21034	12	104232805	133851895	PXMP2
del:12q24.31	del	12q24.31	0.063154	0.21034	12	104232805	133851895	PXN
del:12q24.31	del	12q24.31	0.063154	0.21034	12	104232805	133851895	RAN
del:12q24.31	del	12q24.31	0.063154	0.21034	12	104232805	133851895	RFC5
del:12q24.31	del	12q24.31	0.063154	0.21034	12	104232805	133851895	RFX4
del:12q24.31	del	12q24.31	0.063154	0.21034	12	104232805	133851895	RPL6
del:12q24.31	del	12q24.31	0.063154	0.21034	12	104232805	133851895	RPLP0
del:12q24.31	del	12q24.31	0.063154	0.21034	12	104232805	133851895	CLIP1
del:12q24.31	del	12q24.31	0.063154	0.21034	12	104232805	133851895	ATXN2
del:12q24.31	del	12q24.31	0.063154	0.21034	12	104232805	133851895	SELPLG
del:12q24.31	del	12q24.31	0.063154	0.21034	12	104232805	133851895	SFRS8
del:12q24.31	del	12q24.31	0.063154	0.21034	12	104232805	133851895	TBX5
del:12q24.31	del	12q24.31	0.063154	0.21034	12	104232805	133851895	TBX3
del:12q24.31	del	12q24.31	0.063154	0.21034	12	104232805	133851895	HNF1A
del:12q24.31	del	12q24.31	0.063154	0.21034	12	104232805	133851895	TDG
del:12q24.31	del	12q24.31	0.063154	0.21034	12	104232805	133851895	HSP90B1
del:12q24.31	del	12q24.31	0.063154	0.21034	12	104232805	133851895	TXNRD1
del:12q24.31	del	12q24.31	0.063154	0.21034	12	104232805	133851895	UBC
del:12q24.31	del	12q24.31	0.063154	0.21034	12	104232805	133851895	UNG
del:12q24.31	del	12q24.31	0.063154	0.21034	12	104232805	133851895	ZNF10
del:12q24.31	del	12q24.31	0.063154	0.21034	12	104232805	133851895	ZNF26
del:12q24.31	del	12q24.31	0.063154	0.21034	12	104232805	133851895	ZNF84
del:12q24.31	del	12q24.31	0.063154	0.21034	12	104232805	133851895	ZNF140
del:12q24.31	del	12q24.31	0.063154	0.21034	12	104232805	133851895	CDK2AP1
del:12q24.31	del	12q24.31	0.063154	0.21034	12	104232805	133851895	BRAP
del:12q24.31	del	12q24.31	0.063154	0.21034	12	104232805	133851895	ULK1
del:12q24.31	del	12q24.31	0.063154	0.21034	12	104232805	133851895	RASAL1
del:12q24.31	del	12q24.31	0.063154	0.21034	12	104232805	133851895	MAPKAPK5
del:12q24.31	del	12q24.31	0.063154	0.21034	12	104232805	133851895	DENR
del:12q24.31	del	12q24.31	0.063154	0.21034	12	104232805	133851895	OASL
del:12q24.31	del	12q24.31	0.063154	0.21034	12	104232805	133851895	DYNLL1
del:12q24.31	del	12q24.31	0.063154	0.21034	12	104232805	133851895	SFRS9
del:12q24.31	del	12q24.31	0.063154	0.21034	12	104232805	133851895	HRK
del:12q24.31	del	12q24.31	0.063154	0.21034	12	104232805	133851895	GPR109B
del:12q24.31	del	12q24.31	0.063154	0.21034	12	104232805	133851895	HIP1R
del:12q24.31	del	12q24.31	0.063154	0.21034	12	104232805	133851895	PIWIL1
del:12q24.31	del	12q24.31	0.063154	0.21034	12	104232805	133851895	CABP1
del:12q24.31	del	12q24.31	0.063154	0.21034	12	104232805	133851895	NCOR2
del:12q24.31	del	12q24.31	0.063154	0.21034	12	104232805	133851895	WSCD2
del:12q24.31	del	12q24.31	0.063154	0.21034	12	104232805	133851895	SART3
del:12q24.31	del	12q24.31	0.063154	0.21034	12	104232805	133851895	KNTC1
del:12q24.31	del	12q24.31	0.063154	0.21034	12	104232805	133851895	MLEC
del:12q24.31	del	12q24.31	0.063154	0.21034	12	104232805	133851895	GIT2
del:12q24.31	del	12q24.31	0.063154	0.21034	12	104232805	133851895	NUAK1
del:12q24.31	del	12q24.31	0.063154	0.21034	12	104232805	133851895	RBM19
del:12q24.31	del	12q24.31	0.063154	0.21034	12	104232805	133851895	RNF10
del:12q24.31	del	12q24.31	0.063154	0.21034	12	104232805	133851895	SH2B3
del:12q24.31	del	12q24.31	0.063154	0.21034	12	104232805	133851895	ARPC3
del:12q24.31	del	12q24.31	0.063154	0.21034	12	104232805	133851895	MPHOSPH9
del:12q24.31	del	12q24.31	0.063154	0.21034	12	104232805	133851895	CAMKK2
del:12q24.31	del	12q24.31	0.063154	0.21034	12	104232805	133851895	ZNF268
del:12q24.31	del	12q24.31	0.063154	0.21034	12	104232805	133851895	TRAFD1
del:12q24.31	del	12q24.31	0.063154	0.21034	12	104232805	133851895	TMED2
del:12q24.31	del	12q24.31	0.063154	0.21034	12	104232805	133851895	ERP29
del:12q24.31	del	12q24.31	0.063154	0.21034	12	104232805	133851895	CKAP4
del:12q24.31	del	12q24.31	0.063154	0.21034	12	104232805	133851895	GCN1L1
del:12q24.31	del	12q24.31	0.063154	0.21034	12	104232805	133851895	SDS
del:12q24.31	del	12q24.31	0.063154	0.21034	12	104232805	133851895	RAB35
del:12q24.31	del	12q24.31	0.063154	0.21034	12	104232805	133851895	SNRNP35
del:12q24.31	del	12q24.31	0.063154	0.21034	12	104232805	133851895	PRDM4
del:12q24.31	del	12q24.31	0.063154	0.21034	12	104232805	133851895	CIT
del:12q24.31	del	12q24.31	0.063154	0.21034	12	104232805	133851895	PWP1
del:12q24.31	del	12q24.31	0.063154	0.21034	12	104232805	133851895	FICD
del:12q24.31	del	12q24.31	0.063154	0.21034	12	104232805	133851895	FZD10
del:12q24.31	del	12q24.31	0.063154	0.21034	12	104232805	133851895	MLXIP
del:12q24.31	del	12q24.31	0.063154	0.21034	12	104232805	133851895	RPH3A
del:12q24.31	del	12q24.31	0.063154	0.21034	12	104232805	133851895	P2RX2
del:12q24.31	del	12q24.31	0.063154	0.21034	12	104232805	133851895	FBXO21
del:12q24.31	del	12q24.31	0.063154	0.21034	12	104232805	133851895	SETD1B
del:12q24.31	del	12q24.31	0.063154	0.21034	12	104232805	133851895	ANKLE2
del:12q24.31	del	12q24.31	0.063154	0.21034	12	104232805	133851895	CUX2
del:12q24.31	del	12q24.31	0.063154	0.21034	12	104232805	133851895	KIAA1033
del:12q24.31	del	12q24.31	0.063154	0.21034	12	104232805	133851895	MED13L
del:12q24.31	del	12q24.31	0.063154	0.21034	12	104232805	133851895	SIRT4
del:12q24.31	del	12q24.31	0.063154	0.21034	12	104232805	133851895	ABCB9
del:12q24.31	del	12q24.31	0.063154	0.21034	12	104232805	133851895	ISCU
del:12q24.31	del	12q24.31	0.063154	0.21034	12	104232805	133851895	RIMBP2
del:12q24.31	del	12q24.31	0.063154	0.21034	12	104232805	133851895	ATP6V0A2
del:12q24.31	del	12q24.31	0.063154	0.21034	12	104232805	133851895	CORO1C
del:12q24.31	del	12q24.31	0.063154	0.21034	12	104232805	133851895	FBXW8
del:12q24.31	del	12q24.31	0.063154	0.21034	12	104232805	133851895	HSPB8
del:12q24.31	del	12q24.31	0.063154	0.21034	12	104232805	133851895	GPR81
del:12q24.31	del	12q24.31	0.063154	0.21034	12	104232805	133851895	IFT81
del:12q24.31	del	12q24.31	0.063154	0.21034	12	104232805	133851895	C12orf24
del:12q24.31	del	12q24.31	0.063154	0.21034	12	104232805	133851895	HCFC2
del:12q24.31	del	12q24.31	0.063154	0.21034	12	104232805	133851895	CHST11
del:12q24.31	del	12q24.31	0.063154	0.21034	12	104232805	133851895	GALNT9
del:12q24.31	del	12q24.31	0.063154	0.21034	12	104232805	133851895	GPN3
del:12q24.31	del	12q24.31	0.063154	0.21034	12	104232805	133851895	GLTP
del:12q24.31	del	12q24.31	0.063154	0.21034	12	104232805	133851895	C12orf47
del:12q24.31	del	12q24.31	0.063154	0.21034	12	104232805	133851895	ARL6IP4
del:12q24.31	del	12q24.31	0.063154	0.21034	12	104232805	133851895	TAOK3
del:12q24.31	del	12q24.31	0.063154	0.21034	12	104232805	133851895	POP5
del:12q24.31	del	12q24.31	0.063154	0.21034	12	104232805	133851895	ANAPC5
del:12q24.31	del	12q24.31	0.063154	0.21034	12	104232805	133851895	ANAPC7
del:12q24.31	del	12q24.31	0.063154	0.21034	12	104232805	133851895	TRIAP1
del:12q24.31	del	12q24.31	0.063154	0.21034	12	104232805	133851895	VPS29
del:12q24.31	del	12q24.31	0.063154	0.21034	12	104232805	133851895	TPCN1
del:12q24.31	del	12q24.31	0.063154	0.21034	12	104232805	133851895	SSH1
del:12q24.31	del	12q24.31	0.063154	0.21034	12	104232805	133851895	RHOF
del:12q24.31	del	12q24.31	0.063154	0.21034	12	104232805	133851895	VSIG10
del:12q24.31	del	12q24.31	0.063154	0.21034	12	104232805	133851895	TESC
del:12q24.31	del	12q24.31	0.063154	0.21034	12	104232805	133851895	RIC8B
del:12q24.31	del	12q24.31	0.063154	0.21034	12	104232805	133851895	APPL2
del:12q24.31	del	12q24.31	0.063154	0.21034	12	104232805	133851895	SBNO1
del:12q24.31	del	12q24.31	0.063154	0.21034	12	104232805	133851895	SVOP
del:12q24.31	del	12q24.31	0.063154	0.21034	12	104232805	133851895	ZCCHC8
del:12q24.31	del	12q24.31	0.063154	0.21034	12	104232805	133851895	POLR3B
del:12q24.31	del	12q24.31	0.063154	0.21034	12	104232805	133851895	CHFR
del:12q24.31	del	12q24.31	0.063154	0.21034	12	104232805	133851895	WSB2
del:12q24.31	del	12q24.31	0.063154	0.21034	12	104232805	133851895	DIABLO
del:12q24.31	del	12q24.31	0.063154	0.21034	12	104232805	133851895	PITPNM2
del:12q24.31	del	12q24.31	0.063154	0.21034	12	104232805	133851895	EP400
del:12q24.31	del	12q24.31	0.063154	0.21034	12	104232805	133851895	DHX37
del:12q24.31	del	12q24.31	0.063154	0.21034	12	104232805	133851895	FBRSL1
del:12q24.31	del	12q24.31	0.063154	0.21034	12	104232805	133851895	DDX55
del:12q24.31	del	12q24.31	0.063154	0.21034	12	104232805	133851895	TRPV4
del:12q24.31	del	12q24.31	0.063154	0.21034	12	104232805	133851895	LHX5
del:12q24.31	del	12q24.31	0.063154	0.21034	12	104232805	133851895	SUDS3
del:12q24.31	del	12q24.31	0.063154	0.21034	12	104232805	133851895	C12orf43
del:12q24.31	del	12q24.31	0.063154	0.21034	12	104232805	133851895	VPS33A
del:12q24.31	del	12q24.31	0.063154	0.21034	12	104232805	133851895	RSRC2
del:12q24.31	del	12q24.31	0.063154	0.21034	12	104232805	133851895	AACS
del:12q24.31	del	12q24.31	0.063154	0.21034	12	104232805	133851895	DDX54
del:12q24.31	del	12q24.31	0.063154	0.21034	12	104232805	133851895	NOC4L
del:12q24.31	del	12q24.31	0.063154	0.21034	12	104232805	133851895	B3GNT4
del:12q24.31	del	12q24.31	0.063154	0.21034	12	104232805	133851895	TCTN1
del:12q24.31	del	12q24.31	0.063154	0.21034	12	104232805	133851895	OGFOD2
del:12q24.31	del	12q24.31	0.063154	0.21034	12	104232805	133851895	VPS37B
del:12q24.31	del	12q24.31	0.063154	0.21034	12	104232805	133851895	C12orf49
del:12q24.31	del	12q24.31	0.063154	0.21034	12	104232805	133851895	TCTN2
del:12q24.31	del	12q24.31	0.063154	0.21034	12	104232805	133851895	NAA25
del:12q24.31	del	12q24.31	0.063154	0.21034	12	104232805	133851895	SLC24A6
del:12q24.31	del	12q24.31	0.063154	0.21034	12	104232805	133851895	RNF34
del:12q24.31	del	12q24.31	0.063154	0.21034	12	104232805	133851895	CCDC92
del:12q24.31	del	12q24.31	0.063154	0.21034	12	104232805	133851895	MTERFD3
del:12q24.31	del	12q24.31	0.063154	0.21034	12	104232805	133851895	PUS1
del:12q24.31	del	12q24.31	0.063154	0.21034	12	104232805	133851895	ACAD10
del:12q24.31	del	12q24.31	0.063154	0.21034	12	104232805	133851895	GLT8D2
del:12q24.31	del	12q24.31	0.063154	0.21034	12	104232805	133851895	KCTD10
del:12q24.31	del	12q24.31	0.063154	0.21034	12	104232805	133851895	SLC41A2
del:12q24.31	del	12q24.31	0.063154	0.21034	12	104232805	133851895	TCHP
del:12q24.31	del	12q24.31	0.063154	0.21034	12	104232805	133851895	COQ5
del:12q24.31	del	12q24.31	0.063154	0.21034	12	104232805	133851895	HVCN1
del:12q24.31	del	12q24.31	0.063154	0.21034	12	104232805	133851895	SRRM4
del:12q24.31	del	12q24.31	0.063154	0.21034	12	104232805	133851895	CCDC62
del:12q24.31	del	12q24.31	0.063154	0.21034	12	104232805	133851895	KDM2B
del:12q24.31	del	12q24.31	0.063154	0.21034	12	104232805	133851895	UNC119B
del:12q24.31	del	12q24.31	0.063154	0.21034	12	104232805	133851895	USP30
del:12q24.31	del	12q24.31	0.063154	0.21034	12	104232805	133851895	ORAI1
del:12q24.31	del	12q24.31	0.063154	0.21034	12	104232805	133851895	RNFT2
del:12q24.31	del	12q24.31	0.063154	0.21034	12	104232805	133851895	C12orf34
del:12q24.31	del	12q24.31	0.063154	0.21034	12	104232805	133851895	C12orf52
del:12q24.31	del	12q24.31	0.063154	0.21034	12	104232805	133851895	MGC14436
del:12q24.31	del	12q24.31	0.063154	0.21034	12	104232805	133851895	ANKRD13A
del:12q24.31	del	12q24.31	0.063154	0.21034	12	104232805	133851895	TMEM116
del:12q24.31	del	12q24.31	0.063154	0.21034	12	104232805	133851895	UBE3B
del:12q24.31	del	12q24.31	0.063154	0.21034	12	104232805	133851895	C12orf23
del:12q24.31	del	12q24.31	0.063154	0.21034	12	104232805	133851895	C12orf65
del:12q24.31	del	12q24.31	0.063154	0.21034	12	104232805	133851895	TMEM132C
del:12q24.31	del	12q24.31	0.063154	0.21034	12	104232805	133851895	CCDC64
del:12q24.31	del	12q24.31	0.063154	0.21034	12	104232805	133851895	SDSL
del:12q24.31	del	12q24.31	0.063154	0.21034	12	104232805	133851895	MGC16384
del:12q24.31	del	12q24.31	0.063154	0.21034	12	104232805	133851895	TMEM132B
del:12q24.31	del	12q24.31	0.063154	0.21034	12	104232805	133851895	IQCD
del:12q24.31	del	12q24.31	0.063154	0.21034	12	104232805	133851895	LOC116437
del:12q24.31	del	12q24.31	0.063154	0.21034	12	104232805	133851895	C12orf45
del:12q24.31	del	12q24.31	0.063154	0.21034	12	104232805	133851895	TMEM132D
del:12q24.31	del	12q24.31	0.063154	0.21034	12	104232805	133851895	SLC15A4
del:12q24.31	del	12q24.31	0.063154	0.21034	12	104232805	133851895	ASCL4
del:12q24.31	del	12q24.31	0.063154	0.21034	12	104232805	133851895	BTBD11
del:12q24.31	del	12q24.31	0.063154	0.21034	12	104232805	133851895	ALKBH2
del:12q24.31	del	12q24.31	0.063154	0.21034	12	104232805	133851895	FOXN4
del:12q24.31	del	12q24.31	0.063154	0.21034	12	104232805	133851895	SPPL3
del:12q24.31	del	12q24.31	0.063154	0.21034	12	104232805	133851895	BRI3BP
del:12q24.31	del	12q24.31	0.063154	0.21034	12	104232805	133851895	FAM101A
del:12q24.31	del	12q24.31	0.063154	0.21034	12	104232805	133851895	ZNF664
del:12q24.31	del	12q24.31	0.063154	0.21034	12	104232805	133851895	TMEM120B
del:12q24.31	del	12q24.31	0.063154	0.21034	12	104232805	133851895	WDR66
del:12q24.31	del	12q24.31	0.063154	0.21034	12	104232805	133851895	GLT1D1
del:12q24.31	del	12q24.31	0.063154	0.21034	12	104232805	133851895	RAD9B
del:12q24.31	del	12q24.31	0.063154	0.21034	12	104232805	133851895	FAM109A
del:12q24.31	del	12q24.31	0.063154	0.21034	12	104232805	133851895	LOC144742
del:12q24.31	del	12q24.31	0.063154	0.21034	12	104232805	133851895	ALDH1L2
del:12q24.31	del	12q24.31	0.063154	0.21034	12	104232805	133851895	PPTC7
del:12q24.31	del	12q24.31	0.063154	0.21034	12	104232805	133851895	CCDC63
del:12q24.31	del	12q24.31	0.063154	0.21034	12	104232805	133851895	CCDC60
del:12q24.31	del	12q24.31	0.063154	0.21034	12	104232805	133851895	PGAM5
del:12q24.31	del	12q24.31	0.063154	0.21034	12	104232805	133851895	RILPL2
del:12q24.31	del	12q24.31	0.063154	0.21034	12	104232805	133851895	DNAH10
del:12q24.31	del	12q24.31	0.063154	0.21034	12	104232805	133851895	PLBD2
del:12q24.31	del	12q24.31	0.063154	0.21034	12	104232805	133851895	LOC253724
del:12q24.31	del	12q24.31	0.063154	0.21034	12	104232805	133851895	LRRC43
del:12q24.31	del	12q24.31	0.063154	0.21034	12	104232805	133851895	TCP11L2
del:12q24.31	del	12q24.31	0.063154	0.21034	12	104232805	133851895	GPR133
del:12q24.31	del	12q24.31	0.063154	0.21034	12	104232805	133851895	MORN3
del:12q24.31	del	12q24.31	0.063154	0.21034	12	104232805	133851895	MYO1H
del:12q24.31	del	12q24.31	0.063154	0.21034	12	104232805	133851895	C12orf51
del:12q24.31	del	12q24.31	0.063154	0.21034	12	104232805	133851895	KSR2
del:12q24.31	del	12q24.31	0.063154	0.21034	12	104232805	133851895	NME2P1
del:12q24.31	del	12q24.31	0.063154	0.21034	12	104232805	133851895	GATC
del:12q24.31	del	12q24.31	0.063154	0.21034	12	104232805	133851895	C12orf27
del:12q24.31	del	12q24.31	0.063154	0.21034	12	104232805	133851895	DDX51
del:12q24.31	del	12q24.31	0.063154	0.21034	12	104232805	133851895	MMAB
del:12q24.31	del	12q24.31	0.063154	0.21034	12	104232805	133851895	GPR109A
del:12q24.31	del	12q24.31	0.063154	0.21034	12	104232805	133851895	TMEM119
del:12q24.31	del	12q24.31	0.063154	0.21034	12	104232805	133851895	LOC338799
del:12q24.31	del	12q24.31	0.063154	0.21034	12	104232805	133851895	EP400NL|347918|2of2
del:12q24.31	del	12q24.31	0.063154	0.21034	12	104232805	133851895	RILPL1
del:12q24.31	del	12q24.31	0.063154	0.21034	12	104232805	133851895	IL31
del:12q24.31	del	12q24.31	0.063154	0.21034	12	104232805	133851895	C12orf75
del:12q24.31	del	12q24.31	0.063154	0.21034	12	104232805	133851895	CCDC42B
del:12q24.31	del	12q24.31	0.063154	0.21034	12	104232805	133851895	TMEM233
del:12q24.31	del	12q24.31	0.063154	0.21034	12	104232805	133851895	SETD8
del:12q24.31	del	12q24.31	0.063154	0.21034	12	104232805	133851895	C12orf76
del:12q24.31	del	12q24.31	0.063154	0.21034	12	104232805	133851895	EID3
del:12q24.31	del	12q24.31	0.063154	0.21034	12	104232805	133851895	MAP1LC3B2
del:12q24.31	del	12q24.31	0.063154	0.21034	12	104232805	133851895	SNORA49
del:12q24.31	del	12q24.31	0.063154	0.21034	12	104232805	133851895	C12orf73
del:12q24.31	del	12q24.31	0.063154	0.21034	12	104232805	133851895	LOC100128554
del:12q24.31	del	12q24.31	0.063154	0.21034	12	104232805	133851895	LOC100130238
del:12q24.31	del	12q24.31	0.063154	0.21034	12	104232805	133851895	LOC100190940
del:12q24.31	del	12q24.31	0.063154	0.21034	12	104232805	133851895	NCRNA00173
del:12q24.31	del	12q24.31	0.063154	0.21034	12	104232805	133851895	ZNF605
